client_type,gender,country,region,acquisition_purpose,satisfaction_score,loan_applied,referral_channel,listing_id,tower_number,unit_category,unit_number,floor_area_sqft,sale_price,Age,Cluster
1,0,9,55,0,4,1,2,90343,9,0,40,1090.32,351419.29,58.0,2
1,0,9,55,0,4,1,2,4051,4,0,51,1608.84,496266.41,58.0,1
1,0,9,55,0,4,1,2,150099,15,0,15,522.71,175599.9,58.0,3
1,0,9,55,0,4,1,2,30432,3,0,50,713.67,223479.12,58.0,2
1,1,9,55,0,1,0,2,150044,15,0,6,938.57,299245.2,56.0,3
1,1,9,55,0,1,0,2,1045,1,0,45,756.21,248525.12,56.0,2
1,1,9,55,0,1,0,2,90285,9,0,36,1582.79,505127.63,56.0,1
1,1,9,55,0,1,0,2,200450,20,0,51,1062.33,336892.39,56.0,3
1,1,9,55,0,1,0,2,30377,3,0,46,1599.81,451305.59,56.0,1
1,1,9,55,0,4,1,0,10104,1,0,13,719.47,216874.97,67.0,2
1,1,9,55,0,4,1,0,70077,7,0,11,834.5,241300.36,67.0,2
1,1,9,55,0,4,1,0,180252,18,0,30,1795.66,584611.99,67.0,1
1,1,9,55,0,4,1,0,3036,3,0,36,1127.76,358525.59,67.0,2
1,1,9,55,0,4,1,0,120336,12,0,36,813.16,260144.68,67.0,3
1,1,9,55,0,5,0,2,4011,4,0,11,794.52,201518.89,56.0,2
1,1,9,55,0,5,0,2,4010,4,0,10,794.52,223917.34,56.0,2
1,1,9,55,0,5,0,2,190215,19,0,26,668.24,149009.73,56.0,3
1,1,9,55,0,5,0,2,20209,2,0,24,785.12,230107.73,56.0,2
1,1,9,55,0,5,0,2,130479,13,0,55,710.41,197075.07,56.0,3
1,1,9,55,0,5,0,2,80088,8,0,9,1869.81,606634.75,56.0,1
0,1,9,55,1,5,0,2,1019,1,0,19,827.87,239341.58,56.0,0
0,1,9,55,1,5,0,2,1014,1,0,14,743.09,206445.42,56.0,0
0,1,9,55,1,5,0,2,1037,1,0,37,756.21,189194.31,56.0,0
0,1,9,55,1,5,0,2,1028,1,0,28,1160.36,331154.88,56.0,0
0,1,9,55,1,5,0,2,200229,20,0,29,1844.16,628812.33,56.0,0
0,1,9,55,1,5,0,2,30156,3,0,18,706.68,229412.62,56.0,0
0,1,9,55,1,5,0,2,90074,9,0,12,952.38,254270.21,56.0,0
0,1,9,55,1,5,0,2,1042,1,0,42,625.8,204027.09,56.0,0
0,1,9,55,1,5,0,2,140302,14,0,35,1152.84,349684.96,56.0,0
0,1,9,55,1,5,0,2,1020,1,0,20,1160.36,398903.42,56.0,0
0,1,9,55,1,5,0,2,1022,1,0,22,743.09,210745.17,56.0,0
0,1,9,55,1,5,0,2,1034,1,0,34,625.8,204434.68,56.0,0
0,1,9,55,1,5,0,2,1013,1,0,13,756.21,206958.71,56.0,0
1,1,9,55,0,3,1,2,30238,3,0,27,1117.14,331813.63,69.0,2
1,1,9,55,0,3,1,2,90152,9,0,24,914.61,294158.67,69.0,2
1,1,9,55,0,3,1,2,5039,5,0,39,798.28,195874.94,69.0,2
1,1,9,55,0,3,1,2,200313,20,0,34,858.93,257252.42,69.0,3
1,1,9,55,0,3,1,2,140381,14,0,46,1258.99,435031.4,69.0,1
1,1,2,35,1,5,0,2,3006,3,0,6,1132.06,356506.37,56.0,2
1,1,2,35,1,5,0,2,200384,20,0,42,811.56,233649.53,56.0,3
1,1,2,35,1,5,0,2,2052,2,0,52,1615.29,484458.03,56.0,2
1,1,2,35,1,5,0,2,30313,3,0,38,1173.4,342236.84,56.0,2
1,1,2,35,1,5,0,2,90218,9,0,31,1052.27,326901.19,56.0,2
1,1,2,35,1,5,0,2,4025,4,0,25,733.19,236608.95,56.0,2
1,1,2,35,1,5,0,2,2027,2,0,27,785.48,247739.44,56.0,2
1,1,2,35,1,5,0,2,140451,14,0,53,1493.72,429874.58,56.0,1
1,1,2,35,1,5,0,2,2021,2,0,21,785.48,217748.48,56.0,2
1,1,2,35,1,5,0,2,2019,2,0,19,649.8,177555.06,56.0,2
1,1,2,35,1,5,0,2,3044,3,0,44,720.38,197869.36,56.0,2
1,0,9,55,0,5,0,2,4012,4,0,12,1121.95,290031.26,56.0,2
1,0,9,55,0,5,0,2,20211,2,0,24,785.12,234283.57,56.0,2
1,0,9,55,0,5,0,2,130481,13,0,55,710.41,215193.49,56.0,3
1,0,9,55,0,5,0,2,190217,19,1,26,668.24,199931.08,56.0,3
1,0,9,55,0,5,0,2,80090,8,0,9,1869.81,537291.01,56.0,1
1,1,9,55,1,5,0,0,2006,2,0,6,1307.45,396973.83,50.0,2
1,1,9,55,1,5,0,0,2004,2,0,4,649.69,168834.04,50.0,2
1,1,9,55,1,5,0,0,60218,6,1,20,1897.17,468592.51,50.0,1
1,1,9,55,1,5,0,0,120002,12,0,1,839.95,205528.92,50.0,3
1,1,9,55,1,5,0,0,170384,17,0,48,1833.96,580903.05,50.0,1
1,1,9,31,1,3,0,0,20188,2,0,22,653.41,217830.91,56.0,2
1,1,9,31,1,3,0,0,80069,8,0,8,1552.34,479097.62,56.0,1
1,1,9,31,1,3,0,0,190193,19,1,23,1592.45,480540.62,56.0,1
1,1,9,31,1,3,0,0,130455,13,0,51,1253.03,340333.17,56.0,1
1,1,9,31,1,3,0,0,2047,2,0,47,649.8,214631.68,56.0,2
1,0,9,55,0,2,1,2,140356,14,0,43,520.49,152118.46,56.0,3
1,0,9,55,0,2,1,2,90121,9,0,18,860.97,244266.24,56.0,2
1,0,9,55,0,2,1,2,30209,3,1,23,924.21,248050.0,56.0,2
1,0,9,55,0,2,1,2,200285,20,0,32,1630.81,473195.39,56.0,1
1,0,9,55,0,2,1,2,1038,1,0,38,743.09,207581.43,56.0,2
0,1,9,55,1,5,0,2,2038,2,0,38,1604.75,529317.28,56.0,0
0,1,9,55,1,5,0,2,50163,5,0,22,1059.78,306987.24,56.0,0
0,1,9,55,1,5,0,2,110050,11,0,6,1724.08,516397.54,56.0,0
0,1,9,55,1,5,0,2,160275,16,0,33,881.17,246824.34,56.0,0
1,1,9,55,0,1,1,2,1017,1,0,17,1434.09,432679.91,63.0,2
1,1,9,55,0,1,1,2,70065,7,0,10,1495.37,457007.6,63.0,1
1,1,9,55,0,1,1,2,180240,18,0,30,1795.66,562818.96,63.0,1
1,1,9,55,0,1,1,2,120319,12,0,35,1690.62,512688.27,63.0,1
1,1,9,55,0,1,1,2,10091,1,0,12,621.14,177556.15,63.0,2
0,1,9,55,0,3,1,2,30485,3,0,57,1607.94,531267.61,46.0,0
0,1,9,55,0,3,1,2,150155,15,0,20,1662.01,441368.29,46.0,0
0,1,9,55,0,3,1,2,2001,2,0,1,587.28,169158.29,46.0,0
0,1,9,55,0,3,1,2,90401,9,0,48,1264.94,406345.88,46.0,0
1,0,9,55,0,5,0,1,2013,2,0,13,785.48,236639.56,56.0,2
1,0,9,55,0,5,0,1,70422,7,0,49,1383.05,426442.43,56.0,1
1,0,9,55,0,5,0,1,20027,2,0,3,645.84,169113.16,56.0,2
1,0,9,55,0,5,0,1,130279,13,0,32,1114.07,357213.9,56.0,3
1,0,9,55,0,5,0,1,190018,19,0,4,1225.38,396498.32,56.0,3
1,0,9,55,1,5,0,2,90474,9,0,58,838.34,287917.8,86.0,2
1,0,9,55,1,5,0,2,1016,1,0,16,782.25,224076.84,86.0,2
1,0,9,55,1,5,0,2,150233,15,0,26,961.01,267093.52,86.0,3
1,0,9,55,1,5,0,2,40047,4,0,5,786.98,231129.57,86.0,2
1,1,9,1,0,3,0,1,3020,3,0,20,781.07,258572.48,49.0,2
1,1,9,1,0,3,0,1,110162,11,0,17,1946.06,568732.24,49.0,1
1,1,9,1,0,3,0,1,50274,5,0,36,627.56,183173.08,49.0,2
1,1,9,1,0,3,0,1,160371,16,1,42,1496.62,457384.74,49.0,1
1,1,9,1,0,3,0,1,3029,3,0,29,1127.76,310831.21,49.0,2
1,1,9,55,0,2,1,0,180064,18,0,7,505.94,170848.18,59.0,3
1,1,9,55,0,2,1,0,2046,2,0,46,928.16,253831.02,59.0,2
1,1,9,55,0,2,1,0,120142,12,0,16,1523.02,461655.95,59.0,1
1,1,9,55,0,2,1,0,60341,6,0,38,698.21,175143.52,59.0,2
1,1,9,55,0,5,1,1,150393,15,1,50,1841.5,579649.56,68.0,1
1,1,9,55,0,5,1,1,100087,10,1,11,1675.44,599245.34,68.0,1
1,1,9,55,0,5,1,1,3041,3,0,41,781.07,239248.75,68.0,2
1,1,9,55,0,5,1,1,40199,4,0,25,1310.16,355330.61,68.0,2
1,0,9,55,0,5,0,2,90399,9,0,48,1264.94,408862.02,56.0,1
1,0,9,55,0,5,0,2,30483,3,0,56,1179.42,282867.04,56.0,2
1,0,9,55,0,5,0,2,4018,4,0,18,1121.95,310832.59,56.0,2
1,0,9,55,0,5,0,2,150152,15,0,20,1662.01,505470.6,56.0,1
1,1,9,31,1,3,0,2,3012,3,0,12,781.07,210824.06,88.0,2
1,1,9,31,1,3,0,2,3048,3,0,48,781.07,249075.66,88.0,2
1,1,9,31,1,3,0,2,130334,13,0,37,1555.67,540337.18,88.0,1
1,1,9,31,1,3,0,2,20078,2,0,9,584.19,183083.45,88.0,2
1,1,9,31,1,3,0,2,70475,7,0,55,601.23,189238.02,88.0,2
1,1,9,31,1,3,0,2,190073,19,0,11,1869.93,555614.35,88.0,1
1,1,5,34,1,5,0,0,120060,12,0,7,1179.99,309402.26,56.0,3
1,1,5,34,1,5,0,0,3017,3,0,17,743.41,205098.21,56.0,2
1,1,5,34,1,5,0,0,60273,6,0,29,1691.02,453294.55,56.0,1
1,1,5,34,1,5,0,0,170437,17,0,51,1375.52,404608.18,56.0,1
1,1,9,55,0,3,1,2,2018,2,0,18,927.83,275394.25,67.0,2
1,1,9,55,0,3,1,2,200126,20,0,16,645.44,189004.45,67.0,3
1,1,9,55,0,3,1,2,140204,14,0,22,1148.66,371392.04,67.0,3
1,1,9,55,0,3,1,2,80463,8,0,55,1300.05,408265.89,67.0,1
1,1,9,55,0,3,1,2,30042,3,0,4,719.96,213815.06,67.0,2
1,1,9,55,1,4,0,2,3001,3,0,1,579.75,171262.65,62.0,2
1,1,9,55,1,4,0,2,100045,10,0,5,1741.96,560195.06,62.0,1
1,1,9,55,1,4,0,2,3043,3,0,43,1128.4,299159.14,62.0,2
1,1,9,55,1,4,0,2,2014,2,0,14,1109.25,336695.25,62.0,2
1,1,9,55,1,4,0,2,40141,4,0,17,780.68,216907.86,62.0,2
1,1,9,55,1,4,0,2,150345,15,0,40,982.37,299936.94,62.0,3
1,1,9,18,0,2,1,2,190396,19,0,44,982.8,330860.72,56.0,3
1,1,9,18,0,2,1,2,140067,14,0,9,803.5,240826.44,56.0,3
1,1,9,18,0,2,1,2,20388,2,0,46,697.74,191730.36,56.0,2
1,1,9,18,0,2,1,2,1033,1,0,33,1434.09,412856.56,56.0,2
1,1,9,18,0,2,1,2,80293,8,0,34,1684.75,518174.75,56.0,1
1,1,9,55,1,5,0,2,90201,9,0,29,1426.22,414854.52,56.0,1
1,1,9,55,1,5,0,2,80365,8,0,43,1490.59,436987.95,56.0,1
1,1,9,55,1,5,0,2,200362,20,0,40,428.03,123001.89,56.0,3
1,1,9,55,1,5,0,2,5027,5,0,27,798.28,269075.3,56.0,2
1,1,9,55,1,5,0,2,20451,2,0,52,914.01,314302.72,56.0,2
1,1,9,55,1,5,0,2,140121,14,0,13,442.74,134015.89,56.0,3
1,1,9,55,1,5,0,2,200035,20,0,3,1645.93,383399.62,56.0,1
1,1,9,55,1,5,0,2,30296,3,1,36,733.45,251482.95,56.0,2
1,1,9,55,1,5,0,2,140430,14,0,51,1346.3,381543.59,56.0,1
1,1,9,55,1,5,0,2,5028,5,0,28,798.28,223577.32,56.0,2
1,1,9,55,0,5,1,2,1012,1,0,12,1160.36,300385.62,57.0,2
1,1,9,55,0,5,1,2,10249,1,0,29,757.2,210864.95,57.0,2
1,1,9,55,0,5,1,2,70228,7,0,25,573.8,181396.76,57.0,2
1,1,9,55,0,5,1,2,130072,13,1,8,1449.43,427086.44,57.0,1
1,1,9,55,0,5,1,2,180412,18,1,46,1410.38,398235.67,57.0,1
1,0,9,55,0,3,0,1,30285,3,0,34,768.76,266133.71,56.0,2
1,0,9,55,0,3,0,1,2035,2,0,35,785.48,192092.24,56.0,2
1,0,9,55,0,3,0,1,90189,9,1,28,1931.82,512682.59,56.0,1
1,0,9,55,0,3,0,1,140417,14,0,51,1346.3,432797.51,56.0,1
1,0,9,55,0,3,0,1,200349,20,0,38,1499.47,387376.74,56.0,1
1,0,9,3,0,4,1,0,100431,10,1,50,1138.32,410549.3,56.0,1
1,0,9,3,0,4,1,0,50117,5,0,15,1050.95,286511.17,56.0,2
1,0,9,3,0,4,1,0,160225,16,0,27,1164.55,361991.73,56.0,3
1,0,9,3,0,4,1,0,5013,5,0,13,618.38,188743.11,56.0,2
1,0,9,18,0,3,0,2,100052,10,0,5,1741.96,545645.2,56.0,1
1,0,9,18,0,3,0,2,40151,4,0,18,1294.91,432835.22,56.0,2
1,0,9,18,0,3,0,2,1040,1,0,40,782.25,234172.39,56.0,2
1,0,9,18,0,3,0,2,150353,15,0,42,1298.37,334658.48,56.0,3
1,1,9,18,0,4,1,2,140160,14,1,17,686.6,258061.02,56.0,3
1,1,9,18,0,4,1,2,5051,5,0,51,790.54,249591.99,56.0,2
1,1,9,18,0,4,1,2,200074,20,0,9,576.96,189223.75,56.0,3
1,1,9,18,0,4,1,2,80409,8,0,47,543.08,143682.52,56.0,2
1,1,9,18,0,4,1,2,20487,2,0,57,789.52,236588.93,56.0,2
1,1,9,55,0,4,0,2,180398,18,1,45,1627.52,490429.65,59.0,1
1,1,9,55,0,4,0,2,130061,13,0,6,1240.96,341255.51,59.0,1
1,1,9,55,0,4,0,2,70212,7,0,23,1222.69,353560.25,59.0,2
1,1,9,55,0,4,0,2,3038,3,0,38,1596.35,464549.19,59.0,2
1,1,9,55,0,4,0,2,10237,1,0,27,725.12,239200.56,59.0,2
1,0,9,55,0,3,1,2,110271,11,0,32,1285.87,335848.08,56.0,1
1,0,9,55,0,3,1,2,50388,5,0,46,1272.95,363708.24,56.0,2
1,0,9,55,0,3,1,2,170082,17,1,10,1059.07,328477.73,56.0,3
1,0,9,55,0,3,1,2,2051,2,0,51,1383.84,376964.62,56.0,2
1,0,1,54,0,2,0,0,10309,1,0,33,827.74,242694.53,56.0,2
1,0,1,54,0,2,0,0,180469,18,0,53,1806.7,508462.97,56.0,1
1,0,1,54,0,2,0,0,130136,13,0,16,1772.88,478656.41,56.0,1
1,0,1,54,0,2,0,0,70293,7,0,35,613.21,187384.47,56.0,2
1,0,1,54,0,2,0,0,1032,1,0,32,782.25,215410.28,56.0,2
1,1,6,16,0,3,0,0,3049,3,0,49,1283.45,338181.18,61.0,2
1,1,6,16,0,3,0,0,10339,1,0,36,613.59,190023.11,61.0,2
1,1,6,16,0,3,0,0,180489,18,0,54,1756.12,492343.42,61.0,1
1,1,6,16,0,3,0,0,70319,7,0,38,1755.26,427360.08,61.0,1
1,1,6,16,0,3,0,0,130157,13,0,18,1820.34,539968.61,61.0,1
1,1,9,55,0,4,0,2,40410,4,0,47,805.88,216571.38,52.0,2
1,1,9,55,0,4,0,2,160070,16,0,8,986.18,339537.58,52.0,3
1,1,9,55,0,4,0,2,1026,1,0,26,625.8,179674.08,52.0,2
1,1,9,55,0,4,0,2,100292,10,0,34,1435.44,437900.49,52.0,1
1,0,9,55,0,5,1,2,70432,7,0,50,502.02,156463.31,56.0,2
1,0,9,55,0,5,1,2,2020,2,0,20,785.48,241671.52,56.0,2
1,0,9,55,0,5,1,2,20038,2,0,4,1281.85,391902.09,56.0,2
1,0,9,55,0,5,1,2,130289,13,0,32,1114.07,335123.96,56.0,3
1,0,9,55,0,5,1,2,190027,19,0,5,1408.42,482067.87,56.0,1
1,0,9,55,1,4,0,1,3031,3,0,31,1596.35,407214.29,56.0,2
1,0,9,55,1,4,0,1,50218,5,0,29,786.28,220273.72,56.0,2
1,0,9,55,1,4,0,1,110107,11,1,13,474.93,140439.73,56.0,3
1,0,9,55,1,4,0,1,160332,16,0,39,1562.93,407201.53,56.0,1
1,0,7,14,0,1,0,0,30484,3,0,57,1607.94,626247.03,56.0,1
1,0,7,14,0,1,0,0,2025,2,0,25,927.83,315733.15,56.0,2
1,0,7,14,0,1,0,0,90400,9,0,48,1264.94,388635.18,56.0,1
1,0,7,14,0,1,0,0,150154,15,1,20,1662.01,527912.18,56.0,1
1,1,9,18,0,5,0,2,2029,2,0,29,1109.25,310223.29,56.0,2
1,1,9,18,0,5,0,2,20102,2,0,11,1625.05,507842.87,56.0,1
1,1,9,18,0,5,0,2,3015,3,0,15,720.7,207281.59,56.0,2
1,1,9,18,0,5,0,2,130366,13,0,40,571.5,157697.13,56.0,3
1,1,9,18,0,5,0,2,190098,19,0,14,630.47,186144.12,56.0,3
1,1,9,18,0,5,0,2,70500,7,0,58,1629.83,485419.29,56.0,1
1,1,9,1,0,1,1,2,1003,1,1,3,717.05,193660.62,56.0,2
1,1,9,1,0,1,1,2,70336,7,0,40,1138.18,381828.88,56.0,2
1,1,9,1,0,1,1,2,130183,13,1,20,516.72,197033.27,56.0,3
1,1,9,1,0,1,1,2,10357,1,0,38,1355.85,405898.92,56.0,2
1,1,9,1,0,1,1,2,180513,18,0,57,636.39,196039.1,56.0,3
1,0,9,43,0,1,1,2,3033,3,0,33,670.89,200300.63,50.0,2
1,0,9,43,0,1,1,2,40268,4,1,31,793.1,257496.93,50.0,2
1,0,9,43,0,1,1,2,100166,10,0,21,1251.45,364280.42,50.0,1
1,0,9,43,0,1,1,2,150460,15,0,56,939.93,279312.27,50.0,3
1,1,9,18,1,3,1,2,40057,4,0,5,786.98,185668.22,61.0,2
1,1,9,18,1,3,1,2,150247,15,0,30,1523.22,467216.3,61.0,1
1,1,9,18,1,3,1,2,2048,2,0,48,785.48,220865.0,61.0,2
1,1,9,18,1,3,1,2,90487,9,0,58,838.34,252742.94,61.0,2
1,0,9,1,0,3,0,2,3025,3,0,25,923.21,296483.14,56.0,2
1,0,9,1,0,3,0,2,110229,11,0,28,868.85,269172.9,56.0,3
1,0,9,1,0,3,0,2,170041,17,0,5,1829.38,519866.77,56.0,1
1,0,9,1,0,3,0,2,50349,5,0,44,806.03,244970.45,56.0,2
1,1,9,3,1,2,0,0,130440,13,0,48,1728.84,592737.69,57.0,1
1,1,9,3,1,2,0,0,190173,19,0,21,477.75,150401.04,57.0,3
1,1,9,3,1,2,0,0,80055,8,0,5,887.23,272174.29,57.0,2
1,1,9,3,1,2,0,0,20169,2,0,20,727.55,249065.14,57.0,2
1,1,9,3,1,2,0,0,2017,2,0,17,747.5,199054.2,57.0,2
1,0,9,55,0,5,0,1,20484,2,0,56,722.22,197039.82,56.0,2
1,0,9,55,0,5,0,1,100176,10,0,23,912.32,283901.3,56.0,2
1,0,9,55,0,5,0,1,4049,4,0,49,1336.93,388515.14,56.0,2
1,0,9,55,0,5,0,1,40278,4,0,33,734.73,189152.52,56.0,2
1,0,9,55,0,5,0,1,140157,14,0,16,915.37,295485.71,56.0,3
1,0,9,55,0,5,0,1,150472,15,0,57,429.34,145693.65,56.0,3
1,0,9,55,0,5,0,1,200069,20,0,8,1268.45,367661.21,56.0,3
1,0,9,55,0,5,0,1,80404,8,0,47,543.08,159068.05,56.0,2
1,1,9,3,0,2,0,0,80328,8,0,37,890.65,269637.9,56.0,2
1,1,9,3,0,2,0,0,4013,4,0,13,733.19,197053.51,56.0,2
1,1,9,3,0,2,0,0,20415,2,0,47,708.32,214449.87,56.0,2
1,1,9,3,0,2,0,0,140089,14,0,11,1431.42,459403.88,56.0,1
1,1,9,3,0,2,0,0,190424,19,0,49,1004.26,297694.12,56.0,3
1,1,9,55,0,3,1,0,110015,11,0,2,938.0,292903.12,56.0,3
1,1,9,55,0,3,1,0,2032,2,0,32,927.83,306878.46,56.0,2
1,1,9,55,0,3,1,0,50130,5,0,17,798.74,245892.17,56.0,2
1,1,9,55,0,3,1,0,160242,16,0,28,1440.71,493044.25,56.0,1
1,0,9,55,0,1,0,2,5033,5,0,33,798.28,240539.35,56.0,2
1,0,9,55,0,1,0,2,180051,18,0,6,840.25,252877.62,56.0,3
1,0,9,55,0,1,0,2,60334,6,0,37,1721.96,533120.65,56.0,1
1,0,9,55,0,1,0,2,120130,12,0,15,1456.98,363553.58,56.0,1
1,1,9,55,0,5,0,2,20025,2,0,3,645.84,197536.0,86.0,2
1,1,9,55,0,5,0,2,180212,18,0,27,650.82,182266.87,86.0,3
1,1,9,55,0,5,0,2,130278,13,1,32,1114.07,315459.54,86.0,3
1,1,9,55,0,5,0,2,70420,7,0,49,1383.05,486685.38,86.0,1
1,1,9,55,0,5,0,2,10062,1,0,8,763.88,230960.93,86.0,2
1,1,9,55,0,5,0,2,1024,1,0,24,782.25,235762.34,86.0,2
1,1,9,55,0,5,0,2,120290,12,0,33,1232.2,392338.13,86.0,1
1,1,9,55,0,5,0,2,190016,19,0,4,1225.38,344641.4,86.0,3
1,1,9,55,0,5,0,2,70026,7,0,5,1144.09,358801.76,86.0,2
1,0,9,3,0,3,0,0,150424,15,0,53,696.04,214855.74,85.0,3
1,0,9,3,0,3,0,0,100116,10,0,15,1948.32,564388.0,85.0,1
1,0,9,3,0,3,0,0,40229,4,0,26,790.05,261614.9,85.0,2
1,0,9,3,0,3,0,0,2037,2,0,37,723.83,229581.78,85.0,2
1,0,9,31,1,2,0,1,5016,5,0,16,798.5,278575.87,59.0,2
1,0,9,31,1,2,0,1,160369,16,0,42,1496.62,450818.61,59.0,1
1,0,9,31,1,2,0,1,50269,5,0,36,627.56,189545.13,59.0,2
1,0,9,31,1,2,0,1,110158,11,0,16,1829.02,555271.92,59.0,1
1,1,9,1,0,4,0,0,100123,10,0,16,1169.15,368589.72,72.0,1
1,1,9,1,0,4,0,0,150428,15,0,53,696.04,190081.1,72.0,3
1,1,9,1,0,4,0,0,3013,3,0,13,781.07,253025.78,72.0,2
1,1,9,1,0,4,0,0,40235,4,0,28,1070.72,308842.84,72.0,2
0,1,9,18,1,5,0,2,10222,1,0,25,1154.92,384462.57,56.0,0
0,1,9,18,1,5,0,2,990000,1,1,10,800.96,264142.16,56.0,3
0,1,9,18,1,5,0,2,130044,13,0,3,979.64,310865.62,56.0,0
0,1,9,18,1,5,0,2,1009,1,1,9,1200.82,317196.4,56.0,0
0,1,9,18,1,5,0,2,180388,18,1,44,1334.77,435374.92,56.0,0
0,1,9,18,1,5,0,2,70201,7,1,23,1222.69,397235.93,56.0,0
1,0,9,55,0,5,1,0,50137,5,0,18,1267.03,348464.51,53.0,2
1,0,9,55,0,5,1,0,160248,16,0,29,489.49,163436.83,53.0,3
1,0,9,55,0,5,1,0,2044,2,0,44,722.96,250773.15,53.0,2
1,0,9,55,0,5,1,0,110021,11,0,3,1479.84,416304.72,53.0,1
1,1,9,31,1,5,0,0,110514,11,1,61,1299.46,407363.8,61.0,1
1,1,9,31,1,5,0,0,2040,2,0,40,649.8,224463.87,61.0,2
1,1,9,31,1,5,0,0,170328,17,0,40,1583.13,387637.86,61.0,1
1,1,9,31,1,5,0,0,60165,6,0,14,1890.0,559835.83,61.0,1
1,1,9,55,0,4,1,0,200214,20,1,26,1941.62,583770.52,93.0,1
1,1,9,55,0,4,1,0,90058,9,0,10,1172.34,311743.31,93.0,2
1,1,9,55,0,4,1,0,30143,3,0,14,788.59,243606.31,93.0,2
1,1,9,55,0,4,1,0,140289,14,0,33,1894.96,589905.02,93.0,1
1,1,9,55,0,4,1,0,3052,3,0,52,923.21,291494.36,93.0,2
0,0,9,55,1,1,1,2,1007,1,0,7,775.69,250312.53,57.0,0
0,0,9,55,1,1,1,2,40373,4,0,44,799.67,236051.3,57.0,0
0,0,9,55,1,1,1,2,160041,16,0,5,749.15,214745.32,57.0,0
0,0,9,55,1,1,1,2,1008,1,1,8,775.69,246050.4,57.0,0
0,0,9,55,1,1,1,2,100262,10,1,31,1499.0,494246.62,57.0,0
1,1,9,55,0,2,0,2,60309,6,0,34,1353.81,306734.4,56.0,2
1,1,9,55,0,2,0,2,120104,12,0,13,1394.03,488077.62,56.0,1
1,1,9,55,0,2,0,2,180020,18,1,3,524.48,129489.0,56.0,3
1,1,9,55,0,2,0,2,3022,3,0,22,1137.44,354553.23,56.0,2
1,0,9,55,0,5,0,2,4005,4,0,5,1121.95,344530.89,54.0,2
1,0,9,55,0,5,0,2,40215,4,0,26,790.05,277760.89,54.0,2
1,0,9,55,0,5,0,2,100102,10,0,13,876.79,247809.36,54.0,2
1,0,9,55,0,5,0,2,150407,15,0,51,1689.08,485561.11,54.0,1
1,1,9,43,0,5,0,0,4041,4,0,41,1305.62,402081.8,59.0,2
1,1,9,43,0,5,0,0,110420,11,0,49,1095.85,292610.53,59.0,3
1,1,9,43,0,5,0,0,170227,17,0,26,929.59,282131.87,59.0,3
1,1,9,43,0,5,0,0,60076,6,0,7,1075.42,330083.38,59.0,2
1,1,9,55,0,5,1,1,130293,13,0,33,1445.84,443358.25,56.0,1
1,1,9,55,0,5,1,1,70436,7,0,51,648.27,150856.46,56.0,2
1,1,9,55,0,5,1,1,2054,2,0,54,1203.29,306363.64,56.0,2
1,1,9,55,0,5,1,1,190034,19,0,6,1067.81,326716.56,56.0,3
1,1,9,55,0,5,1,1,20044,2,0,5,933.95,262038.58,56.0,2
1,0,9,1,0,4,0,2,5034,5,0,34,798.28,252053.03,56.0,2
1,0,9,1,0,4,0,2,180439,18,0,49,1457.92,433115.11,56.0,1
1,0,9,1,0,4,0,2,70257,7,0,28,694.55,197254.69,56.0,2
1,0,9,1,0,4,0,2,130102,13,0,12,1858.65,538375.93,56.0,1
1,0,9,1,0,4,0,2,10277,1,0,30,753.29,204682.12,56.0,2
1,1,8,25,1,4,0,0,180096,18,0,13,537.4,150684.73,52.0,3
1,1,8,25,1,4,0,0,3016,3,0,16,697.89,226342.8,52.0,2
1,1,8,25,1,4,0,0,60370,6,0,42,1766.89,574929.03,52.0,1
1,1,8,25,1,4,0,0,120173,12,0,19,1381.22,496924.72,52.0,1
1,1,9,55,0,1,0,0,30454,3,1,53,567.84,177709.65,56.0,2
1,1,9,55,0,1,0,0,90370,9,0,44,1351.57,458342.78,56.0,1
1,1,9,55,0,1,0,0,1025,1,0,25,1434.09,382041.13,56.0,2
1,1,9,55,0,1,0,0,150122,15,0,16,1692.61,539032.17,56.0,1
1,0,9,55,1,3,0,1,3034,3,0,34,781.07,256821.64,56.0,2
1,0,9,55,1,3,0,1,170128,17,0,15,1365.73,366314.0,56.0,3
1,0,9,55,1,3,0,1,50426,5,0,49,795.75,270228.82,56.0,2
1,0,9,55,1,3,0,1,110310,11,1,38,788.47,213799.71,56.0,3
1,1,9,55,0,2,0,2,130530,13,1,60,1401.81,468196.39,49.0,1
1,1,9,55,0,2,0,2,190262,19,0,30,673.27,160712.42,49.0,3
1,1,9,55,0,2,0,2,20251,2,0,28,650.67,201418.27,49.0,2
1,1,9,55,0,2,0,2,2036,2,0,36,1109.25,460001.26,49.0,2
1,1,9,55,0,2,0,2,80138,8,0,16,424.09,141613.5,49.0,2
1,0,9,3,0,5,1,0,40153,4,0,18,1294.91,403973.72,56.0,2
1,0,9,3,0,5,1,0,150356,15,0,43,1655.05,364678.48,56.0,1
1,0,9,3,0,5,1,0,100054,10,1,5,1741.96,459558.39,56.0,1
1,0,9,3,0,5,1,0,2022,2,0,22,1109.25,344568.74,56.0,2
1,1,9,55,1,4,0,2,5040,5,0,40,798.28,228410.05,56.0,2
1,1,9,55,1,4,0,2,180461,18,0,52,1424.54,412200.04,56.0,1
1,1,9,55,1,4,0,2,10299,1,0,31,619.78,186449.51,56.0,2
1,1,9,55,1,4,0,2,130127,13,0,15,458.29,133001.94,56.0,3
1,1,9,55,1,4,0,2,70283,7,0,34,1487.05,479080.93,56.0,1
1,0,9,1,0,4,1,2,80161,8,0,21,1501.64,448702.07,56.0,1
1,0,9,1,0,4,1,2,2039,2,0,39,927.83,293876.27,56.0,2
1,0,9,1,0,4,1,2,190281,19,1,32,1048.61,327521.14,56.0,3
1,0,9,1,0,4,1,2,130551,13,0,64,792.66,208129.31,56.0,3
1,0,9,1,0,4,1,2,20274,2,0,32,925.63,243341.83,56.0,2
1,1,9,55,0,1,1,1,80418,8,0,48,480.99,140920.9,56.0,2
1,1,9,55,0,1,1,1,2002,2,0,2,587.28,209280.91,56.0,2
1,1,9,55,0,1,1,1,30001,3,0,1,689.75,191864.06,56.0,2
1,1,9,55,0,1,1,1,140166,14,0,17,686.6,192542.32,56.0,3
1,1,9,55,0,1,1,1,200081,20,0,11,1722.28,415775.9,56.0,1
1,1,9,18,1,2,0,2,190349,19,0,41,1657.19,432957.19,73.0,1
1,1,9,18,1,2,0,2,80239,8,1,30,1070.46,380050.07,73.0,2
1,1,9,18,1,2,0,2,5021,5,0,21,798.28,234750.59,73.0,2
1,1,9,18,1,2,0,2,5022,5,0,22,798.28,287466.41,73.0,2
1,1,9,18,1,2,0,2,20340,2,0,41,654.93,236630.24,73.0,2
1,1,9,18,1,2,0,2,140017,14,0,4,1797.81,674634.08,73.0,1
1,0,3,56,1,1,0,0,150378,15,0,48,1403.33,398619.31,61.0,1
1,0,3,56,1,1,0,0,40180,4,0,22,737.92,230992.44,61.0,2
1,0,3,56,1,1,0,0,100074,10,0,9,1849.4,527107.1,61.0,1
1,0,3,56,1,1,0,0,2005,2,0,5,785.48,257183.48,61.0,2
1,0,9,31,1,5,0,1,190079,19,1,11,1869.93,573381.83,67.0,1
1,0,9,31,1,5,0,1,2028,2,0,28,785.48,195153.16,67.0,2
1,0,9,31,1,5,0,1,20083,2,1,10,788.79,259489.79,67.0,2
1,0,9,31,1,5,0,1,70481,7,0,56,1589.6,474045.23,67.0,1
1,0,9,31,1,5,0,1,130344,13,0,38,656.42,207388.64,67.0,3
1,0,9,55,0,3,0,2,150420,15,0,52,829.2,268774.73,56.0,3
1,0,9,55,0,3,0,2,100112,10,0,15,1948.32,590971.72,56.0,1
1,0,9,55,0,3,0,2,1018,1,0,18,625.8,191389.87,56.0,2
1,0,9,55,0,3,0,2,40226,4,1,26,790.05,218259.42,56.0,2
1,1,9,55,0,5,0,0,3007,3,0,7,720.7,231552.33,56.0,2
1,1,9,55,0,5,0,0,20008,2,0,1,706.3,204997.52,56.0,2
1,1,9,55,0,5,0,0,180585,18,0,68,1445.28,462353.91,56.0,1
1,1,9,55,0,5,0,0,3030,3,0,30,720.81,215774.28,56.0,2
1,1,9,55,0,5,0,0,70405,7,0,47,1033.08,256543.63,56.0,2
1,1,9,55,0,5,0,0,130258,13,0,30,1777.51,534630.42,56.0,1
1,1,9,55,0,5,0,2,10235,1,1,27,725.12,251042.18,56.0,2
1,1,9,55,0,5,0,2,180397,18,1,45,1627.52,590130.14,56.0,1
1,1,9,55,0,5,0,2,70211,7,0,23,1222.69,412118.88,56.0,2
1,1,9,55,0,5,0,2,1046,1,0,46,1942.5,503790.23,56.0,1
1,1,9,55,0,5,0,2,130059,13,0,5,441.3,122930.75,56.0,3
1,0,9,55,0,5,0,2,120237,12,0,25,1540.51,480266.48,56.0,1
1,0,9,55,0,5,0,2,1043,1,0,43,1160.36,377313.56,56.0,2
1,0,9,55,0,5,0,2,180159,18,0,21,1790.69,485944.71,56.0,1
1,0,9,55,0,5,0,2,60445,6,0,53,1170.96,342357.64,56.0,2
1,1,1,54,1,4,0,2,3032,3,0,32,923.21,242740.66,56.0,2
1,1,1,54,1,4,0,2,60230,6,1,21,833.23,249582.36,56.0,2
1,1,1,54,1,4,0,2,120013,12,1,2,1285.87,384219.6,56.0,1
1,1,1,54,1,4,0,2,170397,17,0,48,1833.96,579893.68,56.0,1
1,0,9,55,1,3,0,2,80306,8,0,36,673.86,220642.17,56.0,2
1,0,9,55,1,3,0,2,20397,2,0,46,697.74,255546.3,56.0,2
1,0,9,55,1,3,0,2,140073,14,0,9,803.5,228990.94,56.0,3
1,0,9,55,1,3,0,2,190403,19,0,46,1926.19,502978.74,56.0,1
1,0,9,55,1,3,0,2,2023,2,0,23,723.83,219373.41,56.0,2
1,0,9,55,0,4,1,2,60229,6,0,21,833.23,263803.73,56.0,2
1,0,9,55,0,4,1,2,170395,17,0,48,1833.96,655054.84,56.0,1
1,0,9,55,0,4,1,2,120012,12,1,2,1285.87,316852.12,56.0,1
1,0,9,55,0,4,1,2,5036,5,0,36,1057.92,286433.57,56.0,2
1,0,9,46,1,5,0,1,3026,3,0,26,670.89,212520.83,56.0,2
1,0,9,46,1,5,0,1,40110,4,0,14,1322.66,336673.91,56.0,2
1,0,9,46,1,5,0,1,100006,10,0,1,1006.89,308354.1,56.0,2
1,0,9,46,1,5,0,1,3011,3,0,11,675.19,203491.85,56.0,2
1,0,9,46,1,5,0,1,150307,15,0,35,745.49,221227.26,56.0,3
1,1,9,55,0,5,0,2,3004,3,0,4,781.07,210038.7,56.0,2
1,1,9,55,0,5,0,2,180302,18,0,36,1089.77,360807.72,56.0,3
1,1,9,55,0,5,0,2,10150,1,0,19,773.17,213333.34,56.0,2
1,1,9,55,0,5,0,2,3002,3,0,2,923.21,261871.7,56.0,2
1,1,9,55,0,5,0,2,120381,12,0,41,938.23,289808.82,56.0,3
1,1,9,55,0,5,0,2,70121,7,0,15,602.92,177781.18,56.0,2
1,1,9,51,0,3,0,0,90184,9,1,27,1207.33,380937.24,56.0,1
1,1,9,51,0,3,0,0,2008,2,0,8,701.66,204286.67,56.0,2
1,1,9,51,0,3,0,0,140412,14,0,49,1231.75,414334.38,56.0,1
1,1,9,51,0,3,0,0,30281,3,0,32,777.85,244977.74,56.0,2
1,1,9,51,0,3,0,0,200345,20,1,38,1499.47,517695.89,56.0,1
1,1,9,55,0,4,1,0,110142,11,0,14,524.68,166682.58,56.0,3
1,1,9,55,0,4,1,0,4030,4,0,30,1121.95,310577.04,56.0,2
1,1,9,55,0,4,1,0,160361,16,0,42,1496.62,480842.09,56.0,1
1,1,9,55,0,4,1,0,50261,5,0,34,802.33,227403.75,56.0,2
1,0,9,55,0,3,1,2,70348,7,0,41,1093.92,319520.07,56.0,2
1,0,9,55,0,3,1,2,10371,1,0,41,835.25,238146.95,56.0,2
1,0,9,55,0,3,1,2,180528,18,0,59,1900.58,497893.62,56.0,1
1,0,9,55,0,3,1,2,3014,3,0,14,1132.06,346906.89,56.0,2
1,0,9,55,0,3,1,2,130197,13,0,22,1811.36,525721.08,56.0,1
1,0,9,55,0,4,0,0,100235,10,0,28,1606.58,474515.88,56.0,1
1,0,9,55,0,4,0,0,160012,16,1,2,1388.75,508371.29,56.0,1
1,0,9,55,0,4,0,0,1049,1,0,49,1375.45,467083.31,56.0,2
1,0,9,55,0,4,0,0,40344,4,0,41,779.87,231182.8,56.0,2
1,1,9,31,1,2,0,2,70337,7,0,40,1138.18,308622.38,56.0,2
1,1,9,31,1,2,0,2,3040,3,0,40,670.89,204292.49,56.0,2
1,1,9,31,1,2,0,2,180515,18,0,58,955.23,283186.34,56.0,3
1,1,9,31,1,2,0,2,3008,3,0,8,697.89,219865.76,56.0,2
1,1,9,31,1,2,0,2,130185,13,0,20,516.72,183522.61,56.0,3
1,1,9,31,1,2,0,2,10358,1,1,39,742.93,251029.99,56.0,2
1,1,9,55,0,3,0,0,1027,1,0,27,827.87,276759.18,56.0,2
1,1,9,55,0,3,0,0,40333,4,0,40,780.74,215409.32,56.0,2
1,1,9,55,0,3,0,0,100223,10,0,27,777.35,247387.97,56.0,2
1,1,9,55,0,3,0,0,150519,15,0,60,1033.2,302297.34,56.0,3
1,1,9,55,0,5,0,1,3023,3,0,23,720.81,198591.85,56.0,2
1,1,9,55,0,5,0,1,80094,8,0,10,737.92,196686.19,56.0,2
1,1,9,55,0,5,0,1,20215,2,0,24,785.12,252200.58,56.0,2
1,1,9,55,0,5,0,1,190221,19,0,26,668.24,199853.8,56.0,3
1,1,9,55,0,5,0,1,130484,13,0,56,606.9,133518.0,56.0,3
1,0,9,55,0,4,0,2,60192,6,0,19,1542.71,432448.91,56.0,1
1,0,9,55,0,4,0,2,110544,11,0,63,871.7,273288.97,56.0,3
1,0,9,55,0,4,0,2,170356,17,0,46,1582.61,425505.24,56.0,1
1,0,9,55,0,4,0,2,2011,2,0,11,649.69,225401.62,56.0,2
1,1,9,13,0,3,0,2,160092,16,0,10,1608.56,402014.83,56.0,1
1,1,9,13,0,3,0,2,200261,20,0,30,1703.94,489773.72,56.0,1
1,1,9,13,0,3,0,2,30185,3,0,20,802.97,218307.77,56.0,2
1,1,9,13,0,3,0,2,40433,4,0,50,791.37,212987.49,56.0,2
1,1,9,13,0,3,0,2,100309,10,1,37,1177.85,437137.05,56.0,1
1,1,9,13,0,3,0,2,3046,3,0,46,923.21,252185.99,56.0,2
1,1,9,13,0,3,0,2,90099,9,0,16,924.6,268708.07,56.0,2
1,1,9,13,0,3,0,2,140332,14,0,39,1811.84,536812.04,56.0,1
1,1,9,55,0,2,0,0,180365,18,0,41,852.83,248815.13,63.0,3
1,1,9,55,0,2,0,0,10203,1,0,24,1146.11,353757.18,63.0,2
1,1,9,55,0,2,0,0,70181,7,0,20,1160.82,323305.2,63.0,2
1,1,9,55,0,2,0,0,3059,3,0,59,1171.55,367976.46,63.0,2
1,1,9,55,0,2,0,0,130022,13,0,2,1651.02,438704.41,63.0,1
1,0,9,55,0,5,0,2,70262,7,0,29,441.65,159881.5,56.0,2
1,0,9,55,0,5,0,2,10282,1,1,30,753.29,213710.41,56.0,2
1,0,9,55,0,5,0,2,1044,1,0,44,827.87,229464.71,56.0,2
1,0,9,55,0,5,0,2,180445,18,0,50,854.74,292598.12,56.0,3
1,0,9,55,0,5,0,2,130107,13,0,13,585.77,167021.08,56.0,3
1,1,9,55,0,3,1,0,3055,3,0,55,1222.34,380809.52,56.0,2
1,1,9,55,0,3,1,0,150096,15,0,15,522.71,153702.37,56.0,3
1,1,9,55,0,3,1,0,200500,20,1,58,1208.52,384992.37,56.0,3
1,1,9,55,0,3,1,0,30430,3,0,50,713.67,221898.05,56.0,2
1,1,9,55,0,3,1,0,90341,9,1,40,1090.32,326851.69,56.0,2
1,1,9,55,0,3,1,0,3054,3,0,54,781.07,200719.02,56.0,2
1,1,9,55,1,3,1,2,150466,15,0,56,939.93,297518.31,56.0,3
1,1,9,55,1,3,1,2,2031,2,0,31,1604.75,452667.01,56.0,2
1,1,9,55,1,3,1,2,40271,4,0,31,793.1,263291.82,56.0,2
1,1,9,55,1,3,1,2,100171,10,0,22,1116.68,349536.03,56.0,2
1,1,9,46,0,5,1,2,1015,1,0,15,782.25,208930.81,56.0,2
1,1,9,46,0,5,1,2,40101,4,0,13,809.06,230130.03,56.0,2
1,1,9,46,0,5,1,2,150300,15,1,35,745.49,218602.71,56.0,3
1,1,9,46,0,5,1,2,150123,15,0,16,1692.61,491025.48,56.0,1
1,1,9,46,0,5,1,2,90536,9,0,62,1263.44,426745.42,56.0,1
1,1,9,46,0,5,1,2,90375,9,0,44,1351.57,362893.07,56.0,1
1,1,9,46,0,5,1,2,30455,3,1,54,787.64,251578.52,56.0,2
1,0,7,37,0,3,1,0,170126,17,0,15,1365.73,427106.32,56.0,1
1,0,7,37,0,3,1,0,3050,3,0,50,977.87,248274.31,56.0,2
1,0,7,37,0,3,1,0,110309,11,0,38,788.47,252394.68,56.0,3
1,0,7,37,0,3,1,0,50425,5,0,49,795.75,203817.34,56.0,2
1,1,9,55,1,4,0,2,80246,8,1,31,1253.18,399671.51,84.0,1
1,1,9,55,1,4,0,2,140022,14,0,4,1797.81,417894.67,84.0,1
1,1,9,55,1,4,0,2,3010,3,0,10,923.21,294807.65,84.0,2
1,1,9,55,1,4,0,2,3018,3,0,18,923.21,293828.69,84.0,2
1,1,9,55,1,4,0,2,20343,2,0,41,654.93,208542.96,84.0,2
1,1,9,55,1,4,0,2,190352,19,0,41,1657.19,385563.1,84.0,1
1,1,9,55,0,3,0,2,50391,5,0,46,1272.95,379974.43,57.0,2
1,1,9,55,0,3,0,2,170084,17,0,10,1059.07,320628.77,57.0,3
1,1,9,55,0,3,0,2,4006,4,0,6,733.19,222138.72,57.0,2
1,1,9,55,0,3,0,2,110273,11,0,33,1632.55,526802.73,57.0,1
1,0,9,18,0,3,0,2,30473,3,1,56,1179.42,392645.79,75.0,2
1,0,9,18,0,3,0,2,150143,15,0,17,562.64,167897.44,75.0,3
1,0,9,18,0,3,0,2,5050,5,0,50,1093.0,390494.27,75.0,2
1,0,9,18,0,3,0,2,90392,9,0,46,662.32,173976.3,75.0,2
1,1,9,55,1,5,1,2,20143,2,0,17,1397.4,418864.27,56.0,2
1,1,9,55,1,5,1,2,120382,12,0,42,596.21,186738.87,56.0,3
1,1,9,55,1,5,1,2,80020,8,0,3,1736.05,515896.71,56.0,1
1,1,9,55,1,5,1,2,130413,13,0,47,1874.35,621956.37,56.0,1
1,1,9,55,1,5,1,2,180305,18,0,36,1089.77,277491.92,56.0,3
1,1,9,55,1,5,1,2,1002,1,1,2,1238.58,410932.67,56.0,2
1,1,9,55,1,5,1,2,10153,1,0,19,773.17,238222.07,56.0,2
1,1,9,55,1,5,1,2,70122,7,0,15,602.92,186300.71,56.0,2
1,1,9,55,1,5,1,2,190141,19,0,19,1697.73,546860.26,56.0,1
1,1,9,3,0,3,0,2,150054,15,0,9,565.48,192609.64,56.0,3
1,1,9,3,0,3,0,2,3039,3,0,39,923.21,312211.14,56.0,2
1,1,9,3,0,3,0,2,30387,3,0,47,691.09,204994.87,56.0,2
1,1,9,3,0,3,0,2,200461,20,0,51,1062.33,365691.35,56.0,3
1,1,9,3,0,3,0,2,90296,9,0,36,1582.79,408331.77,56.0,1
1,1,9,55,0,5,0,2,70117,7,0,15,602.92,201530.37,56.0,2
1,1,9,55,0,5,0,2,120376,12,1,40,1562.24,510060.4,56.0,1
1,1,9,55,0,5,0,2,10141,1,0,18,716.85,197556.99,56.0,2
1,1,9,55,0,5,0,2,1047,1,0,47,1479.72,448134.27,56.0,2
1,1,9,55,0,5,0,2,180293,18,0,36,1089.77,319872.98,56.0,3
1,0,9,55,1,2,1,2,10387,1,0,45,767.46,241846.09,66.0,2
1,0,9,55,1,2,1,2,70365,7,0,42,702.08,215066.31,66.0,2
1,0,9,55,1,2,1,2,180540,18,1,61,1019.7,338774.34,66.0,3
1,0,9,55,1,2,1,2,130213,13,1,24,1044.69,327589.46,66.0,3
1,0,9,55,1,2,1,2,3037,3,0,37,720.81,204808.16,66.0,2
1,1,9,3,0,4,0,2,110189,11,0,21,1389.63,452919.18,73.0,1
1,1,9,3,0,4,0,2,170004,17,0,1,530.28,134038.01,73.0,3
1,1,9,3,0,4,0,2,4031,4,0,31,733.19,200678.75,73.0,2
1,1,9,3,0,4,0,2,50307,5,0,41,630.83,170043.33,73.0,2
1,1,9,55,0,4,1,0,3035,3,0,35,781.07,269278.57,66.0,2
1,1,9,55,0,4,1,0,80367,8,0,44,1862.29,537998.71,66.0,1
1,1,9,55,0,4,1,0,200037,20,0,3,1645.93,498948.04,66.0,1
1,1,9,55,0,4,1,0,20454,2,1,53,781.27,260279.37,66.0,2
1,1,9,55,0,4,1,0,140123,14,0,13,442.74,148553.54,66.0,3
1,1,9,55,0,4,0,0,80081,8,0,9,1869.81,583919.98,56.0,1
1,1,9,55,0,4,0,0,20203,2,0,23,1416.33,412591.03,56.0,2
1,1,9,55,0,4,0,0,130469,13,0,53,968.77,287821.17,56.0,3
1,1,9,55,0,4,0,0,2015,2,0,15,723.93,228170.03,56.0,2
1,1,9,55,0,4,0,0,2033,2,0,33,649.8,205085.4,56.0,2
1,1,9,55,0,4,0,0,190208,19,1,25,996.38,281211.11,56.0,3
1,0,9,55,1,5,1,0,90226,9,0,33,973.52,286269.59,93.0,2
1,0,9,55,1,5,1,0,30320,3,1,39,1598.95,494106.29,93.0,1
1,0,9,55,1,5,1,0,140462,14,0,55,1415.9,412499.97,93.0,1
1,0,9,55,1,5,1,0,3009,3,0,9,743.41,222867.42,93.0,2
1,0,9,55,1,5,1,0,200395,20,1,43,1697.49,579807.82,93.0,1
1,0,9,55,1,5,1,0,5025,5,0,25,618.16,165430.28,67.0,2
1,0,9,55,1,5,1,0,20444,2,0,51,699.31,219752.03,67.0,2
1,0,9,55,1,5,1,0,80353,8,0,41,610.26,195491.76,67.0,2
1,0,9,55,1,5,1,0,140114,14,0,12,459.44,137109.06,67.0,3
1,0,9,55,1,5,1,0,200024,20,0,2,1669.84,487772.33,67.0,1
1,1,9,1,0,2,1,2,120191,12,0,22,892.67,287870.29,56.0,3
1,1,9,1,0,2,1,2,1031,1,0,31,782.25,265467.68,56.0,2
1,1,9,1,0,2,1,2,60396,6,0,47,550.99,169044.97,56.0,2
1,1,9,1,0,2,1,2,180118,18,0,16,1360.96,476038.28,56.0,1
1,0,9,55,1,1,1,0,70479,7,0,56,1589.6,461908.57,65.0,1
1,0,9,55,1,1,1,0,130343,13,0,38,656.42,193572.19,65.0,3
1,0,9,55,1,1,1,0,190077,19,0,11,1869.93,619787.84,65.0,1
1,0,9,55,1,1,1,0,20082,2,0,10,788.79,266730.8,65.0,2
1,0,9,55,1,1,1,0,3003,3,0,3,675.19,233142.8,65.0,2
1,1,9,43,1,4,0,0,1021,1,0,21,756.21,218585.92,56.0,2
1,1,9,43,1,4,0,0,150379,15,0,48,1403.33,438050.18,56.0,1
1,1,9,43,1,4,0,0,100075,10,0,9,1849.4,535865.96,56.0,1
1,1,9,43,1,4,0,0,40181,4,0,22,737.92,221931.4,56.0,2
1,0,9,55,0,1,1,2,150411,15,0,52,829.2,274212.09,56.0,3
1,0,9,55,0,1,1,2,40218,4,0,26,790.05,224595.39,56.0,2
1,0,9,55,0,1,1,2,4034,4,0,34,794.52,243052.59,56.0,2
1,0,9,55,0,1,1,2,100105,10,0,14,1318.01,382143.98,56.0,1
1,0,9,55,0,5,0,0,2056,2,0,56,1400.95,460001.26,47.0,2
1,0,9,55,0,5,0,0,180535,18,1,61,1019.7,292246.65,47.0,3
1,0,9,55,0,5,0,0,10379,1,0,43,1159.2,356687.55,47.0,2
1,0,9,55,0,5,0,0,70358,7,1,41,1093.92,330019.64,47.0,2
1,0,9,55,0,5,0,0,130206,13,0,24,1044.69,318399.49,47.0,3
1,0,9,55,1,4,0,2,20067,2,0,8,715.54,184000.39,70.0,2
1,0,9,55,1,4,0,2,40130,4,0,15,760.39,223972.29,70.0,2
1,0,9,55,1,4,0,2,100030,10,0,4,1765.37,516625.88,70.0,1
1,0,9,55,1,4,0,2,130322,13,1,36,1061.26,319634.34,70.0,3
1,0,9,55,1,4,0,2,190060,19,0,9,695.8,189471.15,70.0,3
1,0,9,55,1,4,0,2,70463,7,0,54,1940.69,629574.18,70.0,1
1,0,9,55,1,4,0,2,4028,4,0,28,794.52,248422.66,70.0,2
1,0,9,55,1,4,0,2,150331,15,0,38,585.57,172889.19,70.0,3
1,1,8,38,1,4,0,0,3042,3,0,42,781.07,213942.56,61.0,2
1,1,8,38,1,4,0,0,30063,3,0,7,744.01,234370.71,61.0,2
1,1,8,38,1,4,0,0,60030,6,0,3,605.21,185644.59,61.0,2
1,1,8,38,1,4,0,0,80482,8,0,56,1874.7,571044.62,61.0,1
1,1,8,38,1,4,0,0,170183,17,1,20,792.27,289102.68,61.0,3
1,1,8,38,1,4,0,0,110365,11,0,43,810.65,221674.47,61.0,3
1,1,8,38,1,4,0,0,140222,14,1,23,1610.37,602366.78,61.0,1
1,1,8,38,1,4,0,0,200145,20,1,18,1868.01,566409.84,61.0,1
1,0,9,31,1,5,0,0,100103,10,0,13,876.79,265237.37,77.0,2
1,0,9,31,1,5,0,0,40216,4,1,26,790.05,261884.29,77.0,2
1,0,9,31,1,5,0,0,3019,3,0,19,680.57,230154.53,77.0,2
1,0,9,31,1,5,0,0,150408,15,0,51,1689.08,461101.0,77.0,1
1,0,9,55,0,1,1,2,170345,17,0,44,1176.0,315288.62,56.0,3
1,0,9,55,0,1,1,2,4040,4,0,40,794.52,241620.48,56.0,2
1,0,9,55,0,1,1,2,60180,6,0,16,1687.92,527627.25,56.0,1
1,0,9,55,0,1,1,2,110534,11,0,62,1938.82,518507.57,56.0,1
1,0,9,55,0,4,1,2,180481,18,0,53,1806.7,577922.22,56.0,1
1,0,9,55,0,4,1,2,4029,4,0,29,794.52,200148.89,56.0,2
1,0,9,55,0,4,1,2,10327,1,0,35,1168.59,310562.19,56.0,2
1,0,9,55,0,4,1,2,130147,13,0,17,1278.95,352647.72,56.0,1
1,0,9,55,0,4,1,2,70310,7,0,37,1171.04,312306.37,56.0,2
1,1,9,18,0,2,0,2,130133,13,0,15,458.29,136078.52,56.0,3
1,1,9,18,0,2,0,2,180466,18,0,52,1424.54,418772.73,56.0,1
1,1,9,18,0,2,0,2,70291,7,0,35,613.21,191074.27,56.0,2
1,1,9,18,0,2,0,2,10307,1,0,32,800.77,224383.09,56.0,2
1,1,9,18,0,2,0,2,1006,1,0,6,736.63,198841.7,56.0,2
1,0,9,55,0,1,1,0,120047,12,0,4,1559.34,550180.2,56.0,1
1,0,9,55,0,1,1,0,3053,3,0,53,670.24,190119.5,56.0,2
1,0,9,55,0,1,1,0,170426,17,0,49,1283.67,390972.72,56.0,1
1,0,9,55,0,1,1,0,60259,6,0,27,830.65,281288.26,56.0,2
1,0,9,55,0,4,1,2,200453,20,0,51,1062.33,286231.25,56.0,3
1,0,9,55,0,4,1,2,4022,4,0,22,794.52,263790.81,56.0,2
1,0,9,55,0,4,1,2,150047,15,0,7,1113.85,342414.51,56.0,3
1,0,9,55,0,4,1,2,90287,9,0,36,1582.79,502456.39,56.0,1
1,0,9,55,0,4,1,2,30379,3,0,46,1599.81,426455.73,56.0,2
1,0,9,55,0,4,0,0,190038,19,1,7,973.6,367468.14,56.0,3
1,0,9,55,0,4,0,0,70440,7,0,52,1281.14,281850.8,56.0,2
1,0,9,55,0,4,0,0,20048,2,0,5,933.95,290589.28,56.0,2
1,0,9,55,0,4,0,0,130299,13,0,33,1445.84,350161.05,56.0,1
1,0,9,55,0,4,0,0,2049,2,0,49,1288.62,323915.81,56.0,2
1,1,9,3,0,4,1,0,60412,6,1,50,1579.99,503351.9,56.0,1
1,1,9,3,0,4,1,0,120208,12,0,23,1094.46,311524.51,56.0,3
1,1,9,3,0,4,1,0,180131,18,0,17,1195.81,330089.65,56.0,3
1,1,9,3,0,4,1,0,2007,2,0,7,723.93,196142.19,56.0,2
1,0,9,55,1,2,0,0,2050,2,0,50,957.53,297008.97,54.0,2
1,0,9,55,1,2,0,0,2026,2,0,26,649.8,198075.99,54.0,2
1,0,9,55,1,2,0,0,50319,5,1,41,630.83,161161.39,54.0,2
1,0,9,55,1,2,0,0,110202,11,0,24,1481.82,498779.18,54.0,1
1,0,9,55,1,2,0,0,170014,17,0,1,530.28,164903.93,54.0,3
1,1,9,18,0,2,1,2,110110,11,0,13,474.93,145190.73,56.0,3
1,1,9,18,0,2,1,2,2043,2,0,43,1110.32,355073.4,56.0,2
1,1,9,18,0,2,1,2,50221,5,0,29,786.28,244713.94,56.0,2
1,1,9,18,0,2,1,2,160334,16,0,40,688.81,222496.16,56.0,3
0,1,9,18,1,5,1,2,1011,1,1,11,827.87,222947.21,56.0,0
0,1,9,18,1,5,1,2,190100,19,0,14,630.47,215726.19,56.0,0
0,1,9,18,1,5,1,2,20104,2,0,12,1610.5,481672.65,56.0,0
0,1,9,18,1,5,1,2,130368,13,0,40,571.5,183248.76,56.0,0
0,1,9,18,1,5,1,2,70502,7,0,58,1629.83,535798.14,56.0,0
1,1,9,1,1,5,0,2,170409,17,0,48,1833.96,584468.16,56.0,1
1,1,9,1,1,5,0,2,5035,5,0,35,798.28,261742.74,56.0,2
1,1,9,1,1,5,0,2,120028,12,1,3,1469.27,549840.47,56.0,1
1,1,9,1,1,5,0,2,60244,6,0,25,1086.43,352321.38,56.0,2
1,1,9,18,0,3,1,2,170124,17,0,14,1646.02,509032.38,56.0,1
1,1,9,18,0,3,1,2,110306,11,0,37,1368.16,375698.11,56.0,1
1,1,9,18,0,3,1,2,5030,5,0,30,1057.92,357538.2,56.0,2
1,1,9,18,0,3,1,2,50423,5,0,48,788.04,245774.19,56.0,2
1,1,9,55,0,1,0,2,140173,14,0,18,500.17,135280.4,54.0,3
1,1,9,55,0,1,0,2,2041,2,0,41,785.48,225050.52,54.0,2
1,1,9,55,0,1,0,2,200091,20,0,13,1587.57,538931.69,54.0,1
1,1,9,55,0,1,0,2,30011,3,0,1,689.75,211623.61,54.0,2
1,1,9,55,0,1,0,2,80429,8,0,49,1081.0,317172.33,54.0,2
1,1,9,18,0,1,1,0,100324,10,0,39,1188.51,315365.9,56.0,2
1,1,9,18,0,1,1,0,1035,1,0,35,827.87,238811.06,56.0,2
1,1,9,18,0,1,1,0,160108,16,0,11,1288.42,403463.16,56.0,1
1,1,9,18,0,1,1,0,50006,5,0,2,795.91,246134.92,56.0,2
1,1,9,55,1,4,0,0,180141,18,0,18,1127.95,276836.97,56.0,3
1,1,9,55,1,4,0,0,5041,5,0,41,798.28,263123.42,56.0,2
1,1,9,55,1,4,0,0,60426,6,0,51,1476.63,457718.07,56.0,1
1,1,9,55,1,4,0,0,120220,12,0,24,1306.75,452121.47,56.0,1
1,0,7,26,1,3,0,2,1023,1,0,23,782.25,261579.89,56.0,2
1,0,7,26,1,3,0,2,70347,7,0,41,1093.92,336200.18,56.0,2
1,0,7,26,1,3,0,2,180526,18,0,58,955.23,309544.73,56.0,3
1,0,7,26,1,3,0,2,10370,1,0,41,835.25,259177.5,56.0,2
1,0,7,26,1,3,0,2,130196,13,0,22,1811.36,595167.57,56.0,1
1,1,9,43,1,2,0,0,50153,5,0,20,804.84,202928.64,87.0,2
1,1,9,43,1,2,0,0,160263,16,0,31,1336.97,418811.0,87.0,1
1,1,9,43,1,2,0,0,110036,11,1,4,1414.25,446236.57,87.0,1
1,1,9,43,1,2,0,0,5019,5,0,19,618.38,153466.71,87.0,2
1,1,9,55,0,3,0,2,70450,7,1,54,1940.69,550949.39,56.0,1
1,1,9,55,0,3,0,2,190051,19,1,8,974.77,315031.62,56.0,3
1,1,9,55,0,3,0,2,3027,3,0,27,781.07,245572.79,56.0,2
1,1,9,55,0,3,0,2,130312,13,0,34,1557.0,517123.58,56.0,1
1,1,9,55,0,3,0,2,20057,2,1,6,967.84,263877.34,56.0,2
1,0,9,55,0,3,1,2,160292,16,0,35,629.97,193715.82,56.0,3
1,0,9,55,0,3,1,2,110064,11,0,8,1001.41,328405.23,56.0,3
1,0,9,55,0,3,1,2,1039,1,0,39,782.25,196220.05,56.0,2
1,0,9,55,0,3,1,2,50175,5,1,23,1006.65,271409.35,56.0,2
1,0,9,31,1,3,1,2,10066,1,0,8,763.88,250556.69,56.0,2
1,0,9,31,1,3,1,2,70032,7,0,5,1144.09,362755.75,56.0,2
1,0,9,31,1,3,1,2,120294,12,1,33,1232.2,317233.27,56.0,3
1,0,9,31,1,3,1,2,180215,18,1,27,650.82,179263.23,56.0,3
1,0,9,31,1,3,1,2,3005,3,0,5,781.07,258015.61,56.0,2
1,0,9,55,0,5,1,2,140348,14,0,41,543.61,176130.89,56.0,3
1,0,9,55,0,5,1,2,90113,9,0,17,1481.32,448450.76,56.0,1
1,0,9,55,0,5,1,2,30201,3,0,21,1122.15,388570.89,56.0,2
1,0,9,55,0,5,1,2,4024,4,0,24,1121.95,372001.7,56.0,2
1,0,9,55,0,5,1,2,200275,20,0,31,1414.44,422212.06,56.0,1
1,0,9,55,0,3,0,2,140147,14,1,16,915.37,282820.55,56.0,3
1,0,9,55,0,3,0,2,80394,8,0,46,1175.51,362475.15,56.0,2
1,0,9,55,0,3,0,2,3021,3,0,21,781.07,225290.22,56.0,2
1,0,9,55,0,3,0,2,20477,2,0,55,579.26,165052.35,56.0,2
1,0,9,55,0,3,0,2,200061,20,0,7,1757.4,523923.26,56.0,1
1,0,9,55,0,5,0,2,1030,1,0,30,743.09,246172.68,56.0,2
1,0,9,55,0,5,0,2,80469,8,1,55,1300.05,488331.39,56.0,1
1,0,9,55,0,5,0,2,30050,3,0,5,701.19,191573.49,56.0,2
1,0,9,55,0,5,0,2,140214,14,0,23,1610.37,520595.39,56.0,1
1,0,9,55,0,5,0,2,200135,20,0,17,1089.33,318346.14,56.0,3
1,0,9,18,0,3,1,2,4035,4,0,35,794.52,217786.38,48.0,2
1,0,9,18,0,3,1,2,60464,6,0,54,1633.19,474954.11,48.0,1
1,0,9,18,0,3,1,2,10015,1,0,3,788.73,269440.75,48.0,2
1,0,9,18,0,3,1,2,120258,12,1,27,871.52,231712.38,48.0,3
1,0,9,18,0,3,1,2,180182,18,0,23,1659.02,479876.57,48.0,1
1,1,9,55,0,1,0,2,90070,9,0,12,952.38,286978.17,56.0,2
1,1,9,55,0,1,0,2,60347,6,0,39,744.54,176852.97,56.0,2
1,1,9,55,0,1,0,2,30152,3,0,17,937.24,310304.6,56.0,2
1,1,9,55,0,1,0,2,120148,12,1,17,1428.55,512659.6,56.0,1
1,1,9,55,0,1,0,2,180073,18,0,9,894.92,219920.56,56.0,3
1,1,9,55,0,1,0,2,2024,2,0,24,1604.75,456919.46,56.0,2
1,1,9,55,0,1,0,2,140298,14,0,34,513.06,134277.54,56.0,3
1,1,9,55,0,1,0,2,200224,20,0,27,993.62,292047.4,56.0,3
1,1,9,55,0,4,0,0,150019,15,0,2,1522.89,443338.93,56.0,1
1,1,9,55,0,4,0,0,30359,3,0,44,673.86,220677.17,56.0,2
1,1,9,55,0,4,0,0,90263,9,0,34,1577.36,564424.34,56.0,1
1,1,9,55,0,4,0,0,200428,20,0,48,860.8,287022.15,56.0,3
1,1,9,55,0,4,0,0,2057,2,0,57,1396.86,382277.15,56.0,2
1,0,9,55,0,4,0,2,120326,12,0,35,1690.62,371936.4,56.0,1
1,0,9,55,0,4,0,2,70072,7,0,10,1495.37,440670.26,56.0,1
1,0,9,55,0,4,0,2,2042,2,0,42,785.48,220606.28,56.0,2
1,0,9,55,0,4,0,2,180246,18,1,30,1795.66,499388.61,56.0,1
1,0,9,55,0,4,0,2,10099,1,0,13,719.47,213970.0,56.0,2
1,1,9,3,0,2,0,2,2016,2,0,16,701.66,212265.67,63.0,2
1,1,9,3,0,2,0,2,160086,16,0,10,1608.56,536362.57,63.0,1
1,1,9,3,0,2,0,2,40425,4,0,49,739.7,192833.65,63.0,2
1,1,9,3,0,2,0,2,100303,10,0,36,1920.65,540074.5,63.0,1
1,1,9,43,0,4,0,1,30268,3,1,29,666.0,202901.68,56.0,2
1,1,9,43,0,4,0,1,90173,9,0,26,1038.39,278732.11,56.0,2
1,1,9,43,0,4,0,1,200334,20,1,37,632.35,193209.9,56.0,3
1,1,9,43,0,4,0,1,2030,2,0,30,723.83,214341.34,56.0,2
1,1,9,43,0,4,0,1,140401,14,0,48,1941.78,509124.24,56.0,1
1,1,9,3,1,4,1,0,110557,11,0,65,1427.09,386439.95,56.0,1
1,1,9,3,1,4,1,0,60206,6,0,20,1897.17,597216.83,56.0,1
1,1,9,3,1,4,1,0,2009,2,0,9,747.5,237060.15,56.0,2
1,1,9,3,1,4,1,0,170372,17,0,46,1582.61,479666.77,56.0,1
1,1,7,14,1,3,0,0,110290,11,0,35,540.82,143000.82,70.0,3
1,1,7,14,1,3,0,0,50407,5,1,47,1241.14,343513.68,70.0,2
1,1,7,14,1,3,0,0,170108,17,0,13,916.9,272766.51,70.0,3
1,1,7,14,1,3,0,0,2003,2,0,3,927.08,289727.99,70.0,2
1,1,9,55,0,2,1,2,50288,5,0,37,1790.7,543777.59,56.0,1
1,1,9,55,0,2,1,2,160381,16,0,44,1695.03,518251.94,56.0,1
1,1,9,55,0,2,1,2,110178,11,0,19,1083.98,303491.24,56.0,3
1,1,9,55,0,2,1,2,1041,1,0,41,1434.09,480545.81,56.0,2
1,0,9,31,0,1,0,0,20099,2,0,11,1625.05,415188.09,56.0,2
1,0,9,31,0,1,0,0,70497,7,0,58,1629.83,537546.81,56.0,1
1,0,9,31,0,1,0,0,130363,13,0,40,571.5,146624.11,56.0,3
1,0,9,31,0,1,0,0,190095,19,0,14,630.47,172253.45,56.0,3
1,0,9,31,0,1,0,0,1036,1,0,36,1160.36,317473.86,56.0,2
1,0,9,55,1,2,1,0,180035,18,0,4,1096.58,325420.36,56.0,3
1,0,9,55,1,2,1,0,60140,6,0,12,1678.17,603518.77,56.0,1
1,0,9,55,1,2,1,0,170294,17,0,35,1667.01,479795.84,56.0,1
1,0,9,55,1,2,1,0,3047,3,0,47,669.16,188273.73,56.0,2
1,0,9,55,1,2,1,0,60319,6,0,35,999.85,294335.41,56.0,2
1,0,9,55,1,2,1,0,120116,12,0,14,1369.96,381173.34,56.0,1
1,0,9,55,1,2,1,0,110485,11,0,57,1008.58,266688.48,56.0,3
1,0,9,55,0,5,0,2,1029,1,0,29,756.21,246331.9,56.0,2
1,0,9,55,0,5,0,2,30186,3,0,20,802.97,267213.25,56.0,2
1,0,9,55,0,5,0,2,140333,14,0,40,532.44,175169.52,56.0,3
1,0,9,55,0,5,0,2,200262,20,0,30,1703.94,570549.18,56.0,1
1,0,9,55,0,5,0,2,90100,9,0,16,924.6,301111.41,56.0,2
1,0,9,55,0,4,1,0,120394,12,0,46,1736.02,458985.23,56.0,1
1,0,9,55,0,4,1,0,2010,2,0,10,927.08,326885.34,56.0,2
1,0,9,55,0,4,1,0,10166,1,1,21,1957.16,669332.95,56.0,1
1,0,9,55,0,4,1,0,70137,7,1,16,1239.87,413475.24,56.0,1
1,0,9,55,0,4,1,0,180318,18,0,37,1092.32,273778.55,56.0,3
0,1,9,55,1,5,0,0,190090,19,0,13,766.61,238904.76,56.0,0
0,1,9,55,1,5,0,0,70490,7,0,58,1629.83,512459.69,56.0,0
0,1,9,55,1,5,0,0,130356,13,0,39,1054.77,297137.03,56.0,0
0,1,9,55,1,5,0,0,20092,2,0,11,1625.05,456819.98,56.0,0
0,1,9,55,1,5,0,0,1005,1,1,5,410.71,117564.07,56.0,0
1,0,9,55,0,5,0,2,60405,6,0,49,1167.52,329620.0,56.0,2
1,0,9,55,0,5,0,2,120204,12,0,23,1094.46,368892.07,56.0,3
1,0,9,55,0,5,0,2,2012,2,0,12,785.48,237207.68,56.0,2
1,0,9,55,0,5,0,2,180126,18,1,16,1360.96,409183.72,56.0,1
1,1,9,3,0,2,1,1,2034,2,0,34,785.48,252927.84,56.0,2
1,1,9,3,0,2,1,1,100334,10,0,39,1188.51,431549.73,56.0,1
1,1,9,3,0,2,1,1,50015,5,0,4,799.1,222889.34,56.0,2
1,1,9,3,0,2,1,1,160117,16,0,12,549.98,153033.12,56.0,3
1,0,9,46,1,3,1,0,170441,17,1,51,1375.52,492541.63,46.0,1
1,0,9,46,1,3,1,0,4023,4,0,23,794.52,235633.26,46.0,2
1,0,9,46,1,3,1,0,60276,6,0,30,552.59,159939.07,46.0,2
1,0,9,46,1,3,1,0,120066,12,0,8,1803.36,551363.7,46.0,1
1,1,9,55,0,3,0,2,60204,6,0,19,1542.71,451237.67,56.0,1
1,1,9,55,0,3,0,2,4016,4,0,16,794.52,244820.67,56.0,2
1,1,9,55,0,3,0,2,170368,17,0,46,1582.61,423220.61,56.0,1
1,1,9,55,0,3,0,2,110554,11,0,65,1427.09,477228.5,56.0,1
1,0,9,55,0,4,0,2,180261,18,0,30,1795.66,514747.26,67.0,1
1,0,9,55,0,4,0,2,120341,12,0,38,1157.23,279656.41,67.0,3
1,0,9,55,0,4,0,2,3028,3,0,28,781.07,206631.81,67.0,2
1,0,9,55,0,4,0,2,10110,1,1,14,1181.69,376550.87,67.0,2
1,0,9,55,0,4,0,2,70086,7,1,12,804.65,302130.61,67.0,2
1,1,9,55,0,5,0,2,5046,5,0,46,798.28,230216.22,74.0,2
1,1,9,55,0,5,0,2,20035,2,0,4,1281.85,381648.34,74.0,2
1,1,9,55,0,5,0,2,70430,7,0,50,502.02,144890.28,74.0,2
1,1,9,55,0,5,0,2,130287,13,1,32,1114.07,376982.89,74.0,1
1,1,9,55,0,5,0,2,190025,19,0,5,1408.42,411233.36,74.0,1
1,1,9,55,0,5,0,2,10366,1,0,40,784.22,252147.89,74.0,2
1,1,9,55,0,5,0,2,130190,13,0,20,516.72,148388.65,74.0,3
1,1,9,55,0,5,0,2,70342,7,0,41,1093.92,282085.85,74.0,2
1,1,9,55,0,5,0,2,180521,18,0,58,955.23,306670.78,74.0,3
1,1,9,55,0,4,0,2,110468,11,0,56,724.8,216903.45,56.0,3
1,1,9,55,0,4,0,2,60125,6,0,10,942.08,257759.96,56.0,2
1,1,9,55,0,4,0,2,170277,17,1,33,1532.89,434121.6,56.0,1
1,1,9,55,0,4,0,2,4019,4,0,19,733.19,226578.51,56.0,2
1,1,9,43,1,5,1,0,80204,8,1,28,1431.61,389141.48,56.0,1
1,1,9,43,1,5,1,0,20308,2,0,36,641.72,188705.75,56.0,2
1,1,9,43,1,5,1,0,190315,19,0,37,1565.26,472632.31,56.0,1
1,1,9,43,1,5,1,0,130586,13,0,68,1590.69,456114.67,56.0,1
1,1,9,1,0,5,0,2,30126,3,0,11,1283.1,358984.53,56.0,2
1,1,9,1,0,5,0,2,140270,14,0,29,1618.34,513021.02,56.0,1
1,1,9,1,0,5,0,2,200196,20,0,24,1188.07,340066.82,56.0,3
1,1,9,1,0,5,0,2,90036,9,0,7,697.68,224080.17,56.0,2
1,0,9,55,0,3,1,2,40021,4,0,3,1630.82,539711.96,70.0,1
1,0,9,55,0,3,1,2,90446,9,0,56,1516.4,418981.24,70.0,1
1,0,9,55,0,3,1,2,150206,15,0,24,924.36,318156.13,70.0,3
1,0,9,1,0,4,1,0,80305,8,0,36,673.86,207100.33,56.0,2
1,0,9,1,0,4,1,0,140072,14,0,9,803.5,252053.95,56.0,3
1,0,9,1,0,4,1,0,20396,2,0,46,697.74,212432.38,56.0,2
1,0,9,1,0,4,1,0,190402,19,0,46,1926.19,602056.71,56.0,1
1,0,8,38,0,3,1,2,20126,2,0,15,1603.33,499600.59,71.0,2
1,0,8,38,0,3,1,2,110307,11,0,38,788.47,231425.47,71.0,3
1,0,8,38,0,3,1,2,170125,17,0,15,1365.73,464700.64,71.0,1
1,0,8,38,0,3,1,2,50424,5,0,48,788.04,246317.94,71.0,2
1,0,8,38,0,3,1,2,130389,13,0,43,1875.83,535236.81,71.0,1
1,0,8,38,0,3,1,2,80004,8,1,1,1109.29,352321.29,71.0,2
1,0,8,38,0,3,1,2,190121,19,0,16,1711.98,419974.59,71.0,1
1,0,9,18,0,3,0,0,200143,20,0,17,1089.33,322504.11,66.0,3
1,0,9,18,0,3,0,0,80479,8,0,56,1874.7,473611.55,66.0,1
1,0,9,18,0,3,0,0,30060,3,0,7,744.01,220411.63,66.0,2
1,0,9,18,0,3,0,0,140220,14,0,23,1610.37,475258.58,66.0,1
1,1,9,29,1,5,1,0,100333,10,1,39,1188.51,311647.12,56.0,1
1,1,9,29,1,5,1,0,50014,5,0,4,799.1,217221.31,56.0,2
1,1,9,29,1,5,1,0,160116,16,1,12,549.98,159995.77,56.0,3
1,1,9,55,0,5,0,2,40145,4,0,18,1294.91,339650.5,56.0,2
1,1,9,55,0,5,0,2,100046,10,0,5,1741.96,525251.32,56.0,1
1,1,9,55,0,5,0,2,150346,15,0,40,982.37,296414.35,56.0,3
1,0,9,49,1,5,1,1,10058,1,0,7,758.88,211877.66,35.0,2
1,0,9,49,1,5,1,1,70023,7,0,5,1144.09,333120.5,35.0,2
1,0,9,49,1,5,1,1,120288,12,0,33,1232.2,373786.79,35.0,1
1,0,9,49,1,5,1,1,180209,18,0,26,1147.71,359968.76,35.0,3
1,0,9,49,0,1,1,0,180323,18,0,38,1219.8,342597.24,56.0,3
1,0,9,49,0,1,1,0,10169,1,1,21,1957.16,484259.13,56.0,1
1,0,9,49,0,1,1,0,70142,7,0,17,1586.15,451507.7,56.0,1
1,0,9,49,0,1,1,0,120398,12,0,47,1528.05,403107.84,56.0,1
1,0,9,1,0,5,1,0,20286,2,0,33,931.4,344306.6,56.0,2
1,0,9,1,0,5,1,0,80179,8,0,25,1833.58,521184.68,56.0,1
1,0,9,1,0,5,1,0,180453,18,0,51,1527.31,416655.75,56.0,1
1,0,9,1,0,5,1,0,130116,13,0,14,777.75,252155.48,56.0,3
1,0,9,1,0,5,1,0,70272,7,0,31,839.7,272820.64,56.0,2
1,0,9,1,0,5,1,0,190292,19,0,34,783.42,259829.62,56.0,3
1,0,9,1,0,5,1,0,10290,1,0,31,619.78,185249.68,56.0,2
1,0,9,1,0,5,1,0,130564,13,0,66,1283.8,367765.98,56.0,1
1,0,9,55,1,3,0,1,60262,6,0,27,830.65,303119.09,44.0,2
1,0,9,55,1,3,0,1,170428,17,0,49,1283.67,386354.65,44.0,1
1,0,9,55,1,3,0,1,120048,12,0,5,495.04,175885.99,44.0,3
1,1,9,49,0,5,0,0,200013,20,1,1,1898.39,634424.32,64.0,1
1,1,9,49,0,5,0,0,140107,14,0,12,459.44,120742.29,64.0,3
1,1,9,49,0,5,0,0,80347,8,1,39,1290.89,417333.06,64.0,1
1,1,9,49,0,5,0,0,20437,2,0,50,1604.8,433638.45,64.0,2
1,0,9,55,0,2,0,2,60435,6,0,51,1476.63,488968.82,56.0,1
1,0,9,55,0,2,0,2,60380,6,0,43,1492.81,463180.98,56.0,1
1,0,9,55,0,2,0,2,120181,12,0,20,1802.21,526217.19,56.0,1
1,0,9,55,0,2,0,2,120224,12,0,24,1306.75,307839.56,56.0,3
1,0,9,55,0,2,0,2,180109,18,0,14,1742.3,514682.27,56.0,1
1,0,9,55,0,2,0,2,180145,18,0,19,1268.1,381039.09,56.0,3
1,0,8,4,0,5,1,2,180483,18,0,53,1806.7,524447.11,75.0,1
1,0,8,4,0,5,1,2,110422,11,0,50,948.72,268278.37,75.0,3
1,0,8,4,0,5,1,2,70312,7,0,37,1171.04,370830.27,75.0,2
1,0,8,4,0,5,1,2,170228,17,1,27,677.24,172612.98,75.0,3
1,0,8,4,0,5,1,2,60077,6,0,7,1075.42,266400.52,75.0,2
1,0,8,4,0,5,1,2,130149,13,0,17,1278.95,328669.66,75.0,3
1,0,8,4,0,5,1,2,10330,1,0,35,1168.59,338658.3,75.0,2
1,0,9,46,0,4,0,0,140211,14,0,23,1610.37,396708.4,56.0,1
1,0,9,46,0,4,0,0,200131,20,1,16,645.44,154432.32,56.0,3
1,0,9,46,0,4,0,0,40355,4,0,43,1616.99,522854.67,56.0,1
1,0,9,46,0,4,0,0,160024,16,1,4,1561.55,548503.64,56.0,1
1,0,9,46,0,4,0,0,30047,3,0,5,701.19,234957.5,56.0,2
1,0,9,46,0,4,0,0,100247,10,0,30,1559.4,412386.95,56.0,1
1,0,9,46,0,4,0,0,80467,8,0,55,1300.05,396074.48,56.0,1
1,0,9,31,1,2,0,2,70361,7,0,42,702.08,190215.58,40.0,2
1,0,9,31,1,2,0,2,20412,2,0,47,708.32,262911.79,40.0,2
1,0,9,31,1,2,0,2,10383,1,0,44,779.24,193408.0,40.0,2
1,0,9,31,1,2,0,2,80324,8,1,37,890.65,243462.74,40.0,2
1,0,9,31,1,2,0,2,140086,14,0,11,1431.42,358234.23,40.0,1
1,0,9,31,1,2,0,2,130208,13,0,24,1044.69,328347.26,40.0,3
1,0,9,31,1,2,0,2,190421,19,1,49,1004.26,275910.01,40.0,3
1,0,9,31,1,2,0,2,180537,18,1,61,1019.7,278882.5,40.0,3
1,1,9,55,0,2,1,0,110478,11,0,56,724.8,221884.06,56.0,3
1,1,9,55,0,2,1,0,90259,9,0,34,1577.36,423148.15,56.0,1
1,1,9,55,0,2,1,0,170289,17,0,35,1667.01,481753.89,56.0,1
1,1,9,55,0,2,1,0,30357,3,0,44,673.86,215993.99,56.0,2
1,1,9,55,0,2,1,0,200425,20,0,48,860.8,270773.11,56.0,3
1,1,9,55,0,2,1,0,60134,6,0,11,1719.85,542668.47,56.0,1
1,1,9,55,0,2,1,0,150015,15,1,2,1522.89,504070.7,56.0,1
1,1,9,42,0,2,1,2,170054,17,0,7,1300.91,350173.43,56.0,3
1,1,9,42,0,2,1,2,50361,5,0,44,806.03,246214.1,56.0,2
1,1,9,42,0,2,1,2,70099,7,0,13,604.6,191788.99,56.0,2
1,1,9,42,0,2,1,2,120358,12,0,38,1157.23,342143.75,56.0,3
1,1,9,42,0,2,1,2,110242,11,0,29,993.51,307831.28,56.0,3
1,1,9,42,0,2,1,2,180275,18,0,33,1191.96,334939.3,56.0,3
1,1,9,42,0,2,1,2,10122,1,1,15,765.0,274098.77,56.0,2
1,0,5,24,1,1,1,2,30091,3,0,9,1125.84,361782.84,54.0,2
1,0,5,24,1,1,1,2,140239,14,0,27,1866.49,605282.42,54.0,1
1,0,5,24,1,1,1,2,120287,12,0,33,1232.2,365743.18,54.0,1
1,0,5,24,1,1,1,2,10057,1,0,7,758.88,235151.17,54.0,2
1,0,5,24,1,1,1,2,90004,9,0,1,832.35,240059.83,54.0,2
1,0,5,24,1,1,1,2,180208,18,0,26,1147.71,293263.17,54.0,3
1,0,5,24,1,1,1,2,200164,20,0,18,1868.01,642233.35,54.0,1
1,0,5,24,1,1,1,2,70022,7,0,5,1144.09,338846.39,54.0,2
1,1,9,18,0,3,0,2,160064,16,0,8,986.18,300082.74,56.0,3
1,1,9,18,0,3,0,2,180171,18,0,22,1108.09,330298.49,56.0,3
1,1,9,18,0,3,0,2,60453,6,0,53,1170.96,320303.92,56.0,2
1,1,9,18,0,3,0,2,100285,10,0,33,1010.7,273820.14,56.0,2
1,1,9,18,0,3,0,2,10006,1,0,2,715.67,223171.15,56.0,2
1,1,9,18,0,3,0,2,120246,12,0,26,557.9,191930.42,56.0,3
1,1,9,18,0,3,0,2,40405,4,0,46,800.23,243500.06,56.0,2
1,1,9,6,0,1,0,2,160091,16,0,10,1608.56,507543.33,56.0,1
1,1,9,6,0,1,0,2,50287,5,0,37,1790.7,575737.82,56.0,1
1,1,9,6,0,1,0,2,100308,10,0,36,1920.65,531282.16,56.0,1
1,1,9,6,0,1,0,2,110177,11,0,19,1083.98,289695.75,56.0,3
1,1,9,6,0,1,0,2,40431,4,0,50,791.37,229012.23,56.0,2
1,1,9,6,0,1,0,2,160380,16,0,44,1695.03,485666.87,56.0,1
1,0,9,18,0,4,1,0,120323,12,0,35,1690.62,478604.48,81.0,1
1,0,9,18,0,4,1,0,70070,7,0,10,1495.37,499413.56,81.0,1
1,0,9,18,0,4,1,0,10096,1,0,13,719.47,226445.32,81.0,2
1,0,9,18,0,4,1,0,110201,11,0,23,1098.83,365015.6,81.0,3
1,0,9,18,0,4,1,0,180244,18,0,30,1795.66,559547.45,81.0,1
1,0,9,18,0,4,1,0,50318,5,0,41,630.83,198203.74,81.0,2
1,0,9,18,0,4,1,0,170012,17,0,1,530.28,164681.66,81.0,3
1,0,9,46,0,1,0,2,70025,7,0,5,1144.09,305670.88,44.0,2
1,0,9,46,0,1,0,2,70206,7,0,23,1222.69,346238.65,44.0,2
1,0,9,46,0,1,0,2,130049,13,0,4,1629.74,535134.61,44.0,1
1,0,9,46,0,1,0,2,10226,1,0,26,828.98,302468.7,44.0,2
1,0,9,46,0,1,0,2,10059,1,0,7,758.88,261397.12,44.0,2
1,0,9,46,0,1,0,2,120289,12,0,33,1232.2,359785.64,44.0,1
1,0,9,46,0,1,0,2,180210,18,0,27,650.82,174212.21,44.0,3
1,0,9,46,0,1,0,2,180393,18,0,44,1334.77,389378.82,44.0,3
1,0,9,6,0,1,0,2,100142,10,0,18,1244.03,353047.58,56.0,1
1,0,9,6,0,1,0,2,150439,15,0,55,892.75,270028.95,56.0,3
1,0,9,6,0,1,0,2,50031,5,0,6,775.85,201788.02,56.0,2
1,0,9,6,0,1,0,2,100349,10,0,42,1757.51,535002.72,56.0,1
1,0,9,6,0,1,0,2,40246,4,1,29,776.79,221054.54,56.0,2
1,0,9,6,0,1,0,2,160130,16,1,15,1365.29,485729.33,56.0,1
1,1,9,31,0,5,1,2,190351,19,0,41,1657.19,522575.71,85.0,1
1,1,9,31,0,5,1,2,50171,5,0,23,1006.65,309187.49,85.0,2
1,1,9,31,0,5,1,2,160288,16,0,34,743.19,228152.13,85.0,3
1,1,9,31,0,5,1,2,80242,8,0,31,1253.18,415476.82,85.0,1
1,1,9,31,0,5,1,2,110059,11,1,7,1734.79,615305.89,85.0,1
1,1,9,31,0,5,1,2,20342,2,0,41,654.93,202522.58,85.0,2
1,1,9,31,0,5,1,2,140021,14,1,4,1797.81,598226.98,85.0,1
1,0,9,55,0,2,0,0,20401,2,0,47,708.32,215489.22,67.0,2
1,0,9,55,0,2,0,0,80310,8,0,36,673.86,212206.92,67.0,2
1,0,9,55,0,2,0,0,160244,16,1,28,1440.71,420981.07,67.0,1
1,0,9,55,0,2,0,0,50133,5,0,17,798.74,249689.04,67.0,2
1,0,9,55,0,2,0,0,110017,11,0,2,938.0,281195.93,67.0,3
1,0,9,55,0,2,0,0,140077,14,0,10,686.98,198869.37,67.0,3
1,0,9,55,0,2,0,0,190407,19,0,46,1926.19,631227.87,67.0,1
1,0,9,55,0,2,0,2,90494,9,0,58,838.34,242090.36,56.0,2
1,0,9,55,0,2,0,2,20462,2,0,55,579.26,174080.92,56.0,2
1,0,9,55,0,2,0,2,140133,14,0,14,1628.68,518963.51,56.0,1
1,0,9,55,0,2,0,2,200048,20,0,5,802.5,266072.95,56.0,3
1,0,9,55,0,2,0,2,150256,15,1,30,1523.22,485590.73,56.0,1
1,0,9,55,0,2,0,2,80377,8,0,45,1185.72,369160.2,56.0,2
1,0,9,55,0,2,0,2,40065,4,0,7,786.36,220742.5,56.0,2
1,0,9,6,0,3,0,0,90157,9,0,24,914.61,261048.14,49.0,2
1,0,9,6,0,3,0,0,140388,14,0,47,917.53,291377.4,49.0,3
1,0,9,6,0,3,0,0,20472,2,1,55,579.26,160912.37,49.0,2
1,0,9,6,0,3,0,0,200055,20,0,6,1401.0,363033.03,49.0,3
1,0,9,6,0,3,0,0,200319,20,1,34,858.93,297822.29,49.0,3
1,0,9,6,0,3,0,0,30246,3,0,28,679.93,195873.81,49.0,2
1,0,9,6,0,3,0,0,80386,8,0,46,1175.51,374700.13,49.0,2
1,0,9,6,0,3,0,0,140140,14,1,15,784.04,228159.59,49.0,3
1,0,1,54,1,2,1,2,10031,1,0,4,633.61,207447.24,42.0,2
1,0,1,54,1,2,1,2,180189,18,1,25,911.94,270290.23,42.0,3
1,0,1,54,1,2,1,2,120266,12,0,28,1563.65,484992.96,42.0,1
1,0,1,54,1,2,1,2,110329,11,0,39,1816.63,609045.19,42.0,1
1,0,1,54,1,2,1,2,70001,7,0,1,759.04,260441.29,42.0,2
1,0,1,54,1,2,1,2,170147,17,1,16,1693.0,468036.24,42.0,1
1,0,1,54,1,2,1,2,50447,5,0,52,1755.18,600255.95,42.0,1
1,0,9,55,1,4,1,2,80044,8,0,5,887.23,221714.59,57.0,2
1,0,9,55,1,4,1,2,130434,13,0,48,1728.84,525419.08,57.0,1
1,0,9,55,1,4,1,2,150464,15,1,56,939.93,255723.6,57.0,3
1,0,9,55,1,4,1,2,100167,10,1,22,1116.68,285833.85,57.0,2
1,0,9,55,1,4,1,2,20163,2,1,19,795.52,278522.0,57.0,2
1,0,9,55,1,4,1,2,190164,19,0,21,477.75,142903.22,57.0,3
1,0,9,55,1,4,1,2,40269,4,0,31,793.1,223661.9,57.0,2
1,1,4,10,0,5,1,2,100270,10,0,31,1499.0,539319.21,56.0,1
1,1,4,10,0,5,1,2,40385,4,0,45,1160.48,376005.15,56.0,2
1,1,4,10,0,5,1,2,70088,7,0,12,804.65,266653.15,56.0,2
1,1,4,10,0,5,1,2,120345,12,0,38,1157.23,334438.68,56.0,3
1,1,4,10,0,5,1,2,180263,18,1,30,1795.66,610038.08,56.0,1
1,1,4,10,0,5,1,2,10112,1,0,14,1181.69,335715.04,56.0,2
1,1,4,10,0,5,1,2,160049,16,1,6,1062.34,297202.96,56.0,3
1,1,9,55,0,2,1,2,40154,4,0,18,1294.91,330997.32,56.0,2
1,1,9,55,0,2,1,2,120280,12,0,30,622.2,198851.29,56.0,3
1,1,9,55,0,2,1,2,180202,18,1,26,1147.71,345920.26,56.0,3
1,1,9,55,0,2,1,2,100055,10,0,6,842.66,256100.46,56.0,2
1,1,9,55,0,2,1,2,10047,1,0,5,753.87,216862.53,56.0,2
1,1,9,55,0,2,1,2,70015,7,1,3,888.5,266544.05,56.0,2
1,1,9,55,0,2,1,2,150359,15,0,43,1655.05,486957.94,56.0,1
1,1,9,18,1,5,0,0,170329,17,0,41,1422.93,433490.47,56.0,1
1,1,9,18,1,5,0,0,40352,4,0,42,738.34,220006.69,56.0,2
1,1,9,18,1,5,0,0,110515,11,0,61,1299.46,371382.35,56.0,1
1,1,9,18,1,5,0,0,100244,10,0,30,1559.4,490098.29,56.0,1
1,1,9,18,1,5,0,0,160022,16,0,4,1561.55,491066.86,56.0,1
1,1,9,18,1,5,0,0,60168,6,0,14,1890.0,605691.78,56.0,1
1,1,9,46,0,4,0,1,30424,3,0,49,1174.48,406133.89,82.0,2
1,1,9,46,0,4,0,1,140394,14,0,47,917.53,258518.28,82.0,3
1,1,9,46,0,4,0,1,90337,9,0,40,1090.32,364491.02,82.0,2
1,1,9,46,0,4,0,1,200496,20,0,57,445.15,151645.03,82.0,3
1,1,9,46,0,4,0,1,30252,3,0,28,679.93,225228.02,82.0,2
1,1,9,46,0,4,0,1,90165,9,0,26,1038.39,250841.37,82.0,2
1,1,9,46,0,4,0,1,200326,20,0,36,1484.99,528385.57,82.0,1
1,1,9,46,0,4,0,1,150090,15,0,14,1832.17,590525.42,82.0,1
1,0,9,55,0,4,0,2,10395,1,0,46,1153.16,314519.35,56.0,2
1,0,9,55,0,4,0,2,190133,19,0,18,1599.44,510536.52,56.0,1
1,0,9,55,0,4,0,2,130223,13,0,25,633.86,179447.57,56.0,3
1,0,9,55,0,4,0,2,180553,18,0,64,893.66,208140.68,56.0,3
1,0,9,55,0,4,0,2,70374,7,0,43,498.61,164944.49,56.0,2
1,0,9,55,0,4,0,2,80015,8,0,2,1097.36,363064.89,56.0,2
1,0,9,55,0,4,0,2,20134,2,0,16,1117.38,313850.22,56.0,2
1,0,9,55,0,4,0,2,130406,13,0,45,986.91,345185.95,56.0,3
1,1,9,55,0,3,0,0,150016,15,0,2,1522.89,564438.29,56.0,1
1,1,9,55,0,3,0,0,170042,17,0,5,1829.38,596863.29,56.0,1
1,1,9,55,0,3,0,0,200427,20,0,48,860.8,292476.39,56.0,3
1,1,9,55,0,3,0,0,50350,5,1,44,806.03,240471.14,56.0,2
1,1,9,55,0,3,0,0,30358,3,0,44,673.86,206911.5,56.0,2
1,1,9,55,0,3,0,0,90261,9,0,34,1577.36,440833.65,56.0,1
1,1,9,55,0,3,0,0,110230,11,0,28,868.85,240965.61,56.0,3
1,0,9,55,0,1,0,0,70157,7,0,19,751.07,223691.45,82.0,2
1,0,9,55,0,1,0,0,120411,12,0,47,1528.05,410486.46,82.0,1
1,0,9,55,0,1,0,0,10181,1,0,22,740.83,243726.07,82.0,2
1,0,9,55,0,1,0,0,180343,18,0,39,662.88,193455.41,82.0,3
1,0,9,55,0,1,0,0,90186,9,0,27,1207.33,355852.39,56.0,2
1,0,9,55,0,1,0,0,200347,20,0,38,1499.47,402705.53,56.0,1
1,0,9,55,0,1,0,0,140415,14,1,50,1114.18,312264.34,56.0,3
1,0,9,55,0,1,0,0,30283,3,0,34,768.76,227965.28,56.0,2
1,1,2,45,0,1,0,2,100148,10,0,19,948.04,274317.28,29.0,2
1,1,2,45,0,1,0,2,150443,15,1,55,892.75,298596.43,29.0,3
1,1,2,45,0,1,0,2,40250,4,0,30,1307.35,446358.88,29.0,2
1,0,9,55,0,4,0,1,120373,12,0,39,1653.93,596471.37,56.0,1
1,0,9,55,0,4,0,1,180289,18,0,35,799.05,279951.27,56.0,3
1,0,9,55,0,4,0,1,10136,1,0,17,608.25,167875.27,56.0,2
1,0,9,55,0,4,0,1,70111,7,0,15,602.92,198180.92,56.0,2
1,0,9,55,0,5,0,0,100203,10,0,26,1294.85,354252.16,79.0,1
1,0,9,55,0,5,0,0,40312,4,0,37,800.13,237481.19,79.0,2
1,0,9,55,0,5,0,0,150502,15,1,60,1033.2,342699.63,79.0,3
1,0,6,33,0,1,1,0,110505,11,0,60,1295.04,390197.22,56.0,1
1,0,6,33,0,1,1,0,170319,17,0,39,1341.67,350729.78,56.0,3
1,0,6,33,0,1,1,0,60158,6,1,13,581.47,208297.48,56.0,2
1,0,9,55,0,1,1,0,100217,10,0,27,777.35,225796.07,69.0,3
1,0,9,55,0,1,1,0,40323,4,0,39,743.73,248555.18,69.0,2
1,0,9,55,0,1,1,0,150512,15,0,60,1033.2,378709.68,69.0,3
1,1,9,46,1,4,0,2,110130,11,0,14,524.68,136179.62,56.0,3
1,1,9,46,1,4,0,2,50251,5,0,33,1787.13,533390.74,56.0,1
1,1,9,46,1,4,0,2,160350,16,0,41,1001.72,220378.4,56.0,3
1,1,4,32,0,4,1,0,190354,19,1,41,1657.19,528026.75,56.0,1
1,1,4,32,0,4,1,0,140024,14,0,5,424.34,121700.7,56.0,3
1,1,4,32,0,4,1,0,20347,2,0,41,654.93,197579.07,56.0,2
1,1,4,32,0,4,1,0,80248,8,0,31,1253.18,352347.86,56.0,2
1,1,9,1,1,3,0,0,180198,18,0,25,911.94,277921.61,56.0,3
1,1,9,1,1,3,0,0,10044,1,1,5,753.87,232407.25,56.0,2
1,1,9,1,1,3,0,0,120277,12,0,30,622.2,216541.46,56.0,3
1,1,9,1,1,3,0,0,70011,7,0,3,888.5,252997.81,56.0,2
1,0,9,3,0,2,0,2,150091,15,0,14,1832.17,567823.18,56.0,1
1,0,9,3,0,2,0,2,90338,9,0,40,1090.32,303695.54,56.0,2
1,0,9,3,0,2,0,2,30426,3,0,49,1174.48,343009.36,56.0,2
1,0,9,3,0,2,0,2,200497,20,0,57,445.15,131628.47,56.0,3
1,0,9,55,0,3,0,0,30033,3,0,4,719.96,230528.92,56.0,2
1,0,9,55,0,3,0,0,80455,8,0,54,1699.02,514096.93,56.0,1
1,0,9,55,0,3,0,0,200119,20,0,16,645.44,184932.22,56.0,3
1,0,9,55,0,3,0,0,140194,14,1,22,1148.66,324682.0,56.0,3
1,1,9,55,0,4,0,0,110447,11,0,52,1397.58,362828.72,56.0,1
1,1,9,55,0,4,0,0,60099,6,0,7,1075.42,296456.53,56.0,2
1,1,9,55,0,4,0,0,170250,17,0,28,1201.04,408993.51,56.0,1
1,1,9,6,1,5,0,0,50067,5,0,10,629.27,156700.2,56.0,2
1,1,9,6,1,5,0,0,160165,16,1,21,837.95,291601.39,56.0,3
1,1,9,6,1,5,0,0,100381,10,0,44,1224.71,361389.54,56.0,1
1,0,1,54,1,5,0,2,110238,11,0,29,993.51,303617.21,56.0,3
1,0,1,54,1,5,0,2,170047,17,0,6,1739.03,481085.34,56.0,1
1,0,1,54,1,5,0,2,50355,5,0,44,806.03,285832.09,56.0,2
1,0,5,8,1,4,0,2,110489,11,0,57,1008.58,326858.35,27.0,3
1,0,5,8,1,4,0,2,170298,17,0,37,644.06,204381.46,27.0,3
1,0,5,8,1,4,0,2,60144,6,0,12,1678.17,501616.65,27.0,1
1,1,9,43,0,1,0,2,200306,20,0,33,630.53,227379.46,56.0,3
1,1,9,43,0,1,0,2,140375,14,0,45,1388.61,392569.11,56.0,1
1,1,9,43,0,1,0,2,90146,9,0,22,1115.88,367987.52,56.0,2
1,1,9,43,0,1,0,2,30232,3,1,27,1117.14,364706.25,56.0,2
1,0,9,3,0,3,0,2,80154,8,0,20,774.16,209735.82,42.0,2
1,0,9,3,0,3,0,2,20266,2,0,31,629.92,189529.43,42.0,2
1,0,9,3,0,3,0,2,130545,13,0,63,1623.8,512052.93,42.0,1
1,0,9,3,0,3,0,2,190276,19,0,32,1048.61,327116.73,42.0,3
1,0,9,55,0,2,0,2,60304,6,0,33,1131.0,371174.41,56.0,2
1,0,9,55,0,2,0,2,180014,18,1,2,650.96,196014.35,56.0,3
1,0,9,55,0,2,0,2,120098,12,0,12,959.05,269450.51,56.0,3
1,1,9,55,0,4,0,2,180549,18,0,63,1855.14,639093.49,56.0,1
1,1,9,55,0,4,0,2,130218,13,1,25,633.86,154903.56,56.0,3
1,1,9,55,0,4,0,2,10392,1,0,46,1153.16,300423.34,56.0,2
1,1,9,55,0,4,0,2,70371,7,0,43,498.61,173233.18,56.0,2
1,1,2,30,1,1,0,2,170208,17,0,23,1025.52,337329.51,75.0,3
1,1,2,30,1,1,0,2,60056,6,0,5,1617.43,521703.52,75.0,1
1,1,2,30,1,1,0,2,110403,11,0,48,661.7,201779.65,75.0,3
0,0,9,55,0,5,0,2,90045,9,0,8,1315.55,332067.85,56.0,0
0,0,9,55,0,5,0,2,200205,20,0,25,780.74,244512.28,56.0,0
0,0,9,55,0,5,0,2,140280,14,0,33,1894.96,538973.07,56.0,0
0,0,9,55,0,5,0,2,30134,3,0,13,754.84,261580.4,56.0,0
1,1,9,43,1,3,0,0,60205,6,0,19,1542.71,421263.63,69.0,1
1,1,9,43,1,3,0,0,110555,11,0,65,1427.09,396047.03,69.0,1
1,1,9,43,1,3,0,0,170371,17,0,46,1582.61,406250.16,69.0,1
1,1,9,3,1,3,1,2,130192,13,0,20,516.72,164585.63,52.0,3
1,1,9,3,1,3,1,2,180522,18,0,58,955.23,260867.71,52.0,3
1,1,9,3,1,3,1,2,70343,7,0,41,1093.92,304478.01,52.0,2
1,1,9,3,1,3,1,2,10367,1,0,40,784.22,239410.52,52.0,2
1,1,9,3,0,5,0,2,100077,10,0,9,1849.4,539103.37,56.0,1
1,1,9,3,0,5,0,2,150383,15,0,48,1403.33,436176.31,56.0,1
1,1,9,3,0,5,0,2,40184,4,0,22,737.92,213975.95,56.0,2
1,0,9,55,0,1,1,0,130114,13,0,14,777.75,202719.39,56.0,3
1,0,9,55,0,1,1,0,70269,7,1,30,1237.23,405353.74,56.0,1
1,0,9,55,0,1,1,0,10288,1,0,30,753.29,220486.36,56.0,2
1,0,9,55,0,1,1,0,180450,18,0,50,854.74,292067.45,56.0,3
1,0,9,3,0,2,0,2,60043,6,0,4,1925.28,675765.41,68.0,1
1,0,9,3,0,2,0,2,170197,17,0,22,1221.66,347335.46,68.0,3
1,0,9,3,0,2,0,2,110386,11,0,45,1651.09,548150.16,68.0,1
1,0,9,1,0,5,1,2,50250,5,0,33,1787.13,499753.6,56.0,1
1,0,9,1,0,5,1,2,160349,16,0,41,1001.72,288157.93,56.0,3
1,0,9,1,0,5,1,2,110129,11,0,14,524.68,154333.84,56.0,3
1,0,9,31,1,4,0,2,60034,6,0,3,605.21,168558.2,56.0,2
1,0,9,31,1,4,0,2,170186,17,1,20,792.27,306527.75,56.0,3
1,0,9,31,1,4,0,2,110373,11,0,44,434.38,131519.77,56.0,3
1,1,9,3,1,5,0,2,170230,17,0,27,677.24,216050.75,56.0,3
1,1,9,3,1,5,0,2,60081,6,0,7,1075.42,355384.51,56.0,2
1,1,9,3,1,5,0,2,110424,11,0,50,948.72,320784.87,56.0,3
0,1,9,18,1,4,1,2,180175,18,0,23,1659.02,567272.16,56.0,0
0,1,9,18,1,4,1,2,10011,1,0,2,715.67,216996.95,56.0,0
0,1,9,18,1,4,1,2,60458,6,0,53,1170.96,371616.82,56.0,0
0,1,9,18,1,4,1,2,120254,12,0,27,871.52,301543.09,56.0,0
1,1,3,2,1,2,1,2,50367,5,0,45,608.89,190247.1,56.0,2
1,1,3,2,1,2,1,2,110249,11,0,30,642.72,172359.93,56.0,3
1,1,3,2,1,2,1,2,170062,17,0,8,1297.3,367286.05,56.0,3
1,0,9,55,0,3,1,2,140047,14,0,8,618.89,201483.41,64.0,3
1,0,9,55,0,3,1,2,190375,19,0,42,1137.59,340657.59,64.0,3
1,0,9,55,0,3,1,2,80272,8,0,33,1809.87,556388.88,64.0,1
1,0,9,55,0,3,1,2,20369,2,0,44,580.26,178180.61,64.0,2
1,1,4,32,0,4,1,2,130539,13,0,62,452.68,139864.72,28.0,3
1,1,4,32,0,4,1,2,80148,8,0,18,1328.53,427127.89,28.0,1
1,1,4,32,0,4,1,2,190272,19,0,31,1089.64,286904.35,28.0,3
1,1,4,32,0,4,1,2,20260,2,0,30,786.4,251909.58,28.0,2
1,0,9,20,0,1,1,2,40240,4,0,29,776.79,206436.34,47.0,2
1,0,9,20,0,1,1,2,100131,10,0,17,647.35,194001.1,47.0,3
1,0,9,20,0,1,1,2,150434,15,0,54,1495.13,439529.6,47.0,1
1,1,9,55,0,5,0,2,70419,7,0,49,1383.05,427566.1,76.0,1
1,1,9,55,0,5,0,2,130277,13,0,32,1114.07,307504.71,76.0,3
1,1,9,55,0,5,0,2,20023,2,0,3,645.84,194560.69,76.0,2
1,1,9,55,0,5,0,2,190015,19,0,4,1225.38,338955.08,76.0,3
1,1,2,15,0,3,0,0,40196,4,1,25,1310.16,339954.47,53.0,2
1,1,2,15,0,3,0,0,150391,15,0,50,1841.5,627817.81,53.0,1
1,1,2,15,0,3,0,0,100085,10,1,10,1196.84,353703.41,53.0,1
1,1,9,55,0,5,1,2,60371,6,0,42,1766.89,476822.55,41.0,1
1,1,9,55,0,5,1,2,180099,18,0,14,1742.3,501441.18,41.0,1
1,1,9,55,0,5,1,2,120174,12,0,19,1381.22,414089.58,41.0,1
1,0,9,46,0,4,1,0,110174,11,0,18,1562.55,472802.29,44.0,1
1,0,9,46,0,4,1,0,50281,5,0,36,627.56,213990.68,44.0,2
1,0,9,46,0,4,1,0,160378,16,0,43,1185.4,438939.75,44.0,1
1,0,9,31,0,3,1,2,30151,3,0,16,1587.26,561242.82,56.0,1
1,0,9,31,0,3,1,2,90069,9,0,12,952.38,280593.08,56.0,2
1,0,9,31,0,3,1,2,140297,14,1,34,513.06,156115.46,56.0,3
1,0,9,31,0,3,1,2,200220,20,1,27,993.62,354812.31,56.0,3
1,0,9,3,1,3,0,2,60348,6,1,39,744.54,227687.32,56.0,2
1,0,9,3,1,3,0,2,180075,18,0,9,894.92,293067.82,56.0,3
1,0,9,3,1,3,0,2,120149,12,1,17,1428.55,414273.14,56.0,1
1,0,6,27,0,5,1,2,110488,11,0,57,1008.58,311573.77,56.0,3
1,0,6,27,0,5,1,2,60142,6,0,12,1678.17,486971.08,56.0,1
1,0,6,27,0,5,1,2,170296,17,0,37,644.06,227389.86,56.0,3
1,1,9,43,0,3,1,0,180440,18,0,49,1457.92,478633.51,56.0,1
1,1,9,43,0,3,1,0,70258,7,0,28,694.55,199191.81,56.0,2
1,1,9,43,0,3,1,0,10279,1,0,30,753.29,243911.06,56.0,2
1,1,9,43,0,3,1,0,130104,13,1,12,1858.65,436579.35,56.0,1
1,0,9,43,0,2,0,2,90170,9,0,26,1038.39,297132.68,48.0,2
1,0,9,43,0,2,0,2,140399,14,0,48,1941.78,497893.52,48.0,1
1,0,9,43,0,2,0,2,30260,3,0,28,679.93,198426.44,48.0,2
1,0,9,43,0,2,0,2,200332,20,0,36,1484.99,389325.25,48.0,1
1,0,9,55,0,1,0,2,110106,11,0,13,474.93,140213.02,27.0,3
1,0,9,55,0,1,0,2,50216,5,1,28,1247.24,365998.75,27.0,2
1,0,9,55,0,1,0,2,160331,16,1,39,1562.93,540440.51,27.0,1
1,1,9,18,1,4,0,0,170341,17,0,42,691.03,206013.07,52.0,3
1,1,9,18,1,4,0,0,60177,6,0,16,1687.92,500551.32,52.0,1
1,1,9,18,1,4,0,0,110529,11,0,62,1938.82,648020.11,52.0,1
1,1,4,21,0,1,1,0,50115,5,0,15,1050.95,340987.95,56.0,2
1,1,4,21,0,1,1,0,160223,16,0,27,1164.55,369524.95,56.0,3
1,1,4,21,0,1,1,0,100427,10,1,50,1138.32,313972.36,56.0,3
1,1,9,55,0,1,0,2,180571,18,0,66,1631.24,501575.25,56.0,1
1,1,9,55,0,1,0,2,70389,7,0,44,1859.83,553756.62,56.0,1
1,1,9,55,0,1,0,2,10414,1,0,48,1170.93,333101.77,56.0,2
1,1,9,55,0,1,0,2,130240,13,0,28,1173.72,308106.88,56.0,3
1,1,9,6,0,4,1,0,170247,17,0,28,1201.04,355954.45,57.0,3
1,1,9,6,0,4,1,0,110441,11,0,52,1397.58,371257.45,57.0,1
1,1,9,6,0,4,1,0,60095,6,1,7,1075.42,308722.73,57.0,2
1,0,9,55,1,4,0,0,140061,14,0,8,618.89,192018.85,57.0,3
1,0,9,55,1,4,0,0,20385,2,0,46,697.74,212979.7,57.0,2
1,0,9,55,1,4,0,0,190393,19,0,44,982.8,248431.99,57.0,3
1,0,9,55,1,4,0,0,80287,8,0,33,1809.87,489564.98,57.0,1
1,1,8,4,0,2,0,0,50204,5,0,27,1278.6,396653.03,56.0,2
1,1,8,4,0,2,0,0,110095,11,0,10,1519.64,459717.65,56.0,1
1,1,8,4,0,2,0,0,160321,16,0,38,431.83,125935.98,56.0,3
1,0,9,43,0,5,0,2,160019,16,0,3,466.91,124643.03,49.0,3
1,0,9,43,0,5,0,2,100242,10,0,29,486.78,127461.75,49.0,3
1,0,9,43,0,5,0,2,40350,4,0,42,738.34,211507.17,49.0,2
1,0,9,18,1,2,0,2,170043,17,0,5,1829.38,527700.01,56.0,1
1,0,9,18,1,2,0,2,110232,11,0,29,993.51,312702.74,56.0,3
1,0,9,18,1,2,0,2,50351,5,1,44,806.03,241818.73,56.0,2
1,0,9,46,0,4,0,2,130373,13,0,41,1168.7,339690.34,56.0,3
1,0,9,46,0,4,0,2,190105,19,0,14,630.47,177004.8,56.0,3
1,0,9,46,0,4,0,2,70506,7,0,58,1629.83,486893.64,56.0,1
1,0,9,46,0,4,0,2,20110,2,0,13,782.33,235637.33,56.0,2
1,0,9,6,0,5,0,2,70063,7,0,10,1495.37,460690.42,56.0,1
1,0,9,6,0,5,0,2,180238,18,0,29,578.36,179317.03,56.0,3
1,0,9,6,0,5,0,2,10089,1,0,12,621.14,193074.48,56.0,2
1,0,9,6,0,5,0,2,120317,12,0,35,1690.62,499070.64,56.0,1
1,0,8,4,1,3,1,1,190229,19,0,27,1691.96,598112.26,65.0,1
1,0,8,4,1,3,1,1,80103,8,0,13,660.3,198403.06,65.0,2
1,0,8,4,1,3,1,1,130491,13,0,57,1717.49,553202.56,65.0,1
1,0,8,4,1,3,1,1,20223,2,0,25,943.48,339365.18,65.0,2
1,1,9,55,0,1,1,2,170383,17,0,47,1106.83,333320.89,35.0,3
1,1,9,55,0,1,1,2,120001,12,0,1,839.95,242722.44,35.0,3
1,1,9,55,0,1,1,2,60215,6,0,20,1897.17,574185.82,35.0,1
1,1,9,55,0,1,0,2,100016,10,0,4,1765.37,534131.64,56.0,1
1,1,9,55,0,1,0,2,40117,4,0,14,1322.66,398376.72,56.0,2
1,1,9,55,0,1,0,2,150314,15,1,35,745.49,212947.87,56.0,3
1,1,8,25,0,4,1,0,180163,18,0,21,1790.69,525651.46,56.0,1
1,1,8,25,0,4,1,0,120240,12,0,26,557.9,169877.17,56.0,3
1,1,8,25,0,4,1,0,60448,6,0,53,1170.96,306183.74,56.0,2
1,0,9,31,0,4,0,2,160341,16,0,41,1001.72,290115.22,56.0,3
1,0,9,31,0,4,0,2,50240,5,0,32,1051.39,327070.05,56.0,2
1,0,9,31,0,4,0,2,110117,11,0,13,474.93,162211.14,56.0,3
1,0,9,18,1,3,0,2,120371,12,1,38,1157.23,387130.78,80.0,1
1,0,9,18,1,3,0,2,10133,1,0,16,612.76,183956.85,80.0,2
1,0,9,18,1,3,0,2,70108,7,1,14,714.65,250498.72,80.0,2
1,0,9,18,1,3,0,2,180286,18,0,35,799.05,235606.44,80.0,3
0,0,9,6,1,4,1,2,130414,13,0,47,1874.35,547366.98,56.0,0
0,0,9,6,1,4,1,2,190142,19,0,19,1697.73,491253.25,56.0,0
0,0,9,6,1,4,1,2,80021,8,0,3,1736.05,502610.03,56.0,0
0,0,9,6,1,4,1,2,20144,2,1,17,1397.4,553392.84,56.0,0
1,1,9,31,0,2,0,2,40010,4,0,1,1615.98,507625.15,56.0,1
1,1,9,31,0,2,0,2,90434,9,0,55,1182.51,332249.26,56.0,2
1,1,9,31,0,2,0,2,150192,15,0,23,1279.23,393385.99,56.0,1
1,1,9,18,1,2,1,2,160156,16,0,19,1163.06,377230.63,44.0,3
1,1,9,18,1,2,1,2,100373,10,0,43,1093.67,364059.52,44.0,1
1,1,9,18,1,2,1,2,50055,5,0,9,793.56,227850.26,44.0,2
1,0,9,3,0,2,1,0,120351,12,0,38,1157.23,343865.15,33.0,3
1,0,9,3,0,2,1,0,10115,1,1,14,1181.69,339559.01,33.0,2
1,0,9,3,0,2,1,0,180267,18,0,31,945.46,271698.96,33.0,3
1,0,9,3,0,2,1,0,70092,7,0,13,604.6,172642.9,33.0,2
0,1,1,5,0,1,0,2,80129,8,0,15,534.85,146835.08,56.0,0
0,1,1,5,0,1,0,2,20241,2,0,26,1577.79,523520.73,56.0,0
0,1,1,5,0,1,0,2,130515,13,0,60,1401.81,407949.15,56.0,0
0,1,1,5,0,1,0,2,190251,19,1,29,1657.84,629727.03,56.0,0
1,1,9,55,0,5,1,0,160252,16,0,29,489.49,141541.69,56.0,3
1,1,9,55,0,5,1,0,110025,11,1,3,1479.84,366569.28,56.0,1
1,1,9,55,0,5,1,0,50141,5,0,18,1267.03,423535.41,56.0,2
1,0,9,43,0,4,1,0,70448,7,0,53,884.87,278252.51,77.0,2
1,0,9,43,0,4,1,0,190049,19,0,8,974.77,306437.45,77.0,3
1,0,9,43,0,4,1,0,130310,13,0,34,1557.0,426946.49,77.0,1
1,0,9,43,0,4,1,0,20055,2,0,6,967.84,302858.56,77.0,2
1,0,9,7,1,3,0,2,80257,8,0,31,1253.18,425894.16,56.0,1
1,0,9,7,1,3,0,2,20352,2,1,42,786.45,209063.55,56.0,2
1,0,9,7,1,3,0,2,140029,14,0,5,424.34,137345.87,56.0,3
1,0,9,7,1,3,0,2,190359,19,0,42,1137.59,336636.28,56.0,3
1,1,9,20,0,2,0,0,110098,11,1,10,1519.64,536079.52,57.0,1
1,1,9,20,0,2,0,0,50207,5,0,27,1278.6,371396.41,57.0,2
1,1,9,20,0,2,0,0,160324,16,0,38,431.83,141634.15,57.0,3
1,0,9,6,0,5,0,2,40259,4,0,31,793.1,232921.37,56.0,2
1,0,9,6,0,5,0,2,150450,15,1,55,892.75,301393.71,56.0,3
1,0,9,6,0,5,0,2,100157,10,0,20,1264.43,389694.82,56.0,1
1,0,9,55,1,3,0,0,200475,20,0,54,589.61,165450.84,56.0,3
1,0,9,55,1,3,0,0,30401,3,1,49,1174.48,380891.56,56.0,2
1,0,9,55,1,3,0,0,90309,9,1,38,1260.31,479460.4,56.0,1
1,0,9,55,1,3,0,0,150065,15,0,10,1072.95,269886.57,56.0,3
1,0,8,38,0,5,1,2,90068,9,0,12,952.38,306226.35,32.0,2
1,0,8,38,0,5,1,2,140296,14,0,34,513.06,151459.02,32.0,3
1,0,8,38,0,5,1,2,30150,3,0,16,1587.26,446778.13,32.0,2
1,0,8,38,0,5,1,2,200219,20,0,26,1941.62,535120.87,32.0,1
1,1,3,52,1,2,0,2,30472,3,0,56,1179.42,341971.22,56.0,2
1,1,3,52,1,2,0,2,90391,9,0,46,662.32,170559.17,56.0,2
1,1,3,52,1,2,0,2,150142,15,0,17,562.64,169922.25,56.0,3
1,1,9,6,0,2,0,2,110009,11,0,1,1902.88,623754.36,75.0,1
1,1,9,6,0,2,0,2,50125,5,0,16,1060.08,266175.15,75.0,2
1,1,9,6,0,2,0,2,160236,16,0,28,1440.71,453519.83,75.0,1
1,1,9,31,0,1,1,2,200190,20,0,20,1110.23,321475.82,56.0,3
1,1,9,31,0,1,1,2,30121,3,1,11,1283.1,286088.15,56.0,2
1,1,9,31,0,1,1,2,90032,9,0,7,697.68,235108.59,56.0,2
1,1,9,31,0,1,1,2,140266,14,0,29,1618.34,394827.74,56.0,1
1,0,9,49,0,5,0,2,90427,9,0,53,599.72,178627.91,56.0,2
1,0,9,49,0,5,0,2,40003,4,0,1,1615.98,419401.36,56.0,2
1,0,9,49,0,5,0,2,150186,15,0,23,1279.23,413166.71,56.0,1
1,1,9,3,1,1,1,0,60026,6,0,2,1338.63,388031.05,56.0,2
1,1,9,3,1,1,1,0,170179,17,0,19,1712.06,510899.59,56.0,1
1,1,9,3,1,1,1,0,110358,11,0,42,808.59,224518.89,56.0,3
1,0,9,55,1,2,1,2,60190,6,0,19,1542.71,384958.51,71.0,2
1,0,9,55,1,2,1,2,170353,17,0,45,1574.3,459422.09,71.0,1
1,0,9,55,1,2,1,2,110542,11,0,62,1938.82,598158.07,71.0,1
1,0,9,31,0,1,0,2,170138,17,0,16,1693.0,462143.05,56.0,1
1,0,9,31,0,1,0,2,50436,5,0,51,1029.59,299112.38,56.0,2
1,0,9,31,0,1,0,2,110322,11,0,38,788.47,251730.82,56.0,3
1,1,9,6,0,4,0,1,130251,13,0,29,568.7,150790.34,56.0,3
1,1,9,6,0,4,0,1,180580,18,1,67,1664.17,455695.0,56.0,1
1,1,9,6,0,4,0,1,20003,2,0,1,706.3,202389.15,56.0,2
1,1,9,6,0,4,0,1,70400,7,0,46,1677.84,473146.44,56.0,1
1,0,9,55,0,1,1,0,40162,4,0,20,1609.62,474937.38,56.0,1
1,0,9,55,0,1,1,0,150363,15,0,44,1713.09,522943.88,56.0,1
1,0,9,55,0,1,1,0,100059,10,1,6,842.66,258394.11,56.0,3
1,0,9,55,1,1,0,2,70104,7,0,14,714.65,214564.09,56.0,2
1,0,9,55,1,1,0,2,10127,1,1,15,765.0,207359.1,56.0,2
1,0,9,55,1,1,0,2,180280,18,0,35,799.05,235947.23,56.0,3
1,0,9,55,1,1,0,2,120363,12,0,38,1157.23,315993.38,56.0,3
1,0,9,1,0,2,1,0,140110,14,0,12,459.44,146928.09,64.0,3
1,0,9,1,0,2,1,0,20440,2,0,51,699.31,206388.13,64.0,2
1,0,9,1,0,2,1,0,200020,20,0,2,1669.84,503401.23,64.0,1
1,0,9,1,0,2,1,0,80350,8,1,40,861.57,261882.02,64.0,2
1,1,9,1,0,4,0,1,20362,2,0,42,786.45,231735.21,56.0,2
1,1,9,1,0,4,0,1,140042,14,0,7,641.37,213442.59,56.0,3
1,1,9,1,0,4,0,1,190371,19,0,42,1137.59,354756.38,56.0,3
1,1,9,1,0,4,0,1,80268,8,0,32,1410.88,452041.67,56.0,1
1,1,4,10,1,3,0,2,200165,20,0,18,1868.01,575785.08,27.0,1
1,1,4,10,1,3,0,2,30092,3,0,9,1125.84,329256.08,27.0,2
1,1,4,10,1,3,0,2,140241,14,0,27,1866.49,534655.53,27.0,1
1,1,4,10,1,3,0,2,90005,9,0,1,832.35,239359.44,27.0,2
1,1,8,38,0,1,0,0,170268,17,0,32,954.54,246881.14,56.0,3
1,1,8,38,0,1,0,0,60115,6,0,10,942.08,277376.95,56.0,2
1,1,8,38,0,1,0,0,110460,11,0,53,1069.19,335095.0,56.0,3
1,0,0,19,0,5,0,2,50387,5,1,46,1272.95,483565.19,36.0,1
1,0,0,19,0,5,0,2,170081,17,0,10,1059.07,306057.52,36.0,3
1,0,0,19,0,5,0,2,110270,11,0,32,1285.87,381642.32,36.0,1
1,1,9,3,1,4,0,0,30213,3,0,24,776.04,222919.64,28.0,2
1,1,9,3,1,4,0,0,90127,9,0,19,1866.15,556972.3,28.0,1
1,1,9,3,1,4,0,0,200290,20,0,32,1630.81,428379.46,28.0,1
1,1,9,3,1,4,0,0,140360,14,0,43,520.49,156017.83,28.0,3
1,0,9,55,1,5,0,0,190132,19,0,18,1599.44,465791.79,56.0,1
1,0,9,55,1,5,0,0,130405,13,1,45,986.91,303252.26,56.0,3
1,0,9,55,1,5,0,0,20133,2,0,16,1117.38,401500.38,56.0,2
1,0,9,55,1,5,0,0,80012,8,0,2,1097.36,363317.92,56.0,2
1,1,9,55,0,2,0,2,50330,5,0,42,791.2,212618.56,64.0,2
1,1,9,55,0,2,0,2,110210,11,0,24,1481.82,384711.43,64.0,1
1,1,9,55,0,2,0,2,170024,17,1,2,1738.5,618068.19,64.0,1
1,1,9,18,0,2,0,0,120003,12,0,1,839.95,217050.04,73.0,3
1,1,9,18,0,2,0,0,170385,17,0,48,1833.96,578696.13,73.0,1
1,1,9,18,0,2,0,0,60219,6,0,20,1897.17,526760.59,73.0,1
1,0,9,55,0,1,0,0,30101,3,0,9,1125.84,353144.13,80.0,2
1,0,9,55,0,1,0,0,90012,9,0,1,832.35,232726.96,80.0,2
1,0,9,55,0,1,0,0,140247,14,0,29,1618.34,562572.19,80.0,1
1,0,9,55,0,1,0,0,200172,20,0,19,759.72,294375.06,80.0,3
1,0,9,55,1,4,0,2,130012,13,0,1,1899.92,555343.32,33.0,1
1,0,9,55,1,4,0,2,180355,18,0,40,990.46,295510.6,33.0,3
1,0,9,55,1,4,0,2,70173,7,0,20,1160.82,399084.27,33.0,2
1,0,9,55,1,4,0,2,10198,1,0,24,1146.11,330938.46,33.0,2
1,1,9,18,0,3,1,2,70229,7,0,25,573.8,163464.75,56.0,2
1,1,9,18,0,3,1,2,180414,18,0,47,520.85,168344.73,56.0,3
1,1,9,18,0,3,1,2,130073,13,0,9,1448.68,483003.01,56.0,1
1,1,9,18,0,3,1,2,10250,1,1,29,757.2,212438.42,56.0,2
1,1,7,41,0,3,0,0,110350,11,0,42,808.59,241210.83,58.0,3
1,1,7,41,0,3,0,0,170175,17,0,19,1712.06,480709.27,58.0,1
1,1,7,41,0,3,0,0,60020,6,0,1,1720.95,628455.63,58.0,1
1,1,2,15,0,1,1,1,110091,11,0,10,1519.64,449749.3,42.0,1
1,1,2,15,0,1,1,1,160317,16,0,37,922.03,272780.53,42.0,3
1,1,2,15,0,1,1,1,50200,5,0,26,1272.4,420345.63,42.0,2
1,0,8,47,1,5,0,0,140227,14,0,24,1205.25,389395.46,56.0,1
1,0,8,47,1,5,0,0,200152,20,0,18,1868.01,549203.19,56.0,1
1,0,8,47,1,5,0,0,30075,3,0,7,744.01,239700.98,56.0,2
1,0,8,47,1,5,0,0,80488,8,0,56,1874.7,530885.12,56.0,1
1,0,9,31,0,3,0,2,90174,9,0,26,1038.39,321101.26,53.0,2
1,0,9,31,0,3,0,2,200335,20,1,37,632.35,174310.03,53.0,3
1,0,9,31,0,3,0,2,140402,14,0,48,1941.78,565653.37,53.0,1
1,0,9,31,0,3,0,2,30269,3,0,29,666.0,201414.57,53.0,2
1,0,8,47,0,5,0,0,190198,19,0,24,620.51,188692.55,49.0,3
1,0,8,47,0,5,0,0,130459,13,0,53,968.77,320906.8,49.0,3
1,0,8,47,0,5,0,0,20194,2,0,22,653.41,172520.48,49.0,2
1,0,8,47,0,5,0,0,80073,8,0,8,1552.34,495541.93,49.0,1
1,1,2,0,0,5,1,2,100155,10,0,19,948.04,294620.75,67.0,2
1,1,2,0,0,5,1,2,150448,15,0,55,892.75,271118.72,67.0,3
1,1,2,0,0,5,1,2,40257,4,0,31,793.1,279217.08,67.0,2
1,0,9,46,0,4,0,0,170176,17,0,19,1712.06,452486.22,67.0,1
1,0,9,46,0,4,0,0,60022,6,0,2,1338.63,343865.93,67.0,2
1,0,9,46,0,4,0,0,110354,11,0,42,808.59,249424.37,67.0,3
1,0,9,43,1,1,0,0,20409,2,0,47,708.32,190628.71,56.0,2
1,0,9,43,1,1,0,0,140083,14,1,11,1431.42,492509.45,56.0,1
1,0,9,43,1,1,0,0,190413,19,0,46,1926.19,712128.48,56.0,1
1,0,9,43,1,1,0,0,80319,8,1,37,890.65,259033.69,56.0,2
1,0,9,46,1,5,1,2,90274,9,0,35,1376.88,464094.48,69.0,1
1,0,9,46,1,5,1,2,200438,20,1,49,880.76,319009.74,69.0,3
1,0,9,46,1,5,1,2,30368,3,0,46,1599.81,395214.07,69.0,2
1,0,9,46,1,5,1,2,150031,15,0,4,1110.88,340794.83,69.0,3
1,1,9,55,1,1,0,0,30117,3,0,10,784.09,211715.31,56.0,2
1,1,9,55,1,1,0,0,140263,14,0,29,1618.34,485471.2,56.0,1
1,1,9,55,1,1,0,0,200187,20,0,20,1110.23,323595.45,56.0,3
1,1,9,55,1,1,0,0,90028,9,0,6,1821.59,664971.32,56.0,1
1,0,9,1,0,1,0,2,170414,17,0,48,1833.96,561574.14,56.0,1
1,0,9,1,0,1,0,2,120036,12,1,4,1559.34,442139.42,56.0,1
1,0,9,1,0,1,0,2,60249,6,0,25,1086.43,324022.67,56.0,2
1,1,9,55,0,1,0,1,200180,20,0,19,759.72,230825.85,38.0,3
1,1,9,55,0,1,0,1,140254,14,0,29,1618.34,493102.83,38.0,1
1,1,9,55,0,1,0,1,90021,9,0,4,1139.87,408511.51,38.0,1
1,1,9,55,0,1,0,1,30108,3,1,10,784.09,267258.6,38.0,2
1,1,9,55,0,5,1,1,130302,13,1,33,1445.84,500020.84,56.0,1
1,1,9,55,0,5,1,1,70442,7,0,52,1281.14,393758.89,56.0,2
1,1,9,55,0,5,1,1,190041,19,0,7,973.6,307421.87,56.0,3
1,1,9,55,0,5,1,1,20050,2,0,6,967.84,288968.78,56.0,2
1,0,1,5,1,4,1,0,90408,9,0,52,1126.02,311089.65,53.0,2
1,0,1,5,1,4,1,0,30496,3,0,58,1588.14,528227.73,53.0,1
1,0,1,5,1,4,1,0,150168,15,0,22,1317.29,337265.16,53.0,3
1,0,9,49,0,4,0,0,50440,5,0,52,1755.18,578028.54,56.0,1
1,0,9,49,0,4,0,0,110325,11,0,38,788.47,259197.21,56.0,3
1,0,9,49,0,4,0,0,170144,17,1,16,1693.0,545423.83,56.0,1
1,1,8,25,0,3,0,2,30492,3,0,57,1607.94,487171.09,34.0,1
1,1,8,25,0,3,0,2,90405,9,0,51,1816.78,525344.23,34.0,1
1,1,8,25,0,3,0,2,150165,15,0,21,1271.25,376814.3,34.0,1
1,1,9,7,0,2,0,2,80083,8,0,9,1869.81,582311.86,74.0,1
1,1,9,7,0,2,0,2,20205,2,1,23,1416.33,469252.91,74.0,2
1,1,9,7,0,2,0,2,190210,19,0,25,996.38,296420.21,74.0,3
1,1,9,7,0,2,0,2,130471,13,0,53,968.77,285014.58,74.0,3
1,1,9,18,0,3,1,2,200344,20,0,37,632.35,178371.29,56.0,3
1,1,9,18,0,3,1,2,140411,14,0,49,1231.75,344775.72,56.0,3
1,1,9,18,0,3,1,2,90183,9,0,27,1207.33,363263.79,56.0,2
1,1,9,18,0,3,1,2,30279,3,0,32,777.85,219257.86,56.0,2
0,1,9,55,0,1,0,0,160260,16,0,31,1336.97,467065.87,52.0,0
0,1,9,55,0,1,0,0,50148,5,0,19,819.72,242140.66,52.0,0
0,1,9,55,0,1,0,0,110033,11,1,4,1414.25,381879.4,52.0,0
1,1,9,49,1,4,0,0,50435,5,0,50,1261.07,365379.52,56.0,2
1,1,9,49,1,4,0,0,110321,11,0,38,788.47,258318.58,56.0,3
1,1,9,49,1,4,0,0,170136,17,1,15,1365.73,417096.92,56.0,1
1,1,6,12,1,5,0,2,80349,8,0,40,861.57,282263.83,56.0,2
1,1,6,12,1,5,0,2,140109,14,0,12,459.44,146274.65,56.0,3
1,1,6,12,1,5,0,2,200016,20,0,1,1898.39,560474.88,56.0,1
1,1,6,12,1,5,0,2,20439,2,1,51,699.31,189593.2,56.0,2
1,1,8,38,1,4,1,2,130514,13,0,59,1434.04,484604.41,56.0,1
1,1,8,38,1,4,1,2,20240,2,1,26,1577.79,539543.52,56.0,1
1,1,8,38,1,4,1,2,190250,19,0,29,1657.84,541632.06,56.0,1
1,1,8,38,1,4,1,2,80125,8,0,14,685.93,226667.28,56.0,2
1,0,9,55,1,2,1,2,170292,17,0,35,1667.01,518973.54,56.0,1
1,0,9,55,1,2,1,2,110481,11,0,57,1008.58,281566.76,56.0,3
1,0,9,55,1,2,1,2,60138,6,0,12,1678.17,447904.01,56.0,1
1,0,5,34,0,5,0,2,50104,5,0,13,791.13,257161.54,56.0,2
1,0,5,34,0,5,0,2,160204,16,0,25,853.37,284273.4,56.0,3
1,0,5,34,0,5,0,2,100416,10,0,50,1138.32,330533.73,56.0,2
0,0,9,42,0,5,1,2,80029,8,0,4,1934.75,614698.11,30.0,0
0,0,9,42,0,5,1,2,130420,13,0,47,1874.35,574750.15,30.0,0
0,0,9,42,0,5,1,2,20150,2,0,17,1397.4,379274.31,30.0,0
0,0,9,42,0,5,1,2,190150,19,1,19,1697.73,492332.08,30.0,0
1,1,9,42,0,3,1,1,110452,11,0,52,1397.58,418331.0,41.0,1
1,1,9,42,0,3,1,1,170260,17,1,31,1806.06,569841.56,41.0,1
1,1,9,42,0,3,1,1,60108,6,0,9,1194.12,329559.53,41.0,2
1,1,9,55,1,2,0,0,130402,13,0,45,986.91,337352.78,34.0,3
1,1,9,55,1,2,0,0,80010,8,0,2,1097.36,301641.79,34.0,2
1,1,9,55,1,2,0,0,190129,19,0,18,1599.44,521125.08,34.0,1
1,1,9,55,1,2,0,0,20131,2,0,15,1603.33,541634.06,34.0,1
1,0,9,55,0,2,1,2,60362,6,0,41,940.72,338571.79,56.0,2
1,0,9,55,0,2,1,2,120165,12,0,18,1702.66,417251.87,56.0,1
1,0,9,55,0,2,1,2,180090,18,1,12,1692.5,591179.27,56.0,1
1,0,9,55,1,2,1,2,160034,16,0,5,749.15,223589.36,56.0,3
1,0,9,55,1,2,1,2,40363,4,1,43,1616.99,545057.23,56.0,1
1,0,9,55,1,2,1,2,100256,10,0,30,1559.4,462179.03,56.0,1
1,1,9,49,0,4,0,2,160079,16,0,9,1524.04,386429.67,56.0,1
1,1,9,49,0,4,0,2,40418,4,0,49,739.7,243338.41,56.0,2
1,1,9,49,0,4,0,2,100299,10,1,35,1675.74,517353.17,56.0,1
1,0,9,55,0,5,1,0,180395,18,0,45,1627.52,488081.56,56.0,1
1,0,9,55,0,5,1,0,10232,1,0,26,828.98,228918.45,56.0,2
1,0,9,55,0,5,1,0,70208,7,1,23,1222.69,370617.4,56.0,2
1,0,9,55,0,5,1,0,130056,13,1,5,441.3,117558.15,56.0,3
1,1,9,31,1,4,1,0,90332,9,0,39,1839.34,577426.88,68.0,1
1,1,9,31,1,4,1,0,150082,15,0,13,653.54,235328.67,68.0,3
1,1,9,31,1,4,1,0,30417,3,0,49,1174.48,371062.38,68.0,2
1,1,9,31,1,4,1,0,200490,20,0,57,445.15,138157.57,68.0,3
1,0,8,38,0,1,0,0,200075,20,0,10,1714.22,530962.64,65.0,1
1,0,8,38,0,1,0,0,140161,14,0,17,686.6,187481.07,65.0,3
1,0,8,38,0,1,0,0,80410,8,0,47,543.08,170653.24,65.0,2
1,0,8,38,0,1,0,0,20489,2,0,57,789.52,227269.77,65.0,2
1,1,9,55,0,1,1,1,30250,3,0,28,679.93,216148.29,56.0,2
1,1,9,55,0,1,1,1,90164,9,0,26,1038.39,320014.48,56.0,2
1,1,9,55,0,1,1,1,200325,20,0,36,1484.99,504707.33,56.0,1
1,1,9,55,0,1,1,1,140393,14,0,47,917.53,315690.21,56.0,3
1,0,5,9,0,3,0,0,100082,10,0,10,1196.84,290993.55,27.0,3
1,0,5,9,0,3,0,0,150388,15,0,49,460.17,141835.85,27.0,3
1,0,5,9,0,3,0,0,40191,4,0,23,1110.99,337233.0,27.0,2
1,1,9,55,0,1,0,2,130096,13,0,11,1678.3,453899.37,56.0,1
1,1,9,55,0,1,0,2,10270,1,0,29,757.2,224787.88,56.0,2
1,1,9,55,0,1,0,2,180431,18,0,49,1457.92,431626.48,56.0,1
1,1,9,55,0,1,0,2,70251,7,0,28,694.55,221149.9,56.0,2
1,0,9,55,1,3,0,0,20312,2,0,37,780.46,204935.44,56.0,2
1,0,9,55,1,3,0,0,80209,8,0,28,1431.61,436529.91,56.0,1
1,0,9,55,1,3,0,0,190319,19,0,39,1237.04,418320.77,56.0,3
1,0,9,55,1,3,0,0,130591,13,1,68,1590.69,486548.28,56.0,1
1,1,9,42,1,3,0,2,150401,15,1,50,1841.5,487888.3,56.0,1
1,1,9,42,1,3,0,2,100095,10,0,11,1675.44,510194.12,56.0,1
1,1,9,42,1,3,0,2,40210,4,0,26,790.05,211905.04,56.0,2
1,0,8,47,0,3,0,2,120055,12,0,5,495.04,130153.08,56.0,3
1,0,8,47,0,3,0,2,60267,6,1,28,1723.12,544042.09,56.0,1
1,0,8,47,0,3,0,2,170432,17,0,50,1392.01,444764.89,56.0,1
1,1,9,1,1,3,0,0,70151,7,0,18,703.28,196588.07,76.0,2
1,1,9,1,1,3,0,0,180332,18,1,38,1219.8,486664.01,76.0,1
1,1,9,1,1,3,0,0,10176,1,0,22,740.83,197115.11,76.0,2
1,1,9,1,1,3,0,0,120406,12,1,47,1528.05,565288.74,76.0,1
1,1,9,1,0,4,0,2,70055,7,0,9,926.11,280803.92,56.0,2
1,1,9,1,0,4,0,2,180232,18,0,29,578.36,192263.39,56.0,3
1,1,9,1,0,4,0,2,120310,12,1,34,1817.64,593581.03,56.0,1
1,1,9,1,0,4,0,2,10082,1,1,10,1439.52,411692.78,56.0,2
1,0,9,55,1,5,0,0,60036,6,0,4,1925.28,627613.85,56.0,1
1,0,9,55,1,5,0,0,170190,17,0,21,1320.97,425040.86,56.0,1
1,0,9,55,1,5,0,0,110375,11,0,44,434.38,111035.88,56.0,3
1,1,9,1,0,3,1,2,120152,12,0,17,1428.55,405740.25,56.0,1
1,1,9,1,0,3,1,2,180079,18,0,11,507.04,150284.25,56.0,3
1,1,9,1,0,3,1,2,60350,6,0,39,744.54,203285.7,56.0,2
1,1,9,55,0,5,1,2,190380,19,0,43,1697.72,539440.64,56.0,1
1,1,9,55,0,5,1,2,80280,8,1,33,1809.87,489875.78,56.0,1
1,1,9,55,0,5,1,2,20378,2,0,45,782.2,244301.69,56.0,2
1,1,9,55,0,5,1,2,140055,14,1,8,618.89,215053.02,56.0,3
1,1,9,43,1,5,0,0,80162,8,0,21,1501.64,468640.92,62.0,1
1,1,9,43,1,5,0,0,190282,19,0,33,1454.84,503290.73,62.0,1
1,1,9,43,1,5,0,0,20275,2,0,33,931.4,323223.26,62.0,2
1,1,9,43,1,5,0,0,130555,13,0,64,792.66,253669.32,62.0,3
1,1,9,55,1,2,0,0,150286,15,0,34,1304.22,376325.86,56.0,1
1,1,9,55,1,2,0,0,90523,9,0,59,1697.13,437506.24,56.0,1
1,1,9,55,1,2,0,0,40090,4,0,12,789.38,233668.32,56.0,2
1,1,9,55,1,4,0,0,80130,8,0,15,534.85,154353.28,43.0,2
1,1,9,55,1,4,0,0,20242,2,0,26,1577.79,527169.72,43.0,1
1,1,9,55,1,4,0,0,130517,13,0,60,1401.81,413675.38,43.0,1
1,1,9,55,1,4,0,0,190252,19,0,29,1657.84,584357.04,43.0,1
1,1,9,55,1,2,0,1,160021,16,0,4,1561.55,545582.64,56.0,1
1,1,9,55,1,2,0,1,40351,4,0,42,738.34,222155.47,56.0,2
1,1,9,55,1,2,0,1,100243,10,0,30,1559.4,522829.28,56.0,1
1,0,9,55,0,2,0,2,190054,19,0,8,974.77,309910.82,56.0,3
1,0,9,55,0,2,0,2,130315,13,0,35,1867.34,490501.95,56.0,1
1,0,9,55,0,2,0,2,70454,7,0,54,1940.69,626989.8,56.0,1
1,0,9,55,0,2,0,2,20060,2,0,8,715.54,203521.4,56.0,2
1,1,2,45,0,2,1,2,10178,1,0,22,740.83,223568.77,56.0,2
1,1,2,45,0,2,1,2,70153,7,0,19,751.07,230306.24,56.0,2
1,1,2,45,0,2,1,2,120408,12,0,47,1528.05,450231.11,56.0,1
1,1,2,45,0,2,1,2,180338,18,0,38,1219.8,372238.56,56.0,3
1,0,9,20,0,4,1,2,110511,11,0,61,1299.46,416775.71,56.0,1
1,0,9,20,0,4,1,2,170326,17,1,39,1341.67,427064.4,56.0,1
1,0,9,20,0,4,1,2,60163,6,0,14,1890.0,495847.14,56.0,1
1,0,9,55,0,5,0,0,120083,12,0,10,1642.26,440939.43,63.0,1
1,0,9,55,0,5,0,0,180001,18,0,1,1379.64,492067.86,63.0,1
1,0,9,55,0,5,0,0,60290,6,0,32,793.11,241805.57,63.0,2
1,1,9,49,0,3,1,2,120230,12,1,24,1306.75,456133.0,56.0,1
1,1,9,49,0,3,1,2,180148,18,1,20,1631.48,476814.14,56.0,1
1,1,9,49,0,3,1,2,60438,6,0,51,1476.63,445059.31,56.0,1
1,1,9,3,1,5,1,0,200323,20,0,36,1484.99,467621.17,56.0,1
1,1,9,3,1,5,1,0,140390,14,0,47,917.53,244186.44,56.0,3
1,1,9,3,1,5,1,0,30248,3,0,28,679.93,199268.27,56.0,2
1,1,9,3,1,5,1,0,90159,9,0,25,1904.38,571558.04,56.0,1
1,1,9,1,0,2,1,0,90483,9,0,58,838.34,278010.89,56.0,2
1,1,9,1,0,2,1,0,40055,4,0,5,786.98,251404.16,56.0,2
1,1,9,1,0,2,1,0,150244,15,1,29,1748.18,536330.79,56.0,1
1,1,9,1,0,2,0,0,150361,15,0,44,1713.09,501574.06,33.0,1
1,1,9,1,0,2,0,0,100056,10,1,6,842.66,266868.89,33.0,3
1,1,9,1,0,2,0,0,40157,4,0,19,1063.07,297965.35,33.0,2
1,0,9,31,0,5,0,0,120332,12,0,35,1690.62,536210.24,56.0,1
1,0,9,31,0,5,0,0,180251,18,0,30,1795.66,526416.26,56.0,1
1,0,9,31,0,5,0,0,70076,7,1,11,834.5,232221.73,56.0,2
1,0,9,31,0,5,0,0,10103,1,0,13,719.47,256265.53,56.0,2
1,0,9,18,1,3,0,0,170027,17,0,2,1738.5,521203.39,56.0,1
1,0,9,18,1,3,0,0,110213,11,0,25,1802.24,563932.05,56.0,1
1,0,9,18,1,3,0,0,50334,5,0,43,802.72,254694.6,56.0,2
1,0,9,1,0,2,0,0,150231,15,0,26,961.01,321694.85,56.0,3
1,0,9,1,0,2,0,0,90472,9,0,57,1198.57,348984.03,56.0,1
1,0,9,1,0,2,0,0,40044,4,0,4,783.03,219176.28,56.0,2
1,0,9,55,0,4,0,2,50131,5,0,17,798.74,247494.01,56.0,2
1,0,9,55,0,4,0,2,160243,16,1,28,1440.71,401828.82,56.0,1
1,0,9,55,0,4,0,2,110016,11,0,2,938.0,312873.77,56.0,3
1,1,6,12,1,1,0,2,60316,6,0,34,1353.81,371216.81,56.0,2
1,1,6,12,1,1,0,2,180027,18,0,4,1096.58,290759.45,56.0,3
1,1,6,12,1,1,0,2,120113,12,0,14,1369.96,367617.71,56.0,1
1,0,9,7,0,3,0,2,20335,2,0,41,654.93,191283.55,50.0,2
1,0,9,7,0,3,0,2,140011,14,0,3,645.76,184463.78,50.0,3
1,0,9,7,0,3,0,2,190341,19,0,40,893.49,232188.92,50.0,3
1,0,9,7,0,3,0,2,80230,8,0,30,1070.46,356415.65,50.0,2
1,0,9,55,0,3,0,2,100399,10,0,46,1525.34,440318.57,38.0,1
1,0,9,55,0,3,0,2,50086,5,0,11,1058.56,334865.34,38.0,2
1,0,9,55,0,3,0,2,160184,16,1,23,594.14,195445.31,38.0,3
1,0,0,19,0,3,1,0,100271,10,0,31,1499.0,448849.01,56.0,1
1,0,0,19,0,3,1,0,160050,16,0,6,1062.34,377317.05,56.0,3
1,0,0,19,0,3,1,0,40387,4,1,45,1160.48,324753.68,56.0,2
1,0,9,55,1,1,0,0,40365,4,0,43,1616.99,504517.39,75.0,1
1,0,9,55,1,1,0,0,160035,16,0,5,749.15,199912.89,75.0,3
1,0,9,55,1,1,0,0,100257,10,0,30,1559.4,393759.61,75.0,1
1,0,9,43,0,2,1,0,20142,2,0,17,1397.4,397081.68,77.0,2
1,0,9,43,0,2,1,0,80019,8,0,3,1736.05,563291.28,77.0,1
1,0,9,43,0,2,1,0,190140,19,0,19,1697.73,488398.67,77.0,1
1,0,9,43,0,2,1,0,130411,13,0,47,1874.35,529254.85,77.0,1
1,1,8,4,0,1,1,2,30164,3,0,18,706.68,220806.64,67.0,2
1,1,8,4,0,1,1,2,90086,9,1,14,1445.3,453279.83,67.0,1
1,1,8,4,0,1,1,2,200240,20,0,30,1703.94,471871.72,67.0,1
1,1,8,4,0,1,1,2,140312,14,0,36,1034.47,322414.06,67.0,3
1,0,9,43,0,4,0,2,110152,11,0,15,1385.68,467662.76,25.0,1
1,0,9,43,0,4,0,2,160366,16,0,42,1496.62,479711.66,25.0,1
1,0,9,43,0,4,0,2,50265,5,0,35,605.55,182294.98,25.0,2
1,0,9,43,1,2,0,1,70100,7,0,13,604.6,169223.27,56.0,2
1,0,9,43,1,2,0,1,180276,18,1,33,1191.96,468524.95,56.0,1
1,0,9,43,1,2,0,1,10123,1,0,15,765.0,227057.19,56.0,2
1,0,9,43,1,2,0,1,120359,12,0,38,1157.23,367496.03,56.0,1
1,1,9,42,0,2,0,2,140129,14,0,14,1628.68,417246.26,82.0,1
1,1,9,42,0,2,0,2,20459,2,1,54,924.4,264553.34,82.0,2
1,1,9,42,0,2,0,2,80371,8,0,44,1862.29,627189.08,82.0,1
1,1,9,42,0,2,0,2,200042,20,1,4,631.75,183516.5,82.0,3
1,1,9,3,1,5,0,0,40001,4,0,1,1615.98,355616.43,64.0,2
1,1,9,3,1,5,0,0,90425,9,0,53,599.72,159920.2,64.0,2
1,1,9,3,1,5,0,0,150183,15,0,23,1279.23,435723.27,64.0,1
1,1,9,55,0,4,0,2,60007,6,1,1,1720.95,526612.91,56.0,1
1,1,9,55,0,4,0,2,170161,17,1,17,1827.25,668066.43,56.0,1
1,1,9,55,0,4,0,2,110341,11,0,42,808.59,225455.98,56.0,3
1,1,9,55,1,4,0,0,130355,13,0,39,1054.77,333335.63,56.0,3
1,1,9,55,1,4,0,0,190088,19,1,13,766.61,241468.69,56.0,3
1,1,9,55,1,4,0,0,70489,7,1,58,1629.83,593682.12,56.0,1
1,1,9,55,1,4,0,0,20091,2,0,11,1625.05,494131.44,56.0,2
1,0,9,55,0,4,1,0,70407,7,0,48,533.35,172251.51,33.0,2
1,0,9,55,0,4,1,0,130261,13,0,30,1777.51,589380.74,33.0,1
1,0,9,55,0,4,1,0,180589,18,0,68,1445.28,476578.58,33.0,1
1,0,9,55,0,4,1,0,20011,2,1,2,788.72,256341.62,33.0,2
1,0,9,43,0,2,1,0,140264,14,0,29,1618.34,604849.17,71.0,1
1,0,9,43,0,2,1,0,90029,9,0,6,1821.59,483462.07,71.0,1
1,0,9,43,0,2,1,0,200188,20,0,20,1110.23,325628.04,71.0,3
1,0,9,43,0,2,1,0,30118,3,0,10,784.09,172499.8,71.0,2
1,0,7,14,0,1,0,2,150078,15,0,12,992.68,320644.43,56.0,3
1,0,7,14,0,1,0,2,200486,20,0,56,1333.01,373874.21,56.0,3
1,0,7,14,0,1,0,2,90329,9,0,39,1839.34,552125.64,56.0,1
1,0,7,14,0,1,0,2,30414,3,0,49,1174.48,366989.11,56.0,2
1,1,1,48,1,3,0,0,110116,11,0,13,474.93,152103.81,56.0,3
1,1,1,48,1,3,0,0,160340,16,1,41,1001.72,369988.32,56.0,3
1,1,1,48,1,3,0,0,50237,5,0,32,1051.39,305116.48,56.0,2
1,0,1,5,1,1,0,0,180053,18,0,6,840.25,241961.7,56.0,3
1,0,1,5,1,1,0,0,120133,12,0,16,1523.02,496384.24,56.0,1
1,0,1,5,1,1,0,0,60336,6,0,37,1721.96,541782.12,56.0,1
1,0,9,7,0,2,0,0,60145,6,1,12,1678.17,512134.29,56.0,1
1,0,9,7,0,2,0,0,110490,11,0,58,1159.31,327566.38,56.0,3
1,0,9,7,0,2,0,0,170300,17,0,37,644.06,207576.51,56.0,3
1,0,0,19,1,4,1,0,30016,3,0,1,689.75,231937.37,32.0,2
1,0,0,19,1,4,1,0,140178,14,1,18,500.17,174301.38,32.0,3
1,0,0,19,1,4,1,0,80438,8,0,50,913.15,272720.31,32.0,2
1,0,0,19,1,4,1,0,200105,20,0,14,837.37,237866.8,32.0,3
1,1,9,55,1,4,0,2,110445,11,0,52,1397.58,463091.82,56.0,1
1,1,9,55,1,4,0,2,170249,17,1,28,1201.04,398974.61,56.0,1
1,1,9,55,1,4,0,2,60098,6,0,7,1075.42,316514.21,56.0,2
1,0,9,55,0,3,0,2,120136,12,1,16,1523.02,415409.21,56.0,1
1,0,9,55,0,3,0,2,60339,6,0,37,1721.96,474499.21,56.0,1
1,0,9,55,0,3,0,2,180057,18,0,6,840.25,292899.87,56.0,3
1,1,9,49,0,4,0,2,160141,16,0,17,836.32,256437.11,56.0,3
1,1,9,49,0,4,0,2,100360,10,1,43,1093.67,319434.72,56.0,2
1,1,9,49,0,4,0,2,50040,5,0,8,782.15,246908.49,56.0,2
1,0,9,55,1,3,1,2,150457,15,0,55,892.75,247337.57,56.0,3
1,0,9,55,1,3,1,2,100163,10,0,20,1264.43,349197.14,56.0,1
1,0,9,55,1,3,1,2,40263,4,0,31,793.1,215852.8,56.0,2
0,1,9,55,1,2,1,1,30410,3,0,49,1174.48,333111.95,56.0,0
0,1,9,55,1,2,1,1,150074,15,0,11,1437.62,415669.45,56.0,0
0,1,9,55,1,2,1,1,200482,20,0,54,589.61,148198.24,56.0,0
0,1,9,55,1,2,1,1,90318,9,1,38,1260.31,357939.72,56.0,0
1,0,9,55,0,3,1,2,40071,4,0,7,786.36,221476.9,56.0,2
1,0,9,55,0,3,1,2,150263,15,1,31,1901.65,518564.66,56.0,1
1,0,9,55,0,3,1,2,90502,9,0,58,838.34,199667.31,56.0,2
1,1,9,55,0,5,1,0,110260,11,0,31,1232.68,278765.3,65.0,3
1,1,9,55,0,5,1,0,170074,17,0,10,1059.07,285091.79,65.0,3
1,1,9,55,0,5,1,0,50381,5,0,46,1272.95,315056.1,65.0,2
1,1,9,55,1,1,1,0,40039,4,1,4,783.03,275110.41,50.0,2
1,1,9,55,1,1,1,0,150224,15,0,26,961.01,307857.51,50.0,3
1,1,9,55,1,1,1,0,90466,9,0,57,1198.57,397171.33,50.0,1
0,0,6,16,1,3,0,0,10280,1,0,30,753.29,227882.99,40.0,0
0,0,6,16,1,3,0,0,130105,13,0,13,585.77,159915.67,40.0,0
0,0,6,16,1,3,0,0,70260,7,0,29,441.65,126200.04,40.0,0
0,0,6,16,1,3,0,0,180441,18,0,49,1457.92,454071.94,40.0,0
1,0,9,55,0,3,1,2,150442,15,0,55,892.75,283367.29,56.0,3
1,0,9,55,0,3,1,2,100147,10,0,19,948.04,361049.96,56.0,2
1,0,9,55,0,3,1,2,40249,4,0,30,1307.35,366344.49,56.0,2
1,1,8,25,1,4,0,2,30456,3,0,54,787.64,280404.22,57.0,2
1,1,8,25,1,4,0,2,90377,9,0,44,1351.57,403458.01,57.0,1
1,1,8,25,1,4,0,2,150124,15,0,16,1692.61,605784.18,57.0,1
1,0,9,3,0,2,0,1,40148,4,1,18,1294.91,409266.01,56.0,2
1,0,9,3,0,2,0,1,100049,10,1,5,1741.96,704058.44,56.0,1
1,0,9,3,0,2,0,1,150350,15,0,42,1298.37,520647.76,56.0,1
1,0,9,55,0,2,1,2,30165,3,0,19,1602.22,575135.54,56.0,1
1,0,9,55,0,2,1,2,200241,20,0,30,1703.94,520269.17,56.0,1
1,0,9,55,0,2,1,2,140314,14,0,37,1469.73,507209.24,56.0,1
1,0,9,55,0,2,1,2,90087,9,0,14,1445.3,390369.6,56.0,1
1,1,9,55,0,4,0,0,160219,16,0,27,1164.55,395393.94,56.0,3
1,1,9,55,0,4,0,0,100425,10,0,50,1138.32,354595.01,56.0,1
1,1,9,55,0,4,0,0,50113,5,1,14,624.96,211905.97,56.0,2
1,1,9,3,0,3,0,2,20447,2,0,52,914.01,250239.86,56.0,2
1,1,9,3,0,3,0,2,200029,20,0,3,1645.93,425737.07,56.0,1
1,1,9,3,0,3,0,2,80357,8,1,42,1473.68,439227.72,56.0,1
1,1,9,3,0,3,0,2,140117,14,1,13,442.74,146344.44,56.0,3
1,1,2,35,1,2,0,2,130256,13,0,30,1777.51,512970.75,56.0,1
1,1,2,35,1,2,0,2,180583,18,0,67,1664.17,550273.32,56.0,1
1,1,2,35,1,2,0,2,20006,2,0,1,706.3,249209.28,56.0,2
1,1,2,35,1,2,0,2,70403,7,1,47,1033.08,366308.72,56.0,2
1,0,9,55,0,5,0,0,40052,4,0,5,786.98,242144.72,59.0,2
1,0,9,55,0,5,0,0,150237,15,0,28,1567.93,502064.98,59.0,1
1,0,9,55,0,5,0,0,90479,9,0,58,838.34,290803.21,59.0,2
1,0,9,1,0,2,1,2,80431,8,0,50,913.15,251686.03,56.0,2
1,0,9,1,0,2,1,2,200094,20,0,13,1587.57,448959.32,56.0,1
1,0,9,1,0,2,1,2,140175,14,0,18,500.17,135718.84,56.0,3
1,0,9,1,0,2,1,2,30013,3,0,1,689.75,179465.84,56.0,2
1,0,9,1,0,4,0,0,190135,19,0,18,1599.44,492421.76,38.0,1
1,0,9,1,0,4,0,0,20137,2,0,17,1397.4,394000.01,38.0,2
1,0,9,1,0,4,0,0,130409,13,1,46,1098.38,389593.41,38.0,1
1,0,9,1,0,4,0,0,80017,8,0,2,1097.36,340541.6,38.0,2
1,0,9,3,0,3,1,2,70043,7,1,7,1071.02,313618.17,56.0,2
1,0,9,3,0,3,1,2,180223,18,0,28,514.67,153024.68,56.0,3
1,0,9,3,0,3,1,2,120300,12,0,34,1817.64,600821.21,56.0,1
1,0,9,3,0,3,1,2,10072,1,0,8,763.88,191375.94,56.0,2
1,0,9,6,0,1,0,2,110298,11,0,36,1752.38,493489.81,56.0,1
1,0,9,6,0,1,0,2,170116,17,0,13,916.9,305098.44,56.0,3
1,0,9,6,0,1,0,2,50414,5,1,47,1241.14,354546.23,56.0,2
1,1,9,18,0,5,0,0,10005,1,0,1,748.06,222435.93,56.0,2
1,1,9,18,0,5,0,0,60452,6,0,53,1170.96,414855.4,56.0,2
1,1,9,18,0,5,0,0,120245,12,0,26,557.9,178488.52,56.0,3
1,1,9,18,0,5,0,0,180169,18,0,22,1108.09,365667.4,56.0,3
1,0,9,55,0,5,0,2,150232,15,0,26,961.01,299573.55,56.0,3
1,0,9,55,0,5,0,2,40045,4,0,5,786.98,239134.14,56.0,2
1,0,9,55,0,5,0,2,90473,9,0,58,838.34,254835.58,56.0,2
1,0,9,42,0,1,1,0,10070,1,0,8,763.88,244367.92,56.0,2
1,0,9,42,0,1,1,0,70037,7,1,6,1232.31,396712.69,56.0,2
1,0,9,42,0,1,1,0,120298,12,0,33,1232.2,416143.54,56.0,1
1,0,9,42,0,1,1,0,180219,18,0,28,514.67,129469.7,56.0,3
1,1,9,55,0,4,0,0,190278,19,0,32,1048.61,291311.69,42.0,3
1,1,9,55,0,4,0,0,80157,8,1,20,774.16,227335.39,42.0,2
1,1,9,55,0,4,0,0,130547,13,0,63,1623.8,470140.59,42.0,1
1,1,9,55,0,4,0,0,20268,2,0,32,925.63,240269.82,42.0,2
1,1,9,55,0,4,0,0,190411,19,0,46,1926.19,479620.3,56.0,1
1,1,9,55,0,4,0,0,20405,2,0,47,708.32,197007.65,56.0,2
1,1,9,55,0,4,0,0,80316,8,0,37,890.65,284422.16,56.0,2
1,1,9,55,0,4,0,0,140081,14,0,11,1431.42,399102.88,56.0,1
1,1,9,1,0,5,1,2,180201,18,0,26,1147.71,338232.19,56.0,3
1,1,9,1,0,5,1,2,120279,12,0,30,622.2,207963.57,56.0,3
1,1,9,1,0,5,1,2,70014,7,0,3,888.5,247222.26,56.0,2
1,1,9,1,0,5,1,2,10046,1,0,5,753.87,227495.05,56.0,2
1,0,9,7,0,5,0,2,50042,5,0,8,782.15,251843.7,56.0,2
1,0,9,7,0,5,0,2,160145,16,0,18,1432.77,419555.74,56.0,1
1,0,9,7,0,5,0,2,100361,10,0,43,1093.67,382767.51,56.0,1
1,0,0,19,0,1,0,2,170309,17,1,38,721.83,197541.36,56.0,3
1,0,0,19,0,1,0,2,60150,6,0,12,1678.17,430423.76,56.0,1
1,0,0,19,0,1,0,2,110498,11,0,59,782.92,250827.86,56.0,3
1,0,4,21,1,1,0,1,170007,17,0,1,530.28,170715.21,49.0,3
1,0,4,21,1,1,0,1,110194,11,0,23,1098.83,385857.81,49.0,1
1,0,4,21,1,1,0,1,50310,5,0,41,630.83,175215.94,49.0,2
0,1,9,3,0,1,0,0,140345,14,0,41,543.61,149919.38,56.0,0
0,1,9,3,0,1,0,0,200271,20,0,31,1414.44,343623.68,56.0,0
0,1,9,3,0,1,0,0,90109,9,0,17,1481.32,453518.72,56.0,0
0,1,9,3,0,1,0,0,30195,3,0,21,1122.15,363901.47,56.0,0
1,0,9,3,0,3,0,2,140389,14,1,47,917.53,333493.87,56.0,3
1,0,9,3,0,3,0,2,90158,9,0,25,1904.38,525171.0,56.0,1
1,0,9,3,0,3,0,2,200320,20,0,34,858.93,244324.93,56.0,3
1,0,9,3,0,3,0,2,30247,3,0,28,679.93,214175.32,56.0,2
1,0,9,55,0,2,0,1,130532,13,0,61,1333.63,406850.28,56.0,1
1,0,9,55,0,2,0,1,190267,19,0,31,1089.64,312192.36,56.0,3
1,0,9,55,0,2,0,1,80142,8,0,17,1109.27,331593.61,56.0,2
1,0,9,55,0,2,0,1,20254,2,0,28,650.67,203858.66,56.0,2
1,1,9,55,0,3,0,2,40131,4,0,15,760.39,242012.41,49.0,2
1,1,9,55,0,3,0,2,100031,10,0,4,1765.37,574122.16,49.0,1
1,1,9,55,0,3,0,2,150334,15,0,39,1713.42,504362.44,49.0,1
1,1,9,18,0,1,1,2,140288,14,0,33,1894.96,599891.42,56.0,1
1,1,9,18,0,1,1,2,30142,3,1,14,788.59,296993.27,56.0,2
1,1,9,18,0,1,1,2,90056,9,1,10,1172.34,417344.04,56.0,1
1,1,9,18,0,1,1,2,200213,20,0,26,1941.62,502440.47,56.0,1
1,0,7,37,0,5,1,0,40225,4,0,26,790.05,238107.01,56.0,2
1,0,7,37,0,5,1,0,150419,15,0,52,829.2,259423.47,56.0,3
1,0,7,37,0,5,1,0,100111,10,0,15,1948.32,524175.54,56.0,1
1,0,9,55,0,2,0,2,40285,4,0,33,734.73,258544.89,43.0,2
1,0,9,55,0,2,0,2,100182,10,1,25,1487.17,475205.98,43.0,1
1,0,9,55,0,2,0,2,150476,15,1,57,429.34,163236.34,43.0,3
1,0,8,38,0,5,0,2,150494,15,0,58,1750.89,493587.18,56.0,1
1,0,8,38,0,5,0,2,100196,10,0,26,1294.85,383816.78,56.0,1
1,0,8,38,0,5,0,2,40302,4,0,36,736.77,222972.29,56.0,2
1,1,2,45,0,3,0,2,180480,18,0,53,1806.7,537806.31,86.0,1
1,1,2,45,0,3,0,2,130146,13,0,17,1278.95,407835.54,86.0,1
1,1,2,45,0,3,0,2,70309,7,0,37,1171.04,361700.25,86.0,2
1,1,2,45,0,3,0,2,10326,1,0,34,1469.14,461784.12,86.0,2
1,1,9,55,0,4,0,2,200181,20,0,19,759.72,216311.55,63.0,3
1,1,9,55,0,4,0,2,140255,14,0,29,1618.34,518926.42,63.0,1
1,1,9,55,0,4,0,2,90024,9,1,5,1416.81,463942.66,63.0,1
1,1,9,55,0,4,0,2,30109,3,0,10,784.09,212968.31,63.0,2
1,0,9,18,0,5,1,0,130550,13,0,63,1623.8,503380.47,46.0,1
1,0,9,18,0,5,1,0,20272,2,0,32,925.63,221533.82,46.0,2
1,0,9,18,0,5,1,0,190280,19,0,32,1048.61,335592.41,46.0,3
1,0,9,18,0,5,1,0,80159,8,0,20,774.16,245421.65,46.0,2
0,1,5,24,1,5,1,1,40304,4,0,36,736.77,208529.56,56.0,0
0,1,5,24,1,5,1,1,150495,15,0,58,1750.89,492952.77,56.0,0
0,1,5,24,1,5,1,1,100197,10,0,26,1294.85,358050.18,56.0,0
1,1,9,43,0,2,0,2,150193,15,0,23,1279.23,342309.1,78.0,3
1,1,9,43,0,2,0,2,40012,4,0,2,1620.07,583440.71,78.0,1
1,1,9,43,0,2,0,2,90435,9,0,56,1516.4,429024.15,78.0,1
1,1,9,1,0,5,0,0,80193,8,0,26,1625.38,526678.44,56.0,1
1,1,9,1,0,5,0,0,190306,19,0,37,1565.26,529967.66,56.0,1
1,1,9,1,0,5,0,0,20298,2,0,35,1391.68,414228.09,56.0,2
1,1,9,1,0,5,0,0,130577,13,0,67,524.97,158612.64,56.0,3
1,1,9,49,0,3,1,0,200283,20,1,31,1414.44,419691.92,63.0,1
1,1,9,49,0,3,1,0,30206,3,0,22,1165.89,335996.76,63.0,2
1,1,9,49,0,3,1,0,140354,14,0,43,520.49,146968.53,63.0,3
1,1,9,49,0,3,1,0,90119,9,0,18,860.97,271354.98,63.0,2
1,0,9,55,0,5,0,0,40182,4,0,22,737.92,236557.17,32.0,2
1,0,9,55,0,5,0,0,100076,10,0,9,1849.4,588644.89,32.0,1
1,0,9,55,0,5,0,0,150381,15,1,48,1403.33,434894.1,32.0,1
1,1,5,9,1,5,1,2,70477,7,0,55,601.23,160509.63,56.0,2
1,1,5,9,1,5,1,2,190075,19,0,11,1869.93,585167.95,56.0,1
1,1,5,9,1,5,1,2,130336,13,0,37,1555.67,503083.73,56.0,1
1,1,5,9,1,5,1,2,20080,2,0,10,788.79,247002.06,56.0,2
0,0,9,55,0,1,1,1,20191,2,0,22,653.41,195438.27,56.0,0
0,0,9,55,0,1,1,1,80070,8,0,8,1552.34,415410.47,56.0,0
0,0,9,55,0,1,1,1,130456,13,0,52,1916.1,555693.16,56.0,0
0,0,9,55,0,1,1,1,190194,19,0,23,1592.45,486629.72,56.0,0
1,0,9,55,0,1,0,1,110448,11,0,52,1397.58,410950.81,56.0,1
1,0,9,55,0,1,0,1,60101,6,1,8,986.97,312769.84,56.0,2
1,0,9,55,0,1,0,1,170252,17,0,28,1201.04,344995.54,56.0,3
1,0,9,6,0,1,0,2,160178,16,0,22,1575.06,521067.94,27.0,1
1,0,9,6,0,1,0,2,100394,10,0,45,1119.1,332700.31,27.0,3
1,0,9,6,0,1,0,2,50080,5,0,10,629.27,180268.05,27.0,2
1,1,9,18,0,2,0,0,60015,6,0,1,1720.95,560677.96,61.0,1
1,1,9,18,0,2,0,0,170169,17,0,17,1827.25,515350.54,61.0,1
1,1,9,18,0,2,0,0,110347,11,0,42,808.59,180903.98,61.0,3
1,0,9,31,0,4,1,1,160120,16,0,13,500.49,134618.94,72.0,3
1,0,9,31,0,4,1,1,50018,5,0,4,799.1,236524.71,72.0,2
1,0,9,31,0,4,1,1,100338,10,0,40,1322.98,519106.96,72.0,1
1,0,9,55,0,4,1,2,20428,2,0,49,1617.9,485657.59,31.0,1
1,0,9,55,0,4,1,2,200005,20,0,1,1898.39,563544.96,31.0,1
1,0,9,55,0,4,1,2,80337,8,0,37,890.65,259911.91,31.0,2
1,0,9,55,0,4,1,2,140100,14,0,12,459.44,147901.85,31.0,3
1,0,9,31,0,3,0,0,10257,1,0,29,757.2,280039.75,56.0,2
1,0,9,31,0,3,0,0,70236,7,0,26,717.0,173398.4,56.0,2
1,0,9,31,0,3,0,0,180420,18,0,48,564.59,200099.0,56.0,3
1,0,9,31,0,3,0,0,130080,13,0,10,1314.38,330914.17,56.0,3
1,0,9,55,0,3,1,2,20061,2,0,8,715.54,188979.3,30.0,2
1,0,9,55,0,3,1,2,130316,13,0,35,1867.34,573428.92,30.0,1
1,0,9,55,0,3,1,2,190055,19,1,8,974.77,260831.8,30.0,3
1,0,9,55,0,3,1,2,70455,7,0,54,1940.69,480664.14,30.0,1
1,1,9,18,0,2,0,0,160266,16,1,32,431.76,118779.75,51.0,3
1,1,9,18,0,2,0,0,50156,5,0,21,1253.3,413945.61,51.0,2
1,1,9,18,0,2,0,0,110038,11,0,4,1414.25,398416.6,51.0,1
1,1,9,55,0,5,1,2,10220,1,0,25,1154.92,372242.47,57.0,2
1,1,9,55,0,5,1,2,130042,13,0,3,979.64,309331.08,57.0,3
1,1,9,55,0,5,1,2,70199,7,0,22,1914.21,562089.63,57.0,1
1,1,9,55,0,5,1,2,180384,18,0,43,937.7,301088.15,57.0,3
0,1,9,55,0,5,0,0,200195,20,0,23,501.48,156439.68,56.0,0
0,1,9,55,0,5,0,0,30125,3,0,11,1283.1,386247.15,56.0,0
0,1,9,55,0,5,0,0,140269,14,0,29,1618.34,500722.63,56.0,0
0,1,9,55,0,5,0,0,90035,9,0,7,697.68,234440.69,56.0,0
1,0,9,55,1,2,1,2,130424,13,0,47,1874.35,599735.43,57.0,1
1,0,9,55,1,2,1,2,20153,2,0,18,784.76,244660.43,57.0,2
1,0,9,55,1,2,1,2,80034,8,0,4,1934.75,656465.4,57.0,1
1,0,9,55,1,2,1,2,190155,19,0,20,1772.03,436200.11,57.0,1
1,0,7,41,0,5,0,2,40166,4,0,20,1609.62,603903.4,56.0,1
1,0,7,41,0,5,0,2,100063,10,0,8,1054.86,275862.16,56.0,2
1,0,7,41,0,5,0,2,150369,15,0,46,1672.19,485123.68,56.0,1
1,0,0,19,0,5,1,2,30509,3,0,59,1353.02,382435.3,56.0,2
1,0,0,19,0,5,1,2,90422,9,0,53,599.72,170472.55,56.0,2
1,0,0,19,0,5,1,2,150179,15,0,23,1279.23,356062.49,56.0,3
1,1,9,3,0,2,1,1,80468,8,0,55,1300.05,434169.98,54.0,1
1,1,9,3,0,2,1,1,140212,14,0,23,1610.37,479775.72,54.0,1
1,1,9,3,0,2,1,1,30049,3,0,5,701.19,206156.81,54.0,2
1,1,9,3,0,2,1,1,200134,20,0,16,645.44,207492.13,54.0,3
1,0,9,42,0,1,0,2,30474,3,0,56,1179.42,353361.5,35.0,2
1,0,9,42,0,1,0,2,150144,15,0,17,562.64,145618.18,35.0,3
1,0,9,42,0,1,0,2,90393,9,0,46,662.32,158053.14,35.0,2
1,1,9,7,1,1,1,1,200041,20,0,4,631.75,190860.98,43.0,3
1,1,9,7,1,1,1,1,20458,2,0,54,924.4,269789.64,43.0,2
1,1,9,7,1,1,1,1,80370,8,0,44,1862.29,480379.75,43.0,1
1,1,9,7,1,1,1,1,140128,14,0,14,1628.68,517610.73,43.0,1
1,1,9,46,0,2,0,0,100305,10,0,36,1920.65,547817.26,70.0,1
1,1,9,46,0,2,0,0,160088,16,0,10,1608.56,461116.22,70.0,1
1,1,9,46,0,2,0,0,40427,4,1,49,739.7,264395.14,70.0,2
1,1,9,55,1,1,0,0,50016,5,0,4,799.1,224492.48,56.0,2
1,1,9,55,1,1,0,0,160118,16,0,12,549.98,167127.37,56.0,3
1,1,9,55,1,1,0,0,100336,10,0,39,1188.51,311878.98,56.0,2
1,0,7,14,1,1,0,0,180207,18,0,26,1147.71,373730.03,45.0,3
1,0,7,14,1,1,0,0,120286,12,1,32,1906.38,616227.01,45.0,1
1,0,7,14,1,1,0,0,10055,1,0,7,758.88,194960.28,45.0,2
1,0,7,14,1,1,0,0,70021,7,0,5,1144.09,340932.23,45.0,2
1,0,9,3,0,3,1,2,10333,1,0,35,1168.59,339117.71,56.0,2
1,0,9,3,0,3,1,2,180485,18,0,54,1756.12,508227.88,56.0,1
1,0,9,3,0,3,1,2,130152,13,0,17,1278.95,339994.36,56.0,3
1,0,9,3,0,3,1,2,70315,7,0,38,1755.26,520127.02,56.0,1
1,1,3,56,0,1,1,0,100037,10,0,5,1741.96,555912.87,56.0,1
1,1,3,56,0,1,1,0,40133,4,0,16,1128.21,316684.59,56.0,2
1,1,3,56,0,1,1,0,150336,15,0,39,1713.42,483241.64,56.0,1
1,0,9,55,0,2,0,2,70109,7,0,14,714.65,248239.89,56.0,2
1,0,9,55,0,2,0,2,120372,12,0,39,1653.93,399974.1,56.0,1
1,0,9,55,0,2,0,2,180288,18,0,35,799.05,223242.17,56.0,3
1,0,9,55,0,2,0,2,10135,1,1,17,608.25,183058.38,56.0,2
1,0,9,55,0,2,1,2,180406,18,0,45,1627.52,518136.39,30.0,1
1,0,9,55,0,2,1,2,130070,13,1,8,1449.43,474592.55,30.0,1
1,0,9,55,0,2,1,2,10246,1,0,29,757.2,256617.65,30.0,2
1,0,9,55,0,2,1,2,70226,7,0,25,573.8,176345.04,30.0,2
1,1,9,3,0,2,0,2,40341,4,0,40,780.74,226025.07,71.0,2
1,1,9,3,0,2,0,2,100232,10,0,28,1606.58,426208.52,71.0,1
1,1,9,3,0,2,0,2,160008,16,1,2,1388.75,372421.45,71.0,1
1,0,9,20,0,2,0,2,110553,11,0,64,1916.26,548573.88,56.0,1
1,0,9,20,0,2,0,2,60202,6,0,19,1542.71,389827.78,56.0,1
1,0,9,20,0,2,0,2,170366,17,1,46,1582.61,605190.49,56.0,1
1,1,9,18,1,2,0,0,110440,11,0,52,1397.58,458054.04,46.0,1
1,1,9,18,1,2,0,0,60094,6,0,7,1075.42,296292.91,46.0,2
1,1,9,18,1,2,0,0,170244,17,0,27,677.24,187719.53,46.0,3
1,1,9,31,1,2,0,0,100021,10,1,4,1765.37,594018.07,56.0,1
1,1,9,31,1,2,0,0,40119,4,1,14,1322.66,443646.85,56.0,2
1,1,9,31,1,2,0,0,150317,15,0,36,1424.81,381257.52,56.0,1
1,1,6,27,0,3,0,2,200414,20,0,47,590.12,210741.61,56.0,3
1,1,6,27,0,3,0,2,90249,9,0,34,1577.36,473301.04,56.0,1
1,1,6,27,0,3,0,2,30347,3,0,42,1343.96,398769.1,56.0,2
1,1,6,27,0,3,0,2,150008,15,0,2,1522.89,472485.62,56.0,1
1,1,2,0,1,5,1,1,30381,3,0,46,1599.81,526063.15,56.0,1
1,1,2,0,1,5,1,1,150048,15,1,7,1113.85,320227.29,56.0,3
1,1,2,0,1,5,1,1,90289,9,0,36,1582.79,494203.69,56.0,1
1,1,2,0,1,5,1,1,200455,20,0,51,1062.33,325473.28,56.0,3
1,1,9,49,0,3,0,2,190234,19,0,28,1599.78,515843.73,56.0,1
1,1,9,49,0,3,0,2,130498,13,0,58,1115.72,429747.51,56.0,1
1,1,9,49,0,3,0,2,20226,2,0,25,943.48,255615.79,56.0,2
1,1,9,49,0,3,0,2,80107,8,0,14,685.93,197151.66,56.0,2
1,1,8,38,1,1,0,2,180554,18,0,64,893.66,249869.21,56.0,3
1,1,8,38,1,1,0,2,10397,1,0,46,1153.16,315385.63,56.0,2
1,1,8,38,1,1,0,2,70375,7,0,43,498.61,167795.76,56.0,2
1,1,8,38,1,1,0,2,130224,13,0,26,1867.78,587960.16,56.0,1
0,0,9,18,1,4,0,0,50023,5,0,4,799.1,266288.33,65.0,0
0,0,9,18,1,4,0,0,160127,16,0,14,660.84,191795.51,65.0,0
0,0,9,18,1,4,0,0,100346,10,0,42,1757.51,522599.89,65.0,0
1,0,9,55,0,1,0,0,130083,13,0,10,1314.38,477256.95,63.0,1
1,0,9,55,0,1,0,0,10259,1,0,29,757.2,229840.97,63.0,2
1,0,9,55,0,1,0,0,180421,18,0,48,564.59,202636.75,63.0,3
1,0,9,55,0,1,0,0,70237,7,0,26,717.0,215991.95,63.0,2
1,0,9,31,0,3,1,2,180152,18,0,20,1631.48,521158.55,56.0,1
1,0,9,31,0,3,1,2,60441,6,0,52,1408.23,438900.35,56.0,1
1,0,9,31,0,3,1,2,120233,12,0,24,1306.75,389151.65,56.0,1
1,1,8,47,1,1,0,0,120186,12,0,20,1802.21,581602.93,56.0,1
1,1,8,47,1,1,0,0,60387,6,0,44,842.69,222108.32,56.0,2
1,1,8,47,1,1,0,0,180113,18,0,15,1728.6,596228.96,56.0,1
1,1,9,31,1,1,0,0,80364,8,1,43,1490.59,503414.2,31.0,1
1,1,9,31,1,1,0,0,140120,14,0,13,442.74,160735.05,31.0,3
1,1,9,31,1,1,0,0,20450,2,0,52,914.01,290161.41,31.0,2
1,1,9,31,1,1,0,0,200034,20,0,3,1645.93,428571.15,31.0,1
1,1,9,55,0,3,0,0,180166,18,1,22,1108.09,368466.6,56.0,3
1,1,9,55,0,3,0,0,120243,12,0,26,557.9,167180.02,56.0,3
1,1,9,55,0,3,0,0,60450,6,0,53,1170.96,286069.52,56.0,2
1,0,9,46,0,1,0,2,50138,5,1,18,1267.03,453254.04,56.0,2
1,0,9,46,0,1,0,2,160249,16,0,29,489.49,123288.92,56.0,3
1,0,9,46,0,1,0,2,110022,11,0,3,1479.84,484806.07,56.0,1
1,1,9,1,0,1,0,0,150265,15,0,31,1901.65,473479.09,56.0,1
1,1,9,1,0,1,0,0,40073,4,1,8,732.42,257348.69,56.0,2
1,1,9,1,0,1,0,0,90506,9,0,58,838.34,255802.61,56.0,2
1,1,0,44,0,2,0,0,20331,2,0,40,1599.45,424080.23,56.0,2
1,1,0,44,0,2,0,0,190335,19,0,40,893.49,268225.04,56.0,3
1,1,0,44,0,2,0,0,80226,8,0,29,1848.51,630993.32,56.0,1
1,1,0,44,0,2,0,0,140007,14,0,2,922.7,283369.09,56.0,3
1,1,9,55,0,5,0,1,130353,13,0,39,1054.77,334166.59,56.0,3
1,1,9,55,0,5,0,1,190085,19,0,13,766.61,208167.63,56.0,3
1,1,9,55,0,5,0,1,20089,2,0,10,788.79,236082.49,56.0,2
1,1,9,55,0,5,0,1,70486,7,1,57,1347.67,456678.02,56.0,1
1,1,9,6,0,5,0,2,20297,2,1,35,1391.68,387396.64,51.0,2
1,1,9,6,0,5,0,2,80192,8,0,26,1625.38,462200.84,51.0,1
1,1,9,6,0,5,0,2,190305,19,0,37,1565.26,458129.19,51.0,1
1,1,9,6,0,5,0,2,130575,13,0,67,524.97,147823.33,51.0,3
1,1,9,55,0,3,0,2,50399,5,0,47,1241.14,344983.8,76.0,2
1,1,9,55,0,3,0,2,170096,17,0,11,596.22,179694.61,76.0,3
1,1,9,55,0,3,0,2,110281,11,0,34,680.07,183121.51,76.0,3
1,0,9,46,1,2,0,2,90166,9,0,26,1038.39,309260.78,56.0,2
1,0,9,46,1,2,0,2,140395,14,1,47,917.53,252713.76,56.0,3
1,0,9,46,1,2,0,2,200327,20,0,36,1484.99,446810.74,56.0,1
1,0,9,46,1,2,0,2,30254,3,0,28,679.93,219865.93,56.0,2
1,0,9,29,0,1,1,0,30507,3,0,58,1588.14,433348.26,74.0,2
1,0,9,29,0,1,1,0,150177,15,0,23,1279.23,369049.21,74.0,3
1,0,9,29,0,1,1,0,90420,9,0,53,599.72,173669.46,74.0,2
1,1,6,11,1,3,1,2,160183,16,0,22,1575.06,443913.41,56.0,1
1,1,6,11,1,3,1,2,100398,10,1,46,1525.34,511655.42,56.0,1
1,1,6,11,1,3,1,2,50085,5,0,11,1058.56,311827.97,56.0,2
1,1,9,55,0,2,0,2,190254,19,0,29,1657.84,440219.48,56.0,1
1,1,9,55,0,2,0,2,80132,8,0,16,424.09,131603.98,56.0,2
1,1,9,55,0,2,0,2,20243,2,0,26,1577.79,502622.02,56.0,2
1,1,9,55,0,2,0,2,130520,13,0,60,1401.81,444030.99,56.0,1
1,0,9,31,0,1,0,0,150475,15,0,57,429.34,125292.1,56.0,3
1,0,9,31,0,1,0,0,100181,10,0,25,1487.17,497090.51,56.0,1
1,0,9,31,0,1,0,0,40284,4,0,33,734.73,240169.93,56.0,2
1,1,9,43,1,3,0,0,110233,11,1,29,993.51,312573.06,56.0,3
1,1,9,43,1,3,0,0,170044,17,1,5,1829.38,513906.66,56.0,1
1,1,9,43,1,3,0,0,50352,5,0,44,806.03,258517.67,56.0,2
1,1,9,55,0,4,0,2,50341,5,0,44,806.03,247405.59,74.0,2
1,1,9,55,0,4,0,2,110224,11,0,27,1638.1,529761.19,74.0,1
1,1,9,55,0,4,0,2,170035,17,0,2,1738.5,500319.59,74.0,1
1,0,9,55,0,3,0,0,80074,8,0,8,1552.34,518735.4,44.0,1
1,0,9,55,0,3,0,0,190201,19,0,25,996.38,289350.19,44.0,3
1,0,9,55,0,3,0,0,20195,2,0,22,653.41,214779.83,44.0,2
1,0,9,55,0,3,0,0,130460,13,0,53,968.77,281662.24,44.0,3
1,1,9,18,0,1,0,2,10306,1,0,32,800.77,228232.72,30.0,2
1,1,9,18,0,1,0,2,70290,7,0,35,613.21,182415.09,30.0,2
1,1,9,18,0,1,0,2,180465,18,1,52,1424.54,413387.67,30.0,1
1,1,9,18,0,1,0,2,130131,13,0,15,458.29,137979.81,30.0,3
1,1,1,48,1,2,1,0,60169,6,1,15,1392.45,453250.7,56.0,1
1,1,1,48,1,2,1,0,170330,17,1,41,1422.93,455542.16,56.0,1
1,1,1,48,1,2,1,0,110517,11,0,61,1299.46,325677.3,56.0,1
1,1,9,6,0,3,0,0,200355,20,0,38,1499.47,369423.51,29.0,1
1,1,9,6,0,3,0,0,90194,9,1,29,1426.22,457069.23,29.0,1
1,1,9,6,0,3,0,0,140423,14,0,51,1346.3,387224.12,29.0,1
1,1,9,6,0,3,0,0,30291,3,0,35,925.48,271586.15,29.0,2
1,1,9,55,1,4,1,2,110342,11,0,42,808.59,235908.73,42.0,3
1,1,9,55,1,4,1,2,60008,6,0,1,1720.95,564815.29,42.0,1
1,1,9,55,1,4,1,2,170163,17,1,17,1827.25,734390.86,42.0,1
1,0,9,29,1,4,0,2,30444,3,0,51,693.85,196234.42,86.0,2
1,0,9,29,1,4,0,2,150112,15,0,16,1692.61,404581.32,86.0,1
1,0,9,29,1,4,0,2,90358,9,1,42,605.78,174077.05,86.0,2
1,0,9,55,0,2,1,0,120264,12,0,28,1563.65,494567.75,48.0,1
1,0,9,55,0,2,1,0,180188,18,0,25,911.94,247179.46,48.0,3
1,0,9,55,0,2,1,0,10029,1,1,3,788.73,249586.52,48.0,2
1,0,9,55,0,2,1,0,60476,6,0,55,562.37,181449.2,48.0,2
1,1,9,55,0,4,1,2,10359,1,0,39,742.93,225611.33,56.0,2
1,1,9,55,0,4,1,2,70338,7,0,41,1093.92,347137.85,56.0,2
1,1,9,55,0,4,1,2,180516,18,0,58,955.23,304588.09,56.0,3
1,1,9,55,0,4,1,2,130186,13,0,20,516.72,155923.76,56.0,3
1,1,9,1,0,3,0,0,130584,13,0,67,524.97,169367.25,49.0,3
1,1,9,1,0,3,0,0,190311,19,0,37,1565.26,539294.72,49.0,1
1,1,9,1,0,3,0,0,20305,2,1,36,641.72,178222.98,49.0,2
1,1,9,1,0,3,0,0,80199,8,0,28,1431.61,478575.29,49.0,1
1,0,9,20,1,3,1,0,60321,6,1,35,999.85,272816.91,45.0,2
1,0,9,20,1,3,1,0,180036,18,0,4,1096.58,312109.48,45.0,3
1,0,9,20,1,3,1,0,120118,12,0,14,1369.96,421206.38,45.0,1
1,1,9,1,1,1,0,2,180121,18,0,16,1360.96,415468.55,40.0,1
1,1,9,1,1,1,0,2,60398,6,0,47,550.99,160886.49,40.0,2
1,1,9,1,1,1,0,2,120195,12,0,22,892.67,304758.75,40.0,3
1,0,9,42,1,3,0,2,180271,18,0,32,1512.9,391108.87,56.0,1
1,0,9,42,1,3,0,2,10118,1,0,14,1181.69,346672.38,56.0,2
1,0,9,42,1,3,0,2,120354,12,1,38,1157.23,412809.69,56.0,1
1,0,9,42,1,3,0,2,70095,7,0,13,604.6,162649.73,56.0,2
1,0,9,1,0,2,0,2,100113,10,0,15,1948.32,603778.82,34.0,1
1,0,9,1,0,2,0,2,40227,4,0,26,790.05,185592.46,34.0,2
1,0,9,1,0,2,0,2,150421,15,0,53,696.04,211469.9,34.0,3
1,1,9,55,1,2,1,2,150264,15,0,31,1901.65,599081.0,56.0,1
1,1,9,55,1,2,1,2,90504,9,0,58,838.34,268594.51,56.0,2
1,1,9,55,1,2,1,2,40072,4,0,7,786.36,222912.15,56.0,2
1,0,9,49,0,5,0,2,80238,8,0,30,1070.46,332426.38,56.0,2
1,0,9,49,0,5,0,2,190347,19,1,41,1657.19,520340.47,56.0,1
1,0,9,49,0,5,0,2,140016,14,0,4,1797.81,542265.03,56.0,1
1,0,9,49,0,5,0,2,20339,2,0,41,654.93,181240.83,56.0,2
1,0,9,55,1,4,0,0,200265,20,0,30,1703.94,559367.69,47.0,1
1,0,9,55,1,4,0,0,30189,3,1,20,802.97,192754.81,47.0,2
1,0,9,55,1,4,0,0,90104,9,0,16,924.6,304774.35,47.0,2
1,0,9,55,1,4,0,0,140339,14,0,40,532.44,161368.51,47.0,3
1,1,5,34,1,2,0,2,50046,5,0,8,782.15,233513.02,76.0,2
1,1,5,34,1,2,0,2,160148,16,0,18,1432.77,439792.36,76.0,1
1,1,5,34,1,2,0,2,100363,10,0,43,1093.67,351969.39,76.0,2
1,0,9,18,1,5,1,2,40376,4,0,45,1160.48,373889.7,56.0,2
1,0,9,18,1,5,1,2,160043,16,0,6,1062.34,401252.51,56.0,3
1,0,9,18,1,5,1,2,100265,10,0,31,1499.0,517225.72,56.0,1
1,1,9,49,0,2,0,2,30503,3,0,58,1588.14,527792.52,85.0,1
1,1,9,49,0,2,0,2,150174,15,0,22,1317.29,383499.34,85.0,1
1,1,9,49,0,2,0,2,90417,9,0,53,599.72,195087.94,85.0,2
1,1,9,43,0,3,1,2,20413,2,0,47,708.32,212683.17,26.0,2
1,1,9,43,0,3,1,2,190422,19,0,49,1004.26,258687.05,26.0,3
1,1,9,43,0,3,1,2,80326,8,0,37,890.65,277936.36,26.0,2
1,1,9,43,0,3,1,2,140087,14,0,11,1431.42,551610.52,26.0,1
1,1,9,3,0,3,0,2,180524,18,0,58,955.23,277619.99,72.0,3
1,1,9,3,0,3,0,2,70346,7,1,41,1093.92,351068.04,72.0,2
1,1,9,3,0,3,0,2,130194,13,0,21,1680.5,432134.46,72.0,1
1,1,9,3,0,3,0,2,10369,1,0,41,835.25,251376.49,72.0,2
1,0,9,55,0,3,1,2,70512,7,0,59,765.3,227054.61,35.0,2
1,0,9,55,0,3,1,2,190111,19,0,15,538.06,142969.08,35.0,3
1,0,9,55,0,3,1,2,130381,13,0,42,1044.42,303510.54,35.0,3
1,0,9,55,0,3,1,2,20116,2,0,14,1296.39,379142.42,35.0,2
1,1,9,55,1,5,0,1,140138,14,0,15,784.04,268602.42,56.0,3
1,1,9,55,1,5,0,1,200053,20,0,6,1401.0,420300.71,56.0,1
1,1,9,55,1,5,0,1,80382,8,0,46,1175.51,387502.88,56.0,2
1,1,9,55,1,5,0,1,20470,2,0,55,579.26,170336.43,56.0,2
1,1,9,55,0,4,0,0,70034,7,0,5,1144.09,352076.14,36.0,2
1,1,9,55,0,4,0,0,10068,1,0,8,763.88,259163.17,36.0,2
1,1,9,55,0,4,0,0,120296,12,0,33,1232.2,335957.35,36.0,1
1,1,9,55,0,4,0,0,180217,18,0,27,650.82,173179.78,36.0,3
1,0,9,1,1,4,1,2,60153,6,0,12,1678.17,526810.49,41.0,1
1,0,9,1,1,4,1,2,110502,11,1,60,1295.04,390199.46,41.0,1
1,0,9,1,1,4,1,2,170315,17,0,39,1341.67,413675.04,41.0,1
1,0,2,0,0,2,1,2,100234,10,0,28,1606.58,419982.23,56.0,1
1,0,2,0,0,2,1,2,40343,4,1,41,779.87,231668.75,56.0,2
1,0,2,0,0,2,1,2,160010,16,0,2,1388.75,355804.31,56.0,3
1,0,9,3,0,3,1,0,150516,15,1,60,1033.2,383627.2,80.0,3
1,0,9,3,0,3,1,0,40331,4,0,40,780.74,271433.87,80.0,2
1,0,9,3,0,3,1,0,100221,10,0,27,777.35,242708.74,80.0,3
1,1,9,55,0,4,1,2,60155,6,0,12,1678.17,476123.08,56.0,1
1,1,9,55,0,4,1,2,110504,11,1,60,1295.04,403011.66,56.0,1
1,1,9,55,0,4,1,2,170318,17,0,39,1341.67,415809.78,56.0,1
1,1,9,18,1,5,1,0,70138,7,0,16,1239.87,421526.61,30.0,2
1,1,9,18,1,5,1,0,180319,18,1,37,1092.32,264876.66,30.0,3
1,1,9,18,1,5,1,0,10167,1,0,21,1957.16,545614.44,30.0,1
1,1,9,18,1,5,1,0,120395,12,0,47,1528.05,509148.56,30.0,1
1,0,9,1,0,4,0,2,20232,2,0,26,1577.79,483760.31,56.0,2
1,0,9,1,0,4,0,2,190242,19,1,28,1599.78,463547.14,56.0,1
1,0,9,1,0,4,0,2,80118,8,0,14,685.93,201911.89,56.0,2
1,0,9,1,0,4,0,2,130506,13,1,59,1434.04,388770.41,56.0,1
1,1,9,43,1,2,1,1,200493,20,0,57,445.15,131159.48,56.0,3
1,1,9,43,1,2,1,1,30420,3,0,49,1174.48,349203.77,56.0,2
1,1,9,43,1,2,1,1,90335,9,1,40,1090.32,342005.17,56.0,2
1,1,9,43,1,2,1,1,150087,15,0,14,1832.17,609798.92,56.0,1
1,1,9,43,0,2,0,2,150021,15,0,2,1522.89,463948.75,56.0,1
1,1,9,43,0,2,0,2,30361,3,0,44,673.86,190741.67,56.0,2
1,1,9,43,0,2,0,2,90266,9,0,35,1376.88,424308.42,56.0,1
1,1,9,43,0,2,0,2,200430,20,0,48,860.8,288189.74,56.0,3
1,0,9,1,0,3,0,0,50280,5,0,36,627.56,179866.96,56.0,2
1,0,9,1,0,3,0,0,110172,11,0,18,1562.55,462127.71,56.0,1
1,0,9,1,0,3,0,0,160377,16,0,43,1185.4,401540.54,56.0,3
1,1,9,55,0,5,0,0,50418,5,0,48,788.04,247655.06,59.0,2
1,1,9,55,0,5,0,0,110301,11,1,37,1368.16,413388.42,59.0,1
1,1,9,55,0,5,0,0,170118,17,0,14,1646.02,461159.55,59.0,1
1,1,9,20,0,3,0,2,110043,11,0,5,1723.2,474018.4,56.0,1
1,1,9,20,0,3,0,2,160270,16,0,33,881.17,287687.55,56.0,3
1,1,9,20,0,3,0,2,50160,5,0,22,1059.78,300950.66,56.0,2
1,0,9,18,0,5,0,0,30459,3,0,54,787.64,226236.28,56.0,2
1,0,9,18,0,5,0,0,150127,15,0,17,562.64,143613.32,56.0,3
1,0,9,18,0,5,0,0,90379,9,1,44,1351.57,463860.46,56.0,1
1,1,1,48,0,3,0,2,120302,12,0,34,1817.64,636508.92,70.0,1
1,1,1,48,0,3,0,2,180226,18,1,28,514.67,159338.05,70.0,3
1,1,1,48,0,3,0,2,70048,7,0,8,1561.28,470603.4,70.0,1
1,1,1,48,0,3,0,2,10075,1,0,10,1439.52,421479.88,70.0,2
1,0,4,53,1,1,1,2,120068,12,0,8,1803.36,504493.45,56.0,1
1,0,4,53,1,1,1,2,60278,6,0,30,552.59,158528.72,56.0,2
1,0,4,53,1,1,1,2,170443,17,0,51,1375.52,431210.5,56.0,1
1,0,8,4,0,2,0,2,50354,5,0,44,806.03,270783.51,56.0,2
1,0,8,4,0,2,0,2,170046,17,1,6,1739.03,505829.95,56.0,1
1,0,8,4,0,2,0,2,110237,11,1,29,993.51,313924.14,56.0,3
1,0,9,1,0,1,0,1,30448,3,0,52,1361.9,438067.15,56.0,2
1,0,9,1,0,1,0,1,90363,9,0,43,1908.91,558618.92,56.0,1
1,0,9,1,0,1,0,1,150116,15,0,16,1692.61,451472.07,56.0,1
1,1,9,6,0,2,1,0,40059,4,0,5,786.98,227598.3,27.0,2
1,1,9,6,0,2,1,0,150252,15,0,30,1523.22,491938.8,27.0,1
1,1,9,6,0,2,1,0,90490,9,0,58,838.34,255059.53,27.0,2
1,0,9,31,0,1,1,2,140006,14,1,2,922.7,254776.77,56.0,3
1,0,9,31,0,1,1,2,80225,8,0,29,1848.51,449409.92,56.0,1
1,0,9,31,0,1,1,2,190334,19,0,40,893.49,225808.71,56.0,3
1,0,9,31,0,1,1,2,20330,2,1,40,1599.45,598032.14,56.0,1
1,0,9,55,0,1,1,2,130034,13,0,2,1651.02,486501.61,62.0,1
1,0,9,55,0,1,1,2,180374,18,0,42,1045.42,344722.4,62.0,3
1,0,9,55,0,1,1,2,70190,7,0,21,1528.62,447108.45,62.0,1
1,0,9,55,0,1,1,2,10211,1,0,24,1146.11,283492.47,62.0,2
1,1,9,43,0,3,0,2,130011,13,0,1,1899.92,501892.72,56.0,1
1,1,9,43,0,3,0,2,70172,7,0,19,751.07,239960.5,56.0,2
1,1,9,43,0,3,0,2,10197,1,1,24,1146.11,400078.46,56.0,2
1,1,9,43,0,3,0,2,180354,18,0,40,990.46,295905.81,56.0,3
1,1,9,55,0,5,0,1,30302,3,0,36,733.45,192882.85,56.0,2
1,1,9,55,0,5,0,1,200372,20,0,40,428.03,128695.37,56.0,3
1,1,9,55,0,5,0,1,140437,14,0,51,1346.3,413330.24,56.0,1
1,1,9,55,0,5,0,1,90206,9,0,30,1250.17,380898.54,56.0,1
0,0,9,20,0,3,0,2,70409,7,0,48,533.35,156509.03,56.0,0
0,0,9,20,0,3,0,2,190002,19,0,1,1688.31,558730.59,56.0,0
0,0,9,20,0,3,0,2,20013,2,0,2,788.72,260832.79,56.0,0
0,0,9,20,0,3,0,2,130263,13,0,30,1777.51,657039.24,56.0,0
1,0,9,1,1,3,0,0,160137,16,0,16,1451.17,436603.35,50.0,1
1,0,9,1,1,3,0,0,50038,5,0,8,782.15,248699.46,50.0,2
1,0,9,1,1,3,0,0,100357,10,0,43,1093.67,296416.45,50.0,3
1,0,9,31,0,3,1,0,100355,10,0,43,1093.67,366202.32,56.0,1
1,0,9,31,0,3,1,0,50035,5,0,8,782.15,212497.0,56.0,2
1,0,9,31,0,3,1,0,160135,16,0,16,1451.17,454823.84,56.0,1
1,0,2,45,0,3,0,2,20219,2,0,24,785.12,256292.81,59.0,2
1,0,2,45,0,3,0,2,190226,19,0,26,668.24,216103.44,59.0,3
1,0,2,45,0,3,0,2,130488,13,0,56,606.9,173524.87,59.0,3
1,0,2,45,0,3,0,2,80098,8,0,12,1430.46,428385.38,59.0,1
1,0,9,46,0,5,0,0,40388,4,0,45,1160.48,281622.19,56.0,2
1,0,9,46,0,5,0,0,100272,10,0,31,1499.0,365717.82,56.0,1
1,0,9,46,0,5,0,0,160051,16,1,6,1062.34,345683.12,56.0,3
1,0,9,3,0,2,0,0,120100,12,1,13,1394.03,458362.92,56.0,1
1,0,9,3,0,2,0,0,180015,18,0,2,650.96,203374.52,56.0,3
1,0,9,3,0,2,0,0,60305,6,1,33,1131.0,267225.51,56.0,2
1,1,9,49,0,3,0,2,50069,5,0,10,629.27,167605.4,56.0,2
1,1,9,49,0,3,0,2,100384,10,0,44,1224.71,372739.71,56.0,1
1,1,9,49,0,3,0,2,160167,16,0,21,837.95,260759.58,56.0,3
1,1,9,1,0,4,1,0,180357,18,0,40,990.46,368358.25,76.0,3
1,1,9,1,0,4,1,0,70177,7,0,20,1160.82,361543.25,76.0,2
1,1,9,1,0,4,1,0,130019,13,0,1,1899.92,528447.33,76.0,1
1,1,9,1,0,4,1,0,10200,1,1,24,1146.11,371108.69,76.0,2
1,1,5,23,0,5,0,2,120018,12,0,2,1285.87,344289.15,56.0,1
1,1,5,23,0,5,0,2,60233,6,0,22,1656.54,378656.55,56.0,1
1,1,5,23,0,5,0,2,170401,17,1,48,1833.96,578194.07,56.0,1
1,1,9,55,0,2,0,2,150308,15,0,35,745.49,223449.69,56.0,3
1,1,9,55,0,2,0,2,100007,10,0,2,1830.46,544170.95,56.0,1
1,1,9,55,0,2,0,2,40111,4,0,14,1322.66,370479.06,56.0,2
1,1,9,49,1,2,0,1,40160,4,0,19,1063.07,320367.69,25.0,2
1,1,9,49,1,2,0,1,150362,15,0,44,1713.09,518036.13,25.0,1
1,1,9,49,1,2,0,1,100058,10,1,6,842.66,280069.05,25.0,3
1,1,9,18,0,4,1,2,30382,3,0,47,691.09,194477.8,56.0,2
1,1,9,18,0,4,1,2,150049,15,0,8,1056.46,329122.79,56.0,3
1,1,9,18,0,4,1,2,200456,20,0,51,1062.33,323664.25,56.0,3
1,1,9,18,0,4,1,2,90290,9,0,36,1582.79,420874.11,56.0,1
1,0,9,43,0,2,1,0,30249,3,0,28,679.93,218529.92,73.0,2
1,0,9,43,0,2,1,0,90160,9,0,25,1904.38,579567.49,73.0,1
1,0,9,43,0,2,1,0,200324,20,0,36,1484.99,487337.89,73.0,1
1,0,9,43,0,2,1,0,140392,14,0,47,917.53,273689.39,73.0,3
1,0,9,55,0,1,0,2,90097,9,0,16,924.6,322492.37,56.0,2
1,0,9,55,0,1,0,2,30178,3,0,19,1602.22,496177.31,56.0,1
1,0,9,55,0,1,0,2,200257,20,0,30,1703.94,580528.21,56.0,1
1,0,9,55,0,1,0,2,140330,14,0,39,1811.84,512102.89,56.0,1
1,0,1,5,0,2,0,2,30190,3,0,20,802.97,227392.48,46.0,2
1,0,1,5,0,2,0,2,200266,20,1,30,1703.94,411253.4,46.0,1
1,0,1,5,0,2,0,2,90106,9,0,16,924.6,284298.65,46.0,2
1,0,1,5,0,2,0,2,140341,14,0,40,532.44,152258.24,46.0,3
1,1,9,18,1,1,0,0,20250,2,0,28,650.67,201554.99,62.0,2
1,1,9,18,1,1,0,0,80136,8,0,16,424.09,133385.68,62.0,2
1,1,9,18,1,1,0,0,130529,13,0,60,1401.81,438895.96,62.0,1
1,1,9,18,1,1,0,0,190261,19,1,30,673.27,216191.56,62.0,3
1,1,9,55,1,1,0,0,110518,11,1,61,1299.46,349404.33,56.0,1
1,1,9,55,1,1,0,0,60170,6,0,15,1392.45,377789.49,56.0,2
1,1,9,55,1,1,0,0,170331,17,0,41,1422.93,406001.38,56.0,1
1,0,8,47,0,3,0,0,160182,16,0,22,1575.06,494969.3,56.0,1
1,0,8,47,0,3,0,0,50083,5,0,11,1058.56,339165.46,56.0,2
1,0,8,47,0,3,0,0,100397,10,0,46,1525.34,464919.18,56.0,1
1,0,9,1,1,5,1,2,50256,5,1,33,1787.13,512156.34,56.0,1
1,0,9,1,1,5,1,2,160356,16,0,41,1001.72,298750.15,56.0,3
1,0,9,1,1,5,1,2,110134,11,0,14,524.68,172200.35,56.0,3
1,1,9,6,0,2,0,1,20406,2,1,47,708.32,188014.56,56.0,2
1,1,9,6,0,2,0,1,80318,8,0,37,890.65,282175.27,56.0,2
1,1,9,6,0,2,0,1,190412,19,1,46,1926.19,595842.66,56.0,1
1,1,9,6,0,2,0,1,140082,14,0,11,1431.42,424295.01,56.0,1
1,1,9,55,0,1,1,0,70462,7,1,54,1940.69,464389.02,56.0,1
1,1,9,55,0,1,1,0,190059,19,0,9,695.8,216366.01,56.0,3
1,1,9,55,0,1,1,0,20065,2,0,8,715.54,252468.08,56.0,2
1,1,9,55,0,1,1,0,130321,13,0,36,1061.26,273674.59,56.0,3
1,1,9,55,1,1,1,0,130510,13,0,59,1434.04,466896.33,56.0,1
1,1,9,55,1,1,1,0,190245,19,0,29,1657.84,473439.56,56.0,1
1,1,9,55,1,1,1,0,20236,2,1,26,1577.79,493737.03,56.0,1
1,1,9,55,1,1,1,0,80121,8,0,14,685.93,211248.28,56.0,2
1,0,9,20,0,3,0,0,170002,17,0,1,530.28,161563.67,56.0,3
1,0,9,20,0,3,0,0,50303,5,1,41,630.83,193265.77,56.0,2
1,0,9,20,0,3,0,0,110187,11,0,20,570.62,139343.87,56.0,3
1,1,8,25,0,3,0,0,30334,3,0,41,965.5,304008.75,56.0,2
1,1,8,25,0,3,0,0,140474,14,0,55,1415.9,446560.5,56.0,1
1,1,8,25,0,3,0,0,90239,9,0,34,1577.36,566466.92,56.0,1
1,1,8,25,0,3,0,0,200405,20,0,46,1227.49,404637.37,56.0,3
0,1,6,16,0,3,0,2,200480,20,1,54,589.61,208828.68,56.0,0
0,1,6,16,0,3,0,2,90316,9,1,38,1260.31,353496.02,56.0,0
0,1,6,16,0,3,0,2,30407,3,0,49,1174.48,385011.74,56.0,0
0,1,6,16,0,3,0,2,150071,15,0,10,1072.95,248482.96,56.0,0
1,0,9,42,0,2,1,2,90461,9,0,57,1198.57,350655.95,56.0,2
1,0,9,42,0,2,1,2,40033,4,1,4,783.03,246720.63,56.0,2
1,0,9,42,0,2,1,2,150220,15,0,25,607.01,155769.09,56.0,3
1,1,9,43,0,2,0,2,90250,9,0,34,1577.36,447049.48,56.0,1
1,1,9,43,0,2,0,2,30348,3,0,42,1343.96,406705.44,56.0,2
1,1,9,43,0,2,0,2,150009,15,0,2,1522.89,504689.77,56.0,1
1,1,9,43,0,2,0,2,200419,20,0,48,860.8,278311.59,56.0,3
1,1,9,3,0,1,1,0,60011,6,0,1,1720.95,500882.85,84.0,1
1,1,9,3,0,1,1,0,110344,11,0,42,808.59,226783.93,84.0,3
1,1,9,3,0,1,1,0,170165,17,0,17,1827.25,532459.61,84.0,1
1,1,2,15,0,4,0,1,40400,4,0,46,800.23,217297.0,56.0,2
1,1,2,15,0,4,0,1,160062,16,0,8,986.18,271891.69,56.0,3
1,1,2,15,0,4,0,1,100283,10,0,33,1010.7,306339.37,56.0,2
1,0,9,55,1,2,0,0,130563,13,0,66,1283.8,388928.18,56.0,1
1,0,9,55,1,2,0,0,190291,19,0,34,783.42,246652.14,56.0,3
1,0,9,55,1,2,0,0,20284,2,0,33,931.4,236340.44,56.0,2
1,0,9,55,1,2,0,0,80176,8,0,23,1114.67,306537.19,56.0,2
1,1,9,55,0,2,0,0,170306,17,0,38,721.83,225181.51,46.0,3
1,1,9,55,0,2,0,0,60148,6,1,12,1678.17,515231.68,46.0,1
1,1,9,55,0,2,0,0,110495,11,0,58,1159.31,307063.74,46.0,3
1,1,9,6,0,4,0,2,120109,12,0,14,1369.96,383706.79,56.0,1
1,1,9,6,0,4,0,2,180026,18,0,3,524.48,170571.14,56.0,3
1,1,9,6,0,4,0,2,60313,6,0,34,1353.81,386941.83,56.0,2
0,0,9,18,0,1,0,0,130559,13,0,65,612.66,186656.42,59.0,0
0,0,9,18,0,1,0,0,80168,8,0,22,1495.57,445954.78,59.0,0
0,0,9,18,0,1,0,0,190285,19,0,33,1454.84,442600.87,59.0,0
0,0,9,18,0,1,0,0,20278,2,0,33,931.4,339356.02,59.0,0
1,1,9,55,1,4,0,2,40212,4,0,26,790.05,198798.52,56.0,2
1,1,9,55,1,4,0,2,150404,15,0,51,1689.08,543106.45,56.0,1
1,1,9,55,1,4,0,2,100099,10,0,12,852.74,265492.59,56.0,2
1,1,9,46,1,3,0,0,40437,4,0,51,802.11,217380.34,56.0,2
1,1,9,46,1,3,0,0,160096,16,1,10,1608.56,546573.79,56.0,1
1,1,9,46,1,3,0,0,100313,10,0,37,1177.85,377522.43,56.0,1
1,1,9,1,0,3,0,2,50068,5,1,10,629.27,208569.64,56.0,2
1,1,9,1,0,3,0,2,100383,10,0,44,1224.71,375810.64,56.0,1
1,1,9,1,0,3,0,2,160166,16,0,21,837.95,237154.66,56.0,3
1,1,0,44,0,1,1,0,20005,2,0,1,706.3,225864.51,56.0,2
1,1,0,44,0,1,1,0,130255,13,0,30,1777.51,533306.66,56.0,1
1,1,0,44,0,1,1,0,70402,7,1,47,1033.08,356614.79,56.0,2
1,1,0,44,0,1,1,0,180582,18,0,67,1664.17,527806.89,56.0,1
1,1,9,55,1,4,1,0,110145,11,0,15,1385.68,507714.49,56.0,1
1,1,9,55,1,4,1,0,50262,5,0,35,605.55,162856.39,56.0,2
1,1,9,55,1,4,1,0,160362,16,1,42,1496.62,393962.39,56.0,1
1,1,9,3,0,5,0,2,160073,16,0,9,1524.04,508776.17,56.0,1
1,1,9,3,0,5,0,2,100294,10,1,34,1435.44,415938.84,56.0,1
1,1,9,3,0,5,0,2,40412,4,0,48,1621.39,410763.17,56.0,1
1,0,9,43,1,2,0,2,170101,17,0,12,451.91,124905.01,56.0,3
1,0,9,43,1,2,0,2,50403,5,0,47,1241.14,384719.5,56.0,2
1,0,9,43,1,2,0,2,110286,11,0,34,680.07,223537.47,56.0,3
1,0,3,22,0,3,0,2,110463,11,0,54,802.65,223827.64,56.0,3
1,0,3,22,0,3,0,2,60120,6,0,10,942.08,317171.03,56.0,2
1,0,3,22,0,3,0,2,170273,17,0,33,1532.89,492997.29,56.0,1
0,1,9,55,0,5,0,1,80057,8,0,6,1370.17,438095.92,56.0,0
0,1,9,55,0,5,0,1,190175,19,1,21,477.75,151676.84,56.0,0
0,1,9,55,0,5,0,1,130442,13,0,49,572.01,187502.33,56.0,0
0,1,9,55,0,5,0,1,20172,2,0,20,727.55,226753.78,56.0,0
1,0,0,39,0,3,0,2,180161,18,1,21,1790.69,575175.8,56.0,1
1,0,0,39,0,3,0,2,120239,12,0,25,1540.51,477017.14,56.0,1
1,0,0,39,0,3,0,2,60447,6,0,53,1170.96,381525.18,56.0,2
0,0,9,1,1,3,0,2,130407,13,0,46,1098.38,355579.21,56.0,0
0,0,9,1,1,3,0,2,80016,8,0,2,1097.36,302307.79,56.0,0
0,0,9,1,1,3,0,2,20136,2,0,17,1397.4,427677.52,56.0,0
0,0,9,1,1,3,0,2,190134,19,0,18,1599.44,503687.91,56.0,0
1,0,9,43,1,5,1,2,130597,13,0,70,750.41,229357.3,56.0,3
1,0,9,43,1,5,1,2,80215,8,0,29,1848.51,604532.8,56.0,1
1,0,9,43,1,5,1,2,190325,19,0,39,1237.04,355741.84,56.0,3
1,0,9,43,1,5,1,2,20317,2,0,37,780.46,234043.78,56.0,2
1,1,9,55,0,2,1,0,90155,9,0,24,914.61,252664.87,56.0,2
1,1,9,55,0,2,1,0,30244,3,0,28,679.93,207951.17,56.0,2
1,1,9,55,0,2,1,0,200316,20,1,34,858.93,250793.6,56.0,3
1,1,9,55,0,2,1,0,140386,14,0,47,917.53,301398.29,56.0,3
1,1,9,42,0,1,0,0,60340,6,0,37,1721.96,600992.42,73.0,1
1,1,9,42,0,1,0,0,120141,12,0,16,1523.02,381756.88,73.0,1
1,1,9,42,0,1,0,0,180063,18,0,7,505.94,152268.3,73.0,3
1,1,4,53,0,1,0,2,170430,17,0,49,1283.67,334547.53,56.0,3
1,1,4,53,0,1,0,2,60264,6,0,28,1723.12,545741.02,56.0,1
1,1,4,53,0,1,0,2,120051,12,0,5,495.04,163205.77,56.0,3
1,0,9,31,1,4,1,0,200040,20,0,4,631.75,202971.33,25.0,3
1,0,9,31,1,4,1,0,140126,14,0,13,442.74,128009.61,25.0,3
1,0,9,31,1,4,1,0,20457,2,0,54,924.4,261633.77,25.0,2
1,0,9,31,1,4,1,0,80369,8,0,44,1862.29,575087.19,25.0,1
1,0,7,37,1,2,1,0,70136,7,0,16,1239.87,358673.87,72.0,2
1,0,7,37,1,2,1,0,180316,18,0,36,1089.77,333843.01,72.0,3
1,0,7,37,1,2,1,0,10165,1,1,21,1957.16,526058.84,72.0,1
1,0,7,37,1,2,1,0,120393,12,0,45,1898.75,650710.38,72.0,1
1,1,9,55,0,3,0,2,100260,10,1,31,1499.0,449151.55,72.0,1
1,1,9,55,0,3,0,2,40370,4,1,44,799.67,262882.87,72.0,2
1,1,9,55,0,3,0,2,160039,16,0,5,749.15,232301.46,72.0,3
1,0,9,55,0,5,1,1,60255,6,0,26,1538.47,522654.07,54.0,1
1,0,9,55,0,5,1,1,120044,12,0,4,1559.34,441130.9,54.0,1
1,0,9,55,0,5,1,1,170422,17,0,49,1283.67,420964.33,54.0,1
1,0,4,28,0,5,1,2,30057,3,0,6,668.89,203633.01,61.0,2
1,0,4,28,0,5,1,2,80476,8,0,56,1874.7,526682.25,61.0,1
1,0,4,28,0,5,1,2,140219,14,0,23,1610.37,501053.0,61.0,1
1,0,4,28,0,5,1,2,200142,20,0,17,1089.33,295842.21,61.0,3
1,1,9,55,0,3,0,2,10412,1,0,48,1170.93,412010.0,60.0,2
1,1,9,55,0,3,0,2,130239,13,1,28,1173.72,340602.26,60.0,1
1,1,9,55,0,3,0,2,70387,7,0,44,1859.83,419927.79,60.0,1
1,1,9,55,0,3,0,2,180570,18,0,66,1631.24,377429.44,60.0,1
1,0,9,55,1,5,0,2,30128,3,0,11,1283.1,435547.39,32.0,2
1,0,9,55,1,5,0,2,90039,9,0,7,697.68,257009.74,32.0,2
1,0,9,55,1,5,0,2,200199,20,0,24,1188.07,377107.87,32.0,3
1,0,9,55,1,5,0,2,140272,14,0,30,1746.48,450012.44,32.0,1
0,1,9,7,0,4,1,0,170089,17,0,11,596.22,169300.68,56.0,0
0,1,9,7,0,4,1,0,50393,5,0,46,1272.95,427006.84,56.0,0
0,1,9,7,0,4,1,0,110275,11,0,34,680.07,189535.24,56.0,0
1,1,9,55,0,2,0,0,190273,19,1,31,1089.64,310351.72,56.0,3
1,1,9,55,0,2,0,0,130540,13,0,63,1623.8,523216.37,56.0,1
1,1,9,55,0,2,0,0,80149,8,0,19,865.63,244406.0,56.0,2
1,1,9,55,0,2,0,0,20261,2,0,31,629.92,183932.23,56.0,2
1,1,9,55,1,2,0,2,160179,16,0,22,1575.06,506852.64,56.0,1
1,1,9,55,1,2,0,2,50081,5,0,10,629.27,164878.55,56.0,2
1,1,9,55,1,2,0,2,100395,10,1,45,1119.1,346660.08,56.0,1
1,1,5,8,0,1,0,1,50190,5,0,24,807.02,245591.43,56.0,2
1,1,5,8,0,1,0,1,110085,11,0,10,1519.64,516482.69,56.0,1
1,1,5,8,0,1,0,1,160312,16,0,37,922.03,285332.67,56.0,3
1,1,9,1,0,3,0,2,160294,16,0,35,629.97,165950.58,56.0,3
1,1,9,1,0,3,0,2,110067,11,0,8,1001.41,279379.41,56.0,3
1,1,9,1,0,3,0,2,50179,5,0,23,1006.65,248569.02,56.0,2
1,0,9,1,0,5,1,1,170270,17,0,32,954.54,266964.5,56.0,3
1,0,9,1,0,5,1,1,110462,11,0,54,802.65,223780.85,56.0,3
1,0,9,1,0,5,1,1,60119,6,0,10,942.08,216531.18,56.0,2
1,1,9,42,1,3,0,2,100009,10,0,2,1830.46,592851.63,84.0,1
1,1,9,42,1,3,0,2,150310,15,0,35,745.49,202307.22,84.0,3
1,1,9,42,1,3,0,2,40112,4,0,14,1322.66,403269.79,84.0,2
1,0,9,55,0,2,1,1,80028,8,0,4,1934.75,592274.66,77.0,1
1,0,9,55,0,2,1,1,20149,2,0,17,1397.4,444157.13,77.0,2
1,0,9,55,0,2,1,1,130419,13,0,47,1874.35,620192.42,77.0,1
1,0,9,55,0,2,1,1,190149,19,0,19,1697.73,502330.57,77.0,1
1,0,9,55,1,5,1,2,30099,3,1,9,1125.84,371216.71,56.0,2
1,0,9,55,1,5,1,2,90011,9,0,1,832.35,261588.76,56.0,2
1,0,9,55,1,5,1,2,140246,14,0,28,486.35,147025.21,56.0,3
1,0,9,55,1,5,1,2,200171,20,0,19,759.72,249924.88,56.0,3
1,0,9,49,1,3,1,2,170099,17,0,12,451.91,129935.43,86.0,3
1,0,9,49,1,3,1,2,110284,11,1,34,680.07,191273.75,86.0,3
1,0,9,49,1,3,1,2,50401,5,0,47,1241.14,387349.97,86.0,2
1,1,9,55,0,2,0,0,200343,20,0,37,632.35,196134.77,56.0,3
1,1,9,55,0,2,0,0,90182,9,0,27,1207.33,358447.56,56.0,2
1,1,9,55,0,2,0,0,30278,3,0,31,915.38,292620.94,56.0,2
1,1,9,55,0,2,0,0,140410,14,0,49,1231.75,390024.91,56.0,1
1,0,9,55,0,5,0,2,170151,17,0,16,1693.0,447263.48,43.0,1
1,0,9,55,0,5,0,2,110334,11,0,40,638.97,187291.27,43.0,3
1,0,9,55,0,5,0,2,60001,6,0,1,1720.95,501136.87,43.0,1
1,1,9,3,0,3,0,0,180536,18,0,61,1019.7,278150.04,65.0,3
1,1,9,3,0,3,0,0,10382,1,0,44,779.24,256541.2,65.0,2
1,1,9,3,0,3,0,0,130207,13,0,24,1044.69,298657.8,65.0,3
1,1,9,3,0,3,0,0,70359,7,1,42,702.08,170341.14,65.0,2
1,1,9,55,0,2,1,1,110357,11,0,42,808.59,243379.65,56.0,3
1,1,9,55,0,2,1,1,60024,6,0,2,1338.63,429245.17,56.0,2
1,1,9,55,0,2,1,1,170178,17,0,19,1712.06,553899.49,56.0,1
1,0,9,20,0,4,0,2,70335,7,0,40,1138.18,349106.37,56.0,2
1,0,9,20,0,4,0,2,180512,18,0,57,636.39,203193.41,56.0,3
1,0,9,20,0,4,0,2,130181,13,0,20,516.72,154757.84,56.0,3
1,0,9,20,0,4,0,2,10355,1,0,38,1355.85,386382.22,56.0,2
1,0,9,6,0,2,0,2,180378,18,0,42,1045.42,272247.83,56.0,3
1,0,9,6,0,2,0,2,70193,7,0,22,1914.21,529783.19,56.0,1
1,0,9,6,0,2,0,2,10213,1,0,24,1146.11,344932.28,56.0,2
1,0,9,6,0,2,0,2,130036,13,0,3,979.64,349012.84,56.0,3
1,1,9,42,1,5,0,1,70303,7,0,36,1748.75,539246.07,56.0,1
1,1,9,42,1,5,0,1,10314,1,1,34,1469.14,389720.64,56.0,2
1,1,9,42,1,5,0,1,180475,18,0,53,1806.7,516252.84,56.0,1
1,1,9,42,1,5,0,1,130141,13,0,16,1772.88,537026.67,56.0,1
1,1,8,38,1,2,0,2,70038,7,0,6,1232.31,364484.54,56.0,2
1,1,8,38,1,2,0,2,10071,1,0,8,763.88,252439.28,56.0,2
1,1,8,38,1,2,0,2,120299,12,0,33,1232.2,337025.56,56.0,1
1,1,8,38,1,2,0,2,180220,18,0,28,514.67,151439.51,56.0,3
1,0,9,18,0,1,0,2,120043,12,0,4,1559.34,455532.2,57.0,1
1,0,9,18,0,1,0,2,170420,17,0,49,1283.67,407447.04,57.0,1
1,0,9,18,0,1,0,2,60254,6,0,26,1538.47,473238.41,57.0,1
1,1,9,1,1,2,0,1,40318,4,0,39,743.73,227362.44,54.0,2
1,1,9,1,1,2,0,1,150509,15,0,60,1033.2,353140.87,54.0,3
1,1,9,1,1,2,0,1,100211,10,0,27,777.35,207013.27,54.0,3
1,0,9,55,0,2,1,0,80003,8,0,1,1109.29,351694.47,73.0,2
1,0,9,55,0,2,1,0,20125,2,0,15,1603.33,513464.72,73.0,2
1,0,9,55,0,2,1,0,130388,13,0,43,1875.83,568196.47,73.0,1
1,0,9,55,0,2,1,0,190119,19,0,16,1711.98,578707.72,73.0,1
1,0,9,43,0,1,0,0,110054,11,0,6,1724.08,501939.76,84.0,1
1,0,9,43,0,1,0,0,50168,5,0,22,1059.78,313882.7,84.0,2
1,0,9,43,0,1,0,0,160281,16,0,33,881.17,321750.41,84.0,3
1,0,9,43,0,3,0,0,50323,5,1,42,791.2,264319.55,59.0,2
1,0,9,43,0,3,0,0,170016,17,0,1,530.28,158604.2,59.0,3
1,0,9,43,0,3,0,0,110204,11,0,24,1481.82,491381.22,59.0,1
1,1,9,18,0,4,0,0,20043,2,0,5,933.95,284116.54,56.0,2
1,1,9,18,0,4,0,0,190033,19,0,6,1067.81,300952.93,56.0,3
1,1,9,18,0,4,0,0,130292,13,0,33,1445.84,349555.66,56.0,1
1,1,9,18,0,4,0,0,70435,7,1,51,648.27,160146.36,56.0,2
1,1,8,25,0,2,1,2,60074,6,0,7,1075.42,336562.17,56.0,2
1,1,8,25,0,2,1,2,170226,17,0,26,929.59,317758.61,56.0,3
1,1,8,25,0,2,1,2,110419,11,0,49,1095.85,322523.39,56.0,3
1,1,9,3,1,4,0,2,200495,20,0,57,445.15,140335.17,56.0,3
1,1,9,3,1,4,0,2,30423,3,0,49,1174.48,344231.92,56.0,2
1,1,9,3,1,4,0,2,150089,15,0,14,1832.17,578866.18,56.0,1
1,1,9,3,1,4,0,2,90336,9,0,40,1090.32,335497.43,56.0,2
1,0,2,0,0,2,0,0,120126,12,0,15,1456.98,419994.84,56.0,1
1,0,2,0,0,2,0,0,60331,6,0,37,1721.96,519841.25,56.0,1
1,0,2,0,0,2,0,0,180047,18,0,5,883.32,222979.69,56.0,3
1,1,9,31,1,1,0,1,40313,4,0,38,800.08,261905.49,56.0,2
1,1,9,31,1,1,0,1,150503,15,0,60,1033.2,331613.25,56.0,3
1,1,9,31,1,1,0,1,100204,10,0,26,1294.85,324190.87,56.0,1
1,0,9,55,0,4,0,2,180532,18,0,60,1488.67,454295.97,56.0,1
1,0,9,55,0,4,0,2,70354,7,0,41,1093.92,377039.12,56.0,2
1,0,9,55,0,4,0,2,130201,13,0,22,1811.36,608461.19,56.0,1
1,0,9,55,0,4,0,2,10375,1,0,41,835.25,260615.44,56.0,2
1,1,5,23,0,4,0,0,180191,18,1,25,911.94,319887.69,56.0,3
1,1,5,23,0,4,0,0,120270,12,0,29,688.73,200881.62,56.0,3
1,1,5,23,0,4,0,0,10033,1,0,4,633.61,174206.99,56.0,2
1,1,5,23,0,4,0,0,70004,7,0,1,759.04,210532.52,56.0,2
1,0,9,20,0,4,1,0,120387,12,0,44,635.36,192057.65,32.0,3
1,0,9,20,0,4,1,0,180311,18,0,36,1089.77,311067.21,32.0,3
1,0,9,20,0,4,1,0,10160,1,0,20,1146.24,312577.25,32.0,2
1,0,9,20,0,4,1,0,70131,7,0,16,1239.87,402393.19,32.0,2
1,0,1,48,0,1,0,0,110255,11,0,30,642.72,178243.97,56.0,3
1,0,1,48,0,1,0,0,170068,17,1,9,1505.53,427718.82,56.0,1
1,0,1,48,0,1,0,0,50375,5,0,45,608.89,185170.24,56.0,2
1,1,9,43,0,4,1,0,140038,14,0,6,1733.36,470883.03,56.0,1
1,1,9,43,0,4,1,0,80262,8,1,32,1410.88,346676.36,56.0,1
1,1,9,43,0,4,1,0,20356,2,0,42,786.45,272856.66,56.0,2
1,1,9,43,0,4,1,0,190365,19,0,42,1137.59,316898.28,56.0,3
1,0,4,10,1,1,0,2,160238,16,0,28,1440.71,442981.99,56.0,1
1,0,4,10,1,1,0,2,50127,5,0,16,1060.08,294198.85,56.0,2
1,0,4,10,1,1,0,2,110012,11,0,2,938.0,333788.69,56.0,3
1,1,9,55,0,1,0,0,110521,11,0,61,1299.46,381636.61,56.0,1
1,1,9,55,0,1,0,0,60172,6,0,15,1392.45,380225.91,56.0,2
1,1,9,55,0,1,0,0,170335,17,0,41,1422.93,363367.6,56.0,1
1,1,9,55,0,4,0,0,70158,7,0,19,751.07,223785.43,56.0,2
1,1,9,55,0,4,0,0,180344,18,0,39,662.88,202760.5,56.0,3
1,1,9,55,0,4,0,0,10182,1,0,22,740.83,210445.3,56.0,2
1,1,9,55,0,4,0,0,120414,12,1,48,1919.31,564420.33,56.0,1
1,0,9,49,0,4,0,0,70299,7,0,35,613.21,192036.99,56.0,2
1,0,9,49,0,4,0,0,10311,1,0,33,827.74,186418.6,56.0,2
1,0,9,49,0,4,0,0,180471,18,0,53,1806.7,539078.45,56.0,1
1,0,9,49,0,4,0,0,130138,13,0,16,1772.88,390033.6,56.0,1
1,0,9,55,1,4,0,2,60333,6,0,37,1721.96,450279.0,56.0,1
1,0,9,55,1,4,0,2,120129,12,0,15,1456.98,477431.41,56.0,1
1,0,9,55,1,4,0,2,180050,18,0,6,840.25,250887.27,56.0,3
1,1,9,55,0,4,0,0,180459,18,0,52,1424.54,433951.65,75.0,1
1,1,9,55,0,4,0,0,130124,13,0,15,458.29,109548.52,75.0,3
1,1,9,55,0,4,0,0,10295,1,0,31,619.78,181475.71,75.0,2
1,1,9,55,0,4,0,0,70281,7,0,34,1487.05,417696.06,75.0,1
1,1,9,6,0,4,0,0,200156,20,0,18,1868.01,633040.56,56.0,1
1,1,9,6,0,4,0,0,30084,3,0,8,1152.39,319956.38,56.0,2
1,1,9,6,0,4,0,0,80496,8,0,57,1949.35,538507.2,56.0,1
1,1,9,6,0,4,0,0,140234,14,0,25,586.85,180342.16,56.0,3
1,0,0,44,0,4,0,0,60054,6,0,5,1617.43,447068.49,30.0,1
1,0,0,44,0,4,0,0,170207,17,0,23,1025.52,355893.16,30.0,3
1,0,0,44,0,4,0,0,110400,11,0,47,1456.74,383057.87,30.0,1
1,1,8,47,0,3,1,2,10129,1,1,15,765.0,246104.84,54.0,2
1,1,8,47,0,3,1,2,70105,7,0,14,714.65,210334.7,54.0,2
1,1,8,47,0,3,1,2,180282,18,0,35,799.05,245628.59,54.0,3
1,1,8,47,0,3,1,2,120365,12,0,38,1157.23,323890.25,54.0,3
1,1,9,43,0,2,1,2,120271,12,0,29,688.73,165789.68,69.0,3
1,1,9,43,0,2,1,2,180192,18,0,25,911.94,284149.74,69.0,3
1,1,9,43,0,2,1,2,10036,1,0,4,633.61,223287.36,69.0,2
1,1,9,43,0,2,1,2,70005,7,0,1,759.04,245775.23,69.0,2
1,0,9,46,1,1,1,0,110092,11,1,10,1519.64,519571.55,56.0,1
1,0,9,46,1,1,1,0,160318,16,0,38,431.83,130514.41,56.0,3
1,0,9,46,1,1,1,0,50201,5,0,26,1272.4,363278.34,56.0,2
1,0,9,29,0,5,1,2,50373,5,0,45,608.89,175491.09,39.0,2
1,0,9,29,0,5,1,2,170066,17,0,8,1297.3,408314.89,39.0,1
1,0,9,29,0,5,1,2,110253,11,0,30,642.72,183055.23,39.0,3
1,1,9,42,0,3,0,0,60130,6,0,10,942.08,288826.04,58.0,2
1,1,9,42,0,3,0,0,110473,11,1,56,724.8,195094.85,58.0,3
1,1,9,42,0,3,0,0,170284,17,0,34,1672.99,498882.11,58.0,1
1,0,9,49,0,4,0,2,150203,15,1,23,1279.23,381854.67,56.0,1
1,0,9,49,0,4,0,2,90442,9,1,56,1516.4,484801.23,56.0,1
1,0,9,49,0,4,0,2,40019,4,0,2,1620.07,545321.51,56.0,1
1,0,4,53,0,3,0,2,40122,4,0,14,1322.66,428558.17,56.0,2
1,0,4,53,0,3,0,2,150318,15,1,36,1424.81,484693.93,56.0,1
1,0,4,53,0,3,0,2,100022,10,0,4,1765.37,619177.19,56.0,1
1,1,5,23,1,3,1,0,60263,6,0,27,830.65,270512.28,56.0,2
1,1,5,23,1,3,1,0,120050,12,0,5,495.04,148566.34,56.0,3
1,1,5,23,1,3,1,0,170429,17,0,49,1283.67,372530.49,56.0,3
1,0,9,49,1,2,0,1,90463,9,0,57,1198.57,353174.47,38.0,1
1,0,9,49,1,2,0,1,40036,4,0,4,783.03,181705.84,38.0,2
1,0,9,49,1,2,0,1,150221,15,0,26,961.01,334454.42,38.0,3
1,1,9,6,1,3,1,1,180579,18,1,66,1631.24,490155.8,56.0,1
1,1,9,6,1,3,1,1,130250,13,0,29,568.7,175980.46,56.0,3
1,1,9,6,1,3,1,1,70399,7,0,46,1677.84,481355.1,56.0,1
1,1,9,6,1,3,1,1,20001,2,0,1,706.3,262842.09,56.0,2
1,1,9,18,1,3,0,0,170173,17,0,19,1712.06,483639.68,25.0,1
1,1,9,18,1,3,0,0,110349,11,0,42,808.59,234941.79,25.0,3
1,1,9,18,1,3,0,0,60018,6,0,1,1720.95,497030.07,25.0,1
1,0,1,5,1,2,1,0,10149,1,0,19,773.17,219291.92,43.0,2
1,0,1,5,1,2,1,0,180301,18,0,36,1089.77,308545.24,43.0,3
1,0,1,5,1,2,1,0,70120,7,1,15,602.92,170552.15,43.0,2
1,0,1,5,1,2,1,0,120380,12,0,41,938.23,301777.57,43.0,3
1,0,5,8,1,2,0,2,40348,4,0,42,738.34,212626.79,56.0,2
1,0,5,8,1,2,0,2,160014,16,0,2,1388.75,400575.75,56.0,1
1,0,5,8,1,2,0,2,100238,10,0,28,1606.58,448491.59,56.0,1
1,0,9,1,0,3,0,0,130423,13,0,47,1874.35,461566.83,25.0,1
1,0,9,1,0,3,0,0,20152,2,1,17,1397.4,373065.95,25.0,2
1,0,9,1,0,3,0,0,190152,19,1,19,1697.73,474165.55,25.0,1
1,0,9,1,0,3,0,0,80032,8,0,4,1934.75,562008.09,25.0,1
1,1,2,45,0,3,1,0,10105,1,1,13,719.47,211336.04,56.0,2
1,1,2,45,0,3,1,0,180253,18,0,30,1795.66,601135.7,56.0,1
1,1,2,45,0,3,1,0,120337,12,0,37,1681.78,540633.13,56.0,1
1,1,2,45,0,3,1,0,70078,7,0,12,804.65,270004.76,56.0,2
1,0,9,55,1,2,0,0,100423,10,0,50,1138.32,298598.28,80.0,2
1,0,9,55,1,2,0,0,50111,5,0,13,791.13,259068.93,80.0,2
1,0,9,55,1,2,0,0,160212,16,0,26,1458.08,404054.56,80.0,1
1,1,9,55,0,2,0,2,140251,14,1,29,1618.34,521382.1,56.0,1
1,1,9,55,0,2,0,2,30106,3,0,10,784.09,217542.01,56.0,2
1,1,9,55,0,2,0,2,90018,9,0,4,1139.87,344936.43,56.0,2
1,1,9,55,0,2,0,2,200178,20,0,19,759.72,224217.07,56.0,3
1,0,9,55,0,5,0,2,80259,8,0,31,1253.18,433975.99,59.0,1
1,0,9,55,0,5,0,2,140035,14,0,6,1733.36,458349.81,59.0,1
1,0,9,55,0,5,0,2,20354,2,0,42,786.45,293846.83,59.0,2
1,0,9,55,0,5,0,2,190362,19,1,42,1137.59,348718.59,59.0,3
1,1,8,25,0,4,0,2,70031,7,0,5,1144.09,386036.16,56.0,2
1,1,8,25,0,4,0,2,120293,12,0,33,1232.2,364975.55,56.0,1
1,1,8,25,0,4,0,2,180214,18,0,27,650.82,171733.24,56.0,3
1,1,8,25,0,4,0,2,10065,1,0,8,763.88,224101.03,56.0,2
1,0,9,18,0,3,0,0,30393,3,0,48,783.39,258311.5,85.0,2
1,0,9,18,0,3,0,0,150059,15,0,9,565.48,187366.27,85.0,3
1,0,9,18,0,3,0,0,200467,20,0,52,1634.67,526337.84,85.0,1
1,0,9,18,0,3,0,0,90301,9,0,37,731.44,235500.65,85.0,2
1,1,9,49,1,4,1,2,50339,5,0,43,802.72,222121.91,56.0,2
1,1,9,49,1,4,1,2,110222,11,0,27,1638.1,461250.81,56.0,1
1,1,9,49,1,4,1,2,170032,17,1,2,1738.5,498320.91,56.0,1
1,0,8,38,1,5,0,2,120046,12,1,4,1559.34,486619.23,56.0,1
1,0,8,38,1,5,0,2,170424,17,0,49,1283.67,385520.65,56.0,3
1,0,8,38,1,5,0,2,60258,6,1,26,1538.47,503560.15,56.0,1
1,0,4,53,0,5,0,2,10255,1,0,29,757.2,233505.91,45.0,2
1,0,4,53,0,5,0,2,180419,18,0,47,520.85,148669.83,45.0,3
1,0,4,53,0,5,0,2,70235,7,0,26,717.0,230694.26,45.0,2
1,0,4,53,0,5,0,2,130078,13,0,10,1314.38,368940.08,45.0,1
1,0,9,55,0,2,0,2,90238,9,0,34,1577.36,487674.6,56.0,1
1,0,9,55,0,2,0,2,30333,3,0,41,965.5,297389.79,56.0,2
1,0,9,55,0,2,0,2,140471,14,0,55,1415.9,412865.9,56.0,1
1,0,9,55,0,2,0,2,200403,20,0,46,1227.49,404547.78,56.0,3
1,1,9,29,0,5,1,2,30031,3,1,4,719.96,206964.98,51.0,2
1,1,9,29,0,5,1,2,140192,14,0,21,1560.87,403540.53,51.0,1
1,1,9,29,0,5,1,2,200117,20,0,16,645.44,208927.52,51.0,3
1,1,9,29,0,5,1,2,80451,8,0,53,1891.72,527612.39,51.0,1
1,1,8,38,0,3,1,2,160003,16,0,1,637.07,216362.33,65.0,3
1,1,8,38,0,3,1,2,100228,10,0,28,1606.58,446713.63,65.0,1
1,1,8,38,0,3,1,2,40338,4,0,40,780.74,198594.76,65.0,2
1,0,9,43,0,3,0,0,50011,5,0,3,1008.42,274700.0,59.0,2
1,0,9,43,0,3,0,0,100329,10,0,39,1188.51,339275.85,59.0,1
1,0,9,43,0,3,0,0,160114,16,0,12,549.98,158974.32,59.0,3
0,1,9,1,0,2,0,0,160047,16,0,6,1062.34,334381.13,56.0,0
0,1,9,1,0,2,0,0,40383,4,0,45,1160.48,419164.55,56.0,0
0,1,9,1,0,2,0,0,100269,10,0,31,1499.0,463667.58,56.0,0
1,0,9,55,0,4,0,2,50173,5,0,23,1006.65,269137.96,56.0,2
1,0,9,55,0,4,0,2,110061,11,0,7,1734.79,512135.16,56.0,1
1,0,9,55,0,4,0,2,160290,16,0,34,743.19,245867.49,56.0,3
1,0,9,55,0,5,0,2,180017,18,0,3,524.48,183881.37,52.0,3
1,0,9,55,0,5,0,2,60306,6,0,33,1131.0,376815.49,52.0,2
1,0,9,55,0,5,0,2,120101,12,0,13,1394.03,367948.15,52.0,1
1,0,9,55,0,4,1,0,180100,18,1,14,1742.3,537075.78,56.0,1
1,0,9,55,0,4,1,0,120175,12,0,19,1381.22,412697.67,56.0,1
1,0,9,55,0,4,1,0,60372,6,0,42,1766.89,599850.78,56.0,1
1,1,9,18,0,2,0,1,90476,9,0,58,838.34,242986.14,56.0,2
1,1,9,18,0,2,0,1,150235,15,0,26,961.01,268604.55,56.0,3
1,1,9,18,0,2,0,1,40050,4,0,5,786.98,219862.84,56.0,2
1,0,9,1,1,5,0,0,50214,5,0,28,1247.24,388946.75,56.0,2
1,0,9,1,1,5,0,0,110103,11,0,11,1581.88,457152.28,56.0,1
1,0,9,1,1,5,0,0,160329,16,0,39,1562.93,479212.8,56.0,1
1,0,9,55,0,4,0,0,80024,8,0,3,1736.05,488649.27,80.0,1
1,0,9,55,0,4,0,0,130417,13,1,47,1874.35,647138.13,80.0,1
1,0,9,55,0,4,0,0,20147,2,0,17,1397.4,421336.89,80.0,2
1,0,9,55,0,4,0,0,190145,19,0,19,1697.73,558396.13,80.0,1
1,0,9,55,0,1,1,2,80399,8,0,46,1175.51,342972.27,27.0,2
1,0,9,55,0,1,1,2,140154,14,0,16,915.37,221903.24,27.0,3
1,0,9,55,0,1,1,2,20481,2,0,55,579.26,173779.21,27.0,2
1,0,9,55,0,1,1,2,200066,20,0,8,1268.45,404330.66,27.0,3
1,0,9,55,0,4,0,0,80223,8,1,29,1848.51,511233.23,31.0,1
1,0,9,55,0,4,0,0,20324,2,1,38,710.81,257405.89,31.0,2
1,0,9,55,0,4,0,0,130604,13,1,70,750.41,238812.89,31.0,3
1,0,9,55,0,4,0,0,190331,19,1,39,1237.04,393996.5,31.0,3
0,1,4,28,0,3,1,1,40403,4,0,46,800.23,252741.45,56.0,0
0,1,4,28,0,3,1,1,160063,16,0,8,986.18,290736.09,56.0,0
0,1,4,28,0,3,1,1,100284,10,0,33,1010.7,256264.72,56.0,0
0,1,9,49,0,1,0,0,80072,8,0,8,1552.34,398037.98,56.0,0
0,1,9,49,0,1,0,0,190196,19,0,24,620.51,187120.57,56.0,0
0,1,9,49,0,1,0,0,130458,13,0,53,968.77,294203.62,56.0,0
0,1,9,49,0,1,0,0,20193,2,0,22,653.41,197732.56,56.0,0
1,0,9,49,0,2,0,2,110083,11,0,10,1519.64,439896.91,32.0,1
1,0,9,49,0,2,0,2,50188,5,0,24,807.02,260912.82,32.0,2
1,0,9,49,0,2,0,2,160307,16,0,35,629.97,203347.49,32.0,3
1,1,9,29,0,2,0,1,200124,20,0,16,645.44,210514.61,56.0,3
1,1,9,29,0,2,0,1,30040,3,0,4,719.96,178170.39,56.0,2
1,1,9,29,0,2,0,1,140199,14,1,22,1148.66,421423.2,56.0,1
1,1,9,29,0,2,0,1,80460,8,0,54,1699.02,405434.95,56.0,1
1,1,9,20,0,2,1,2,100261,10,0,31,1499.0,388799.01,66.0,1
1,1,9,20,0,2,1,2,40371,4,0,44,799.67,243752.12,66.0,2
1,1,9,20,0,2,1,2,160040,16,1,5,749.15,232742.76,66.0,3
1,0,9,18,0,1,1,0,170131,17,0,15,1365.73,438371.45,56.0,1
1,0,9,18,0,1,1,0,110314,11,0,38,788.47,292783.1,56.0,3
1,0,9,18,0,1,1,0,50429,5,0,50,1261.07,340608.67,56.0,2
1,0,9,3,0,5,0,1,180231,18,0,29,578.36,164194.34,49.0,3
1,0,9,3,0,5,0,1,10081,1,0,10,1439.52,362906.17,49.0,2
1,0,9,3,0,5,0,1,120307,12,1,34,1817.64,505553.38,49.0,1
1,0,9,3,0,5,0,1,70054,7,0,9,926.11,255729.49,49.0,2
1,1,9,55,0,2,0,0,60365,6,0,41,940.72,260940.86,56.0,2
1,1,9,55,0,2,0,0,180093,18,0,12,1692.5,593053.61,56.0,1
1,1,9,55,0,2,0,0,120168,12,0,19,1381.22,404116.85,56.0,1
1,0,9,46,0,3,1,0,120084,12,0,10,1642.26,491470.69,56.0,1
1,0,9,46,0,3,1,0,180002,18,0,1,1379.64,354219.71,56.0,3
1,0,9,46,0,3,1,0,60291,6,1,32,793.11,276330.88,56.0,2
1,0,9,55,0,4,1,0,180541,18,0,61,1019.7,315923.54,37.0,3
1,0,9,55,0,4,1,0,10388,1,0,45,767.46,214768.44,37.0,2
1,0,9,55,0,4,1,0,130214,13,0,24,1044.69,296391.37,37.0,3
1,0,9,55,0,4,1,0,70366,7,1,43,498.61,173467.51,37.0,2
1,1,9,1,0,4,1,1,110259,11,0,31,1232.68,348352.52,34.0,1
1,1,9,1,0,4,1,1,170073,17,0,9,1505.53,425964.32,34.0,1
1,1,9,1,0,4,1,1,50378,5,0,46,1272.95,373991.51,34.0,2
1,0,2,15,0,3,0,2,10199,1,0,24,1146.11,328475.64,56.0,2
1,0,2,15,0,3,0,2,70174,7,0,20,1160.82,377986.05,56.0,2
1,0,2,15,0,3,0,2,180356,18,0,40,990.46,299605.04,56.0,3
1,0,2,15,0,3,0,2,130016,13,0,1,1899.92,621646.32,56.0,1
1,0,9,55,1,3,0,2,140216,14,0,23,1610.37,524135.1,56.0,1
1,0,9,55,1,3,0,2,30052,3,0,5,701.19,232325.48,56.0,2
1,0,9,55,1,3,0,2,200139,20,0,17,1089.33,338195.62,56.0,3
1,0,9,55,1,3,0,2,80471,8,0,55,1300.05,425583.77,56.0,1
1,1,9,55,0,2,1,0,120348,12,0,38,1157.23,365670.99,68.0,1
1,1,9,55,0,2,1,0,180264,18,0,30,1795.66,601666.05,68.0,1
1,1,9,55,0,2,1,0,70089,7,0,12,804.65,231176.25,68.0,2
1,1,9,55,0,2,1,0,10113,1,0,14,1181.69,345800.05,68.0,2
1,1,2,0,1,5,1,2,200473,20,0,54,589.61,211209.42,56.0,3
1,1,2,0,1,5,1,2,90308,9,0,38,1260.31,369441.6,56.0,1
1,1,2,0,1,5,1,2,30399,3,0,49,1174.48,342590.98,56.0,2
1,1,2,0,1,5,1,2,150064,15,1,9,565.48,139782.57,56.0,3
1,1,9,3,1,1,0,0,100412,10,0,49,656.17,212548.64,56.0,3
1,1,9,3,1,1,0,0,160200,16,0,25,853.37,259327.23,56.0,3
1,1,9,3,1,1,0,0,50098,5,0,12,787.5,233010.15,56.0,2
1,0,9,55,1,1,0,2,180375,18,0,42,1045.42,353052.34,77.0,3
1,0,9,55,1,1,0,2,130035,13,1,3,979.64,312185.78,77.0,3
1,0,9,55,1,1,0,2,70191,7,1,22,1914.21,533934.58,77.0,1
1,0,9,55,1,1,0,2,10212,1,0,24,1146.11,332901.57,77.0,2
1,1,9,1,1,2,0,0,130257,13,0,30,1777.51,431607.94,60.0,1
1,1,9,1,1,2,0,0,20007,2,0,1,706.3,223901.16,60.0,2
1,1,9,1,1,2,0,0,180584,18,0,67,1664.17,528551.13,60.0,1
1,1,9,1,1,2,0,0,70404,7,0,47,1033.08,302499.83,60.0,2
1,0,4,10,1,4,1,2,180464,18,0,52,1424.54,407789.69,56.0,1
1,0,4,10,1,4,1,2,10304,1,0,32,800.77,228154.68,56.0,2
1,0,4,10,1,4,1,2,70289,7,0,35,613.21,233206.03,56.0,2
1,0,4,10,1,4,1,2,130130,13,0,15,458.29,118024.61,56.0,3
1,0,2,45,0,3,0,0,170198,17,0,22,1221.66,337688.76,56.0,3
1,0,2,45,0,3,0,0,60044,6,0,4,1925.28,487921.83,56.0,1
1,0,2,45,0,3,0,0,110388,11,1,45,1651.09,540922.9,56.0,1
0,1,9,18,1,4,0,2,60391,6,0,46,1870.54,625384.45,56.0,0
0,1,9,18,1,4,0,2,180114,18,0,15,1728.6,556047.5,56.0,0
0,1,9,18,1,4,0,2,120187,12,0,20,1802.21,450541.6,56.0,0
1,1,9,3,0,4,1,1,50371,5,0,45,608.89,181792.91,84.0,2
1,1,9,3,0,4,1,1,110251,11,0,30,642.72,216852.53,84.0,3
1,1,9,3,0,4,1,1,170064,17,0,8,1297.3,361032.68,84.0,3
1,0,9,55,0,2,0,2,110346,11,0,42,808.59,246241.4,59.0,3
1,0,9,55,0,2,0,2,170168,17,0,17,1827.25,535756.29,59.0,1
1,0,9,55,0,2,0,2,60014,6,1,1,1720.95,519970.36,59.0,1
1,0,9,55,0,4,0,2,50050,5,0,8,782.15,236471.53,56.0,2
1,0,9,55,0,4,0,2,160151,16,0,19,1163.06,314295.78,56.0,3
1,0,9,55,0,4,0,2,100368,10,0,43,1093.67,319736.59,56.0,2
1,0,9,55,1,4,0,2,10108,1,0,14,1181.69,347613.48,56.0,2
1,0,9,55,1,4,0,2,180257,18,0,30,1795.66,584942.34,56.0,1
1,0,9,55,1,4,0,2,70084,7,0,12,804.65,264096.57,56.0,2
1,0,9,55,1,4,0,2,120339,12,0,37,1681.78,536786.13,56.0,1
1,0,9,42,0,5,0,2,60127,6,0,10,942.08,313437.89,56.0,2
1,0,9,42,0,5,0,2,110470,11,1,56,724.8,275203.33,56.0,3
1,0,9,42,0,5,0,2,170282,17,0,34,1672.99,528517.95,56.0,1
1,0,9,18,0,2,0,0,40195,4,0,25,1310.16,419280.43,84.0,2
1,0,9,18,0,2,0,0,100084,10,1,10,1196.84,478630.37,84.0,1
1,0,9,18,0,2,0,0,150390,15,0,49,460.17,124485.23,84.0,3
1,1,9,1,1,2,0,0,150069,15,0,10,1072.95,320276.47,44.0,3
1,1,9,1,1,2,0,0,90312,9,1,38,1260.31,362582.49,44.0,1
1,1,9,1,1,2,0,0,200478,20,0,54,589.61,188272.1,44.0,3
1,1,9,1,1,2,0,0,30404,3,0,49,1174.48,345884.05,44.0,2
1,1,9,55,0,4,1,2,100386,10,1,44,1224.71,449002.59,56.0,1
1,1,9,55,0,4,1,2,160170,16,1,21,837.95,242156.78,56.0,3
1,1,9,55,0,4,1,2,50071,5,0,10,629.27,212891.5,56.0,2
1,0,9,18,0,1,0,0,130421,13,0,47,1874.35,519323.63,61.0,1
1,0,9,18,0,1,0,0,80031,8,0,4,1934.75,474239.63,61.0,1
1,0,9,18,0,1,0,0,190151,19,1,19,1697.73,542183.91,61.0,1
1,0,9,18,0,1,0,0,20151,2,0,17,1397.4,409624.51,61.0,2
1,1,9,43,1,2,0,0,10076,1,0,10,1439.52,461793.87,56.0,2
1,1,9,43,1,2,0,0,180227,18,0,28,514.67,162825.0,56.0,3
1,1,9,43,1,2,0,0,120303,12,0,34,1817.64,527252.15,56.0,1
1,1,9,43,1,2,0,0,70049,7,0,8,1561.28,381856.69,56.0,1
0,0,9,55,0,3,0,0,180446,18,0,50,854.74,258314.7,56.0,0
0,0,9,55,0,3,0,0,70263,7,0,29,441.65,114846.15,56.0,0
0,0,9,55,0,3,0,0,130108,13,0,13,585.77,144397.69,56.0,0
0,0,9,55,0,3,0,0,10283,1,0,30,753.29,219138.43,56.0,0
1,1,9,55,0,5,0,2,80196,8,0,27,1376.34,413270.23,53.0,1
1,1,9,55,0,5,0,2,130582,13,0,67,524.97,157671.38,53.0,3
1,1,9,55,0,5,0,2,190309,19,0,37,1565.26,410689.18,53.0,1
1,1,9,55,0,5,0,2,20303,2,0,35,1391.68,454375.43,53.0,2
1,1,9,3,0,2,1,0,60246,6,0,25,1086.43,286554.21,56.0,2
1,1,9,3,0,2,1,0,120032,12,0,3,1469.27,445260.24,56.0,1
1,1,9,3,0,2,1,0,170411,17,0,48,1833.96,484751.08,56.0,1
1,1,9,55,0,1,0,0,180507,18,0,56,1311.59,448282.99,40.0,1
1,1,9,55,0,1,0,0,130177,13,1,20,516.72,132138.97,40.0,3
1,1,9,55,0,1,0,0,10352,1,0,38,1355.85,472614.44,40.0,2
1,1,9,55,0,1,0,0,70332,7,0,39,1298.32,349589.05,40.0,2
1,0,9,49,0,5,0,0,180095,18,0,13,537.4,131819.04,56.0,3
1,0,9,49,0,5,0,0,120170,12,0,19,1381.22,365814.85,56.0,1
1,0,9,49,0,5,0,0,60369,6,1,42,1766.89,632201.17,56.0,1
1,1,9,55,0,1,1,2,180153,18,0,20,1631.48,528510.9,56.0,1
1,1,9,55,0,1,1,2,60443,6,0,53,1170.96,376208.61,56.0,2
1,1,9,55,0,1,1,2,120234,12,0,24,1306.75,345446.82,56.0,1
1,0,9,43,0,3,1,2,70166,7,0,19,751.07,220051.06,67.0,2
1,0,9,43,0,3,1,2,180349,18,0,40,990.46,238075.26,67.0,3
1,0,9,43,0,3,1,2,10190,1,0,23,1201.5,354052.01,67.0,2
1,0,9,43,0,3,1,2,130005,13,1,1,1899.92,720425.67,67.0,1
1,0,9,3,1,5,1,2,120385,12,0,44,635.36,164217.44,57.0,3
1,0,9,3,1,5,1,2,70126,7,0,15,602.92,180042.93,57.0,2
1,0,9,3,1,5,1,2,10158,1,1,20,1146.24,415205.7,57.0,2
1,0,9,3,1,5,1,2,180308,18,0,36,1089.77,334296.35,57.0,3
1,0,9,55,0,4,0,2,160196,16,1,24,1077.77,264146.36,56.0,3
1,0,9,55,0,4,0,2,50095,5,0,11,1058.56,353759.71,56.0,2
1,0,9,55,0,4,0,2,100409,10,0,48,1421.82,433353.3,56.0,1
1,0,9,31,0,4,1,0,190228,19,0,26,668.24,224209.55,40.0,3
1,0,9,31,0,4,1,0,20222,2,0,24,785.12,172726.4,40.0,2
1,0,9,31,0,4,1,0,80102,8,1,12,1430.46,527730.49,40.0,1
1,0,9,31,0,4,1,0,130490,13,0,57,1717.49,477356.8,40.0,1
1,1,9,55,1,4,0,0,140014,14,0,3,645.76,192114.05,56.0,3
1,1,9,55,1,4,0,0,190344,19,0,40,893.49,264363.94,56.0,3
1,1,9,55,1,4,0,0,80234,8,0,30,1070.46,307826.14,56.0,2
1,1,9,55,1,4,0,0,20337,2,0,41,654.93,184248.76,56.0,2
1,1,9,7,1,3,0,0,30219,3,0,25,765.56,248929.48,56.0,2
1,1,9,7,1,3,0,0,140367,14,0,45,1388.61,383650.52,56.0,1
1,1,9,7,1,3,0,0,200298,20,0,33,630.53,178721.82,56.0,3
1,1,9,7,1,3,0,0,90137,9,0,21,1261.65,395284.05,56.0,1
1,1,9,55,1,5,1,0,200391,20,0,43,1697.49,572810.16,56.0,1
1,1,9,55,1,5,1,0,90222,9,0,33,973.52,278284.91,56.0,2
1,1,9,55,1,5,1,0,140457,14,0,54,1724.77,552928.83,56.0,1
1,1,9,55,1,5,1,0,30317,3,1,39,1598.95,427479.02,56.0,1
0,1,8,38,1,2,0,2,90145,9,0,22,1115.88,352235.9,56.0,0
0,1,8,38,1,2,0,2,30230,3,0,27,1117.14,370806.45,56.0,0
0,1,8,38,1,2,0,2,140374,14,0,45,1388.61,382289.82,56.0,0
0,1,8,38,1,2,0,2,200304,20,1,33,630.53,182434.9,56.0,0
1,1,9,49,0,4,0,2,60395,6,1,47,550.99,203127.74,56.0,2
1,1,9,49,0,4,0,2,180117,18,0,16,1360.96,381213.39,56.0,1
1,1,9,49,0,4,0,2,120190,12,0,22,892.67,286110.52,56.0,3
1,0,9,49,1,5,1,0,130039,13,0,3,979.64,277095.12,32.0,3
1,0,9,49,1,5,1,0,70196,7,1,22,1914.21,610973.17,32.0,1
1,0,9,49,1,5,1,0,180382,18,0,43,937.7,254439.1,32.0,3
1,0,9,49,1,5,1,0,10218,1,0,25,1154.92,274518.1,32.0,2
1,1,9,55,1,4,1,0,80275,8,0,33,1809.87,529206.1,39.0,1
1,1,9,55,1,4,1,0,20371,2,0,44,580.26,179779.28,39.0,2
1,1,9,55,1,4,1,0,190376,19,0,42,1137.59,325270.28,39.0,3
1,1,9,55,1,4,1,0,140049,14,0,8,618.89,169315.54,39.0,3
1,0,9,55,0,2,1,2,130234,13,0,27,885.68,260227.69,56.0,3
1,0,9,55,0,2,1,2,10410,1,1,47,771.08,269319.89,56.0,2
1,0,9,55,0,2,1,2,70385,7,0,44,1859.83,575207.87,56.0,1
1,0,9,55,0,2,1,2,180568,18,0,66,1631.24,455880.06,56.0,1
1,1,9,49,0,1,1,0,40030,4,0,3,1630.82,495465.48,56.0,1
1,1,9,49,0,1,1,0,90458,9,0,56,1516.4,497579.57,56.0,1
1,1,9,49,0,1,1,0,150215,15,0,24,924.36,299400.1,56.0,3
1,0,9,49,0,5,0,2,40330,4,0,39,743.73,229285.01,56.0,2
1,0,9,49,0,5,0,2,150515,15,0,60,1033.2,302845.83,56.0,3
1,0,9,49,0,5,0,2,100220,10,0,27,777.35,192322.86,56.0,2
1,0,8,4,1,1,0,2,70324,7,0,38,1755.26,610952.85,56.0,1
1,0,8,4,1,1,0,2,130164,13,0,19,758.69,231244.89,56.0,3
1,0,8,4,1,1,0,2,180496,18,0,55,930.04,263674.47,56.0,3
1,0,8,4,1,1,0,2,10345,1,0,37,758.3,212665.55,56.0,2
1,1,9,1,0,5,0,0,180142,18,0,18,1127.95,342941.15,56.0,3
1,1,9,1,0,5,0,0,60427,6,0,51,1476.63,434102.29,56.0,1
1,1,9,1,0,5,0,0,120221,12,0,24,1306.75,437978.56,56.0,1
0,1,9,3,0,3,0,2,110433,11,0,51,1318.98,394037.08,56.0,0
0,1,9,3,0,3,0,2,170238,17,0,27,677.24,219537.26,56.0,0
0,1,9,3,0,3,0,2,60089,6,0,7,1075.42,324499.23,56.0,0
1,0,9,7,0,4,0,0,110450,11,1,52,1397.58,431012.78,56.0,1
1,0,9,7,0,4,0,0,60103,6,0,8,986.97,334482.01,56.0,2
1,0,9,7,0,4,0,0,170256,17,0,30,1200.23,365284.07,56.0,3
1,1,9,18,0,3,0,2,170359,17,0,46,1582.61,503584.0,56.0,1
1,1,9,18,0,3,0,2,110547,11,0,64,1916.26,670575.87,56.0,1
1,1,9,18,0,3,0,2,60197,6,0,19,1542.71,469223.8,56.0,1
1,1,8,4,1,2,0,1,110148,11,0,15,1385.68,412137.45,56.0,1
1,1,8,4,1,2,0,1,50264,5,0,35,605.55,185735.17,56.0,2
1,1,8,4,1,2,0,1,160365,16,0,42,1496.62,437082.22,56.0,1
1,1,9,46,0,5,1,2,70207,7,0,23,1222.69,379938.8,56.0,2
1,1,9,46,0,5,1,2,180394,18,0,44,1334.77,399196.41,56.0,1
1,1,9,46,0,5,1,2,130054,13,0,5,441.3,104509.38,56.0,3
1,1,9,46,0,5,1,2,10228,1,1,26,828.98,287610.63,56.0,2
1,1,9,55,0,2,0,1,60225,6,0,20,1897.17,650142.73,56.0,1
1,1,9,55,0,2,0,1,170391,17,1,48,1833.96,658501.84,56.0,1
1,1,9,55,0,2,0,1,120008,12,1,1,839.95,230696.3,56.0,3
1,0,9,7,0,2,1,0,20425,2,0,48,788.44,248879.16,43.0,2
1,0,9,7,0,2,1,0,140099,14,0,12,459.44,157957.15,43.0,3
1,0,9,7,0,2,1,0,200004,20,0,1,1898.39,558878.17,43.0,1
1,0,9,7,0,2,1,0,80336,8,0,37,890.65,268246.04,43.0,2
1,1,9,31,0,2,1,0,190125,19,0,17,574.75,151955.73,56.0,3
1,1,9,31,0,2,1,0,130397,13,0,44,470.06,151969.1,56.0,3
1,1,9,31,0,2,1,0,20128,2,0,15,1603.33,510596.18,56.0,1
1,1,9,31,0,2,1,0,80006,8,0,1,1109.29,343480.35,56.0,2
1,0,9,55,1,3,0,0,130110,13,0,14,777.75,241606.12,56.0,3
1,0,9,55,1,3,0,0,180448,18,0,50,854.74,226189.65,56.0,3
1,0,9,55,1,3,0,0,10286,1,0,30,753.29,194186.18,56.0,2
1,0,9,55,1,3,0,0,70266,7,1,30,1237.23,383676.59,56.0,2
1,1,9,55,0,1,0,0,160343,16,0,41,1001.72,249056.03,56.0,3
1,1,9,55,0,1,0,0,50243,5,0,32,1051.39,311645.47,56.0,2
1,1,9,55,0,1,0,0,110119,11,1,13,474.93,140986.81,56.0,3
1,0,9,55,1,3,0,0,50278,5,0,36,627.56,178814.53,56.0,2
1,0,9,55,1,3,0,0,160375,16,0,43,1185.4,300276.81,56.0,3
1,0,9,55,1,3,0,0,110168,11,0,18,1562.55,467446.4,56.0,1
1,1,7,37,0,3,0,2,170361,17,1,46,1582.61,446411.88,49.0,1
1,1,7,37,0,3,0,2,110549,11,0,64,1916.26,606614.22,49.0,1
1,1,7,37,0,3,0,2,60198,6,1,19,1542.71,467192.08,49.0,1
1,0,9,43,0,3,0,2,60174,6,0,15,1392.45,407106.37,43.0,2
1,0,9,43,0,3,0,2,170339,17,1,42,691.03,221164.52,43.0,3
1,0,9,43,0,3,0,2,110524,11,0,62,1938.82,523101.86,43.0,1
1,1,8,25,0,1,0,1,60285,6,0,31,1768.9,512554.33,56.0,1
1,1,8,25,0,1,0,1,170447,17,0,51,1375.52,381360.21,56.0,1
1,1,8,25,0,1,0,1,120076,12,1,9,857.88,279331.2,56.0,3
1,0,9,1,1,3,1,0,60302,6,1,33,1131.0,317284.62,80.0,2
1,0,9,1,1,3,1,0,180010,18,0,1,1379.64,419346.92,80.0,1
1,0,9,1,1,3,1,0,120095,12,0,12,959.05,263898.13,80.0,3
1,0,4,10,0,2,1,2,160291,16,0,35,629.97,190909.23,81.0,3
1,0,4,10,0,2,1,2,50174,5,0,23,1006.65,302949.76,81.0,2
1,0,4,10,0,2,1,2,110062,11,1,7,1734.79,406298.92,81.0,1
1,1,9,55,1,2,1,0,110429,11,0,51,1318.98,348008.75,52.0,1
1,1,9,55,1,2,1,0,60086,6,0,7,1075.42,359309.3,52.0,2
1,1,9,55,1,2,1,0,170235,17,0,27,677.24,205598.72,52.0,3
1,0,9,55,1,1,1,0,80422,8,0,48,480.99,163987.28,56.0,2
1,0,9,55,1,1,1,0,30007,3,0,1,689.75,221364.52,56.0,2
1,0,9,55,1,1,1,0,200085,20,1,12,856.15,257796.8,56.0,3
1,0,9,55,1,1,1,0,140169,14,1,17,686.6,201168.09,56.0,3
1,0,9,6,0,4,0,2,30297,3,0,36,733.45,221262.61,27.0,2
1,0,9,6,0,4,0,2,90202,9,0,30,1250.17,345570.15,27.0,2
1,0,9,6,0,4,0,2,140431,14,1,51,1346.3,468906.08,27.0,1
1,0,9,6,0,4,0,2,200363,20,0,40,428.03,131473.18,27.0,3
1,0,9,42,0,1,0,2,110245,11,0,29,993.51,262278.1,82.0,3
1,0,9,42,0,1,0,2,170058,17,0,7,1300.91,428259.32,82.0,1
1,0,9,42,0,1,0,2,50365,5,0,44,806.03,245566.63,82.0,2
1,0,5,24,0,3,1,2,110539,11,0,62,1938.82,641498.15,56.0,1
1,0,5,24,0,3,1,2,170350,17,0,45,1574.3,441706.47,56.0,1
1,0,5,24,0,3,1,2,60186,6,0,17,1502.18,470839.17,56.0,1
1,1,9,1,1,4,1,0,180470,18,0,53,1806.7,595879.26,56.0,1
1,1,9,1,1,4,1,0,130137,13,1,16,1772.88,518419.79,56.0,1
1,1,9,1,1,4,1,0,70296,7,0,35,613.21,166487.84,56.0,2
1,1,9,1,1,4,1,0,10310,1,0,33,827.74,284008.39,56.0,2
1,0,9,20,0,3,0,2,60184,6,0,16,1687.92,510876.28,43.0,1
1,0,9,20,0,3,0,2,170348,17,0,45,1574.3,480390.25,43.0,1
1,0,9,20,0,3,0,2,110538,11,0,62,1938.82,566513.0,43.0,1
1,0,9,7,0,4,0,2,130445,13,0,49,572.01,163367.5,56.0,3
1,0,9,7,0,4,0,2,20175,2,0,20,727.55,207221.76,56.0,2
1,0,9,7,0,4,0,2,190178,19,1,22,935.25,307314.02,56.0,3
1,0,9,7,0,4,0,2,80060,8,0,6,1370.17,377502.89,56.0,1
1,1,9,55,1,3,1,1,140422,14,0,51,1346.3,500190.62,56.0,1
1,1,9,55,1,3,1,1,200354,20,0,38,1499.47,512763.16,56.0,1
1,1,9,55,1,3,1,1,30290,3,0,35,925.48,235978.85,56.0,2
1,1,9,55,1,3,1,1,90193,9,0,28,1931.82,675285.62,56.0,1
1,1,9,55,0,3,1,0,120197,12,0,22,892.67,269005.9,56.0,3
1,1,9,55,0,3,1,0,180123,18,0,16,1360.96,421724.13,56.0,1
1,1,9,55,0,3,1,0,60399,6,1,47,550.99,205316.4,56.0,2
1,1,9,49,1,3,1,0,40293,4,0,34,795.1,212131.44,82.0,2
1,1,9,49,1,3,1,0,100189,10,0,26,1294.85,398568.84,82.0,1
1,1,9,49,1,3,1,0,150485,15,1,58,1750.89,489878.14,82.0,1
1,1,9,55,1,4,0,2,100092,10,0,11,1675.44,509478.53,38.0,1
1,1,9,55,1,4,0,2,150398,15,0,50,1841.5,629261.99,38.0,1
1,1,9,55,1,4,0,2,40207,4,0,26,790.05,256720.02,38.0,2
1,1,9,55,0,5,0,0,10313,1,0,34,1469.14,493329.54,56.0,2
1,1,9,55,0,5,0,0,180474,18,0,53,1806.7,579753.4,56.0,1
1,1,9,55,0,5,0,0,130140,13,0,16,1772.88,528190.8,56.0,1
1,1,9,55,0,5,0,0,70302,7,0,36,1748.75,562599.61,56.0,1
1,1,9,31,0,5,0,2,10168,1,0,21,1957.16,487767.54,41.0,1
1,1,9,31,0,5,0,2,120396,12,0,47,1528.05,561731.1,41.0,1
1,1,9,31,0,5,0,2,70139,7,0,16,1239.87,397500.69,41.0,2
1,1,9,31,0,5,0,2,180321,18,0,37,1092.32,316603.14,41.0,3
1,0,9,18,0,5,0,0,150394,15,1,50,1841.5,622128.29,50.0,1
1,0,9,18,0,5,0,0,100088,10,0,11,1675.44,564226.6,50.0,1
1,0,9,18,0,5,0,0,40202,4,0,25,1310.16,424125.21,50.0,2
1,0,9,46,1,5,1,1,40091,4,0,12,789.38,238006.64,56.0,2
1,0,9,46,1,5,1,1,150288,15,1,35,745.49,201555.86,56.0,3
1,0,9,46,1,5,1,1,90524,9,1,59,1697.13,455010.72,56.0,1
1,1,5,9,1,4,0,2,160207,16,1,26,1458.08,470123.96,31.0,1
1,1,5,9,1,4,0,2,50107,5,0,13,791.13,210611.2,31.0,2
1,1,5,9,1,4,0,2,100418,10,1,50,1138.32,401935.35,31.0,1
1,1,9,43,1,3,0,0,40058,4,0,5,786.98,215529.32,56.0,2
1,1,9,43,1,3,0,0,150249,15,0,30,1523.22,476537.31,56.0,1
1,1,9,43,1,3,0,0,90489,9,0,58,838.34,269593.82,56.0,2
1,1,9,55,1,3,0,0,40204,4,0,26,790.05,262773.49,56.0,2
1,1,9,55,1,3,0,0,100089,10,0,11,1675.44,490797.12,56.0,1
1,1,9,55,1,3,0,0,150395,15,0,50,1841.5,517724.81,56.0,1
1,1,9,42,0,5,0,2,20282,2,0,33,931.4,340373.72,56.0,2
1,1,9,42,0,5,0,2,80171,8,0,22,1495.57,464608.3,56.0,1
1,1,9,42,0,5,0,2,130562,13,0,65,612.66,169224.66,56.0,3
1,1,9,42,0,5,0,2,190290,19,0,34,783.42,242972.81,56.0,3
1,1,9,55,0,2,0,0,190050,19,1,8,974.77,325785.51,56.0,3
1,1,9,55,0,2,0,0,70449,7,0,53,884.87,194671.4,56.0,2
1,1,9,55,0,2,0,0,130311,13,0,34,1557.0,442471.98,56.0,1
1,1,9,55,0,2,0,0,20056,2,0,6,967.84,276986.59,56.0,2
1,0,9,43,1,1,0,1,150370,15,1,46,1672.19,580909.55,59.0,1
1,0,9,43,1,1,0,1,100064,10,0,8,1054.86,310600.71,59.0,2
1,0,9,43,1,1,0,1,40169,4,0,21,801.66,258574.46,59.0,2
1,0,9,55,0,2,0,2,50060,5,1,9,793.56,241777.75,63.0,2
1,0,9,55,0,2,0,2,160160,16,0,21,837.95,248256.07,63.0,3
1,0,9,55,0,2,0,2,100376,10,0,44,1224.71,318066.48,63.0,2
1,1,8,47,0,1,1,2,160255,16,1,29,489.49,142151.84,56.0,3
1,1,8,47,0,1,1,2,50142,5,0,18,1267.03,376343.67,56.0,2
1,1,8,47,0,1,1,2,110026,11,0,3,1479.84,424586.91,56.0,1
1,1,9,31,1,4,1,2,40032,4,0,3,1630.82,437490.2,53.0,1
1,1,9,31,1,4,1,2,90460,9,0,57,1198.57,338713.65,53.0,2
1,1,9,31,1,4,1,2,150219,15,0,25,607.01,197503.46,53.0,3
1,0,9,46,0,1,0,2,90534,9,0,62,1263.44,425904.8,75.0,1
1,0,9,46,0,1,0,2,150296,15,1,35,745.49,228194.83,75.0,3
1,0,9,46,0,1,0,2,40099,4,0,13,809.06,293294.07,75.0,2
1,0,9,55,1,5,0,2,130271,13,0,32,1114.07,355169.5,56.0,3
1,0,9,55,1,5,0,2,20020,2,0,3,645.84,179062.73,56.0,2
1,0,9,55,1,5,0,2,190011,19,0,3,1468.68,457379.31,56.0,1
1,0,9,55,1,5,0,2,70415,7,0,48,533.35,145614.58,56.0,2
1,1,8,38,0,4,0,2,70330,7,0,39,1298.32,432044.48,56.0,1
1,1,8,38,0,4,0,2,180504,18,0,56,1311.59,392997.85,56.0,1
1,1,8,38,0,4,0,2,130172,13,1,20,516.72,185140.26,56.0,3
1,1,8,38,0,4,0,2,10350,1,0,38,1355.85,474858.86,56.0,2
1,1,9,6,0,4,1,2,40206,4,1,26,790.05,239629.75,56.0,2
1,1,9,6,0,4,1,2,150397,15,0,50,1841.5,565444.67,56.0,1
1,1,9,6,0,4,1,2,100091,10,0,11,1675.44,516067.93,56.0,1
0,0,9,55,0,1,1,1,170358,17,0,46,1582.61,444006.51,52.0,0
0,0,9,55,0,1,1,1,110546,11,0,63,871.7,259885.32,52.0,0
0,0,9,55,0,1,1,1,60195,6,1,19,1542.71,484844.4,52.0,0
1,0,9,20,0,5,0,0,160009,16,0,2,1388.75,400540.86,56.0,1
1,0,9,20,0,5,0,0,100233,10,0,28,1606.58,526465.62,56.0,1
1,0,9,20,0,5,0,0,40342,4,0,40,780.74,243877.45,56.0,2
1,0,9,18,1,1,0,0,110227,11,0,27,1638.1,533052.17,50.0,1
1,0,9,18,1,1,0,0,50346,5,0,44,806.03,204999.29,50.0,2
1,0,9,18,1,1,0,0,170039,17,1,4,448.67,149645.32,50.0,3
1,1,9,55,0,5,0,1,200342,20,0,37,632.35,177452.66,56.0,3
1,1,9,55,0,5,0,1,140409,14,0,49,1231.75,335648.24,56.0,3
1,1,9,55,0,5,0,1,30275,3,0,30,796.57,243603.83,56.0,2
1,1,9,55,0,5,0,1,90181,9,0,27,1207.33,299244.24,56.0,2
1,0,1,54,1,3,0,0,80091,8,0,10,737.92,237539.69,56.0,2
1,0,1,54,1,3,0,0,190219,19,1,26,668.24,185626.99,56.0,3
1,0,1,54,1,3,0,0,130482,13,0,55,710.41,177998.09,56.0,3
1,0,1,54,1,3,0,0,20212,2,0,24,785.12,235049.47,56.0,2
1,1,5,8,0,5,0,2,10159,1,0,20,1146.24,360664.73,56.0,2
1,1,5,8,0,5,0,2,120386,12,0,44,635.36,193403.07,56.0,3
1,1,5,8,0,5,0,2,180309,18,0,36,1089.77,308720.4,56.0,3
1,1,5,8,0,5,0,2,70127,7,0,15,602.92,190314.12,56.0,2
1,0,9,1,1,3,0,2,90151,9,0,24,914.61,269296.29,56.0,2
1,0,9,1,1,3,0,2,140380,14,0,46,1258.99,347365.39,56.0,3
1,0,9,1,1,3,0,2,200312,20,1,34,858.93,312624.46,56.0,3
1,0,9,1,1,3,0,2,30237,3,0,27,1117.14,370723.42,56.0,2
0,0,9,55,0,5,0,2,180003,18,1,1,1379.64,346780.22,56.0,0
0,0,9,55,0,5,0,2,120085,12,0,11,1348.81,348797.92,56.0,0
0,0,9,55,0,5,0,2,60292,6,0,33,1131.0,345419.11,56.0,0
1,0,9,43,0,5,1,2,120198,12,0,22,892.67,290299.07,56.0,3
1,0,9,43,0,5,1,2,180124,18,0,16,1360.96,349788.42,56.0,3
1,0,9,43,0,5,1,2,60402,6,0,47,550.99,145680.6,56.0,2
1,1,9,31,0,3,1,2,140197,14,0,22,1148.66,357421.36,80.0,3
1,1,9,31,0,3,1,2,200122,20,1,16,645.44,222102.75,80.0,3
1,1,9,31,0,3,1,2,80458,8,0,54,1699.02,566678.96,80.0,1
1,1,9,31,0,3,1,2,30036,3,0,4,719.96,246487.05,80.0,2
1,1,9,55,1,2,0,2,10038,1,1,4,633.61,207099.8,67.0,2
1,1,9,55,1,2,0,2,180193,18,0,25,911.94,304385.12,67.0,3
1,1,9,55,1,2,0,2,120273,12,0,29,688.73,170058.93,67.0,3
1,1,9,55,1,2,0,2,70006,7,0,2,1478.43,453645.31,67.0,1
1,1,9,6,0,4,0,2,40075,4,0,10,1614.62,503108.67,56.0,1
1,1,9,6,0,4,0,2,150266,15,0,31,1901.65,605700.56,56.0,1
1,1,9,6,0,4,0,2,90507,9,0,58,838.34,218992.09,56.0,2
1,0,9,55,1,3,0,2,10184,1,0,23,1201.5,322459.21,56.0,2
1,0,9,55,1,3,0,2,120416,12,0,48,1919.31,520039.4,56.0,1
1,0,9,55,1,3,0,2,70160,7,0,19,751.07,245886.58,56.0,2
1,0,9,55,1,3,0,2,180346,18,0,39,662.88,199623.02,56.0,3
1,0,1,5,0,2,0,0,200237,20,0,29,1844.16,575218.75,56.0,1
1,0,1,5,0,2,0,0,140310,14,0,36,1034.47,293495.84,56.0,3
1,0,1,5,0,2,0,0,30163,3,0,18,706.68,193159.98,56.0,2
1,0,1,5,0,2,0,0,90083,9,0,12,952.38,326073.5,56.0,2
1,0,9,29,0,4,0,2,80346,8,0,39,1290.89,349511.46,59.0,2
1,0,9,29,0,4,0,2,20435,2,0,50,1604.8,482611.94,59.0,2
1,0,9,29,0,4,0,2,140106,14,0,12,459.44,138735.2,59.0,3
1,0,9,29,0,4,0,2,200012,20,0,1,1898.39,485326.73,59.0,1
0,0,9,7,0,3,0,0,180129,18,0,17,1195.81,363575.75,56.0,0
0,0,9,7,0,3,0,0,60409,6,0,49,1167.52,394871.49,56.0,0
0,0,9,7,0,3,0,0,120207,12,0,23,1094.46,278334.73,56.0,0
1,0,8,25,1,4,0,1,80490,8,0,57,1949.35,511531.5,43.0,1
1,0,8,25,1,4,0,1,200153,20,0,18,1868.01,596267.69,43.0,1
1,0,8,25,1,4,0,1,30076,3,0,7,744.01,249430.34,43.0,2
1,0,8,25,1,4,0,1,140228,14,0,24,1205.25,313395.21,43.0,3
1,1,4,53,0,3,0,2,70073,7,1,11,834.5,238056.63,56.0,2
1,1,4,53,0,3,0,2,10100,1,0,13,719.47,195020.26,56.0,2
1,1,4,53,0,3,0,2,120327,12,0,35,1690.62,526901.7,56.0,1
1,1,4,53,0,3,0,2,180247,18,0,30,1795.66,556439.7,56.0,1
1,1,5,24,0,3,1,1,200331,20,0,36,1484.99,481326.38,31.0,1
1,1,5,24,0,3,1,1,90168,9,0,26,1038.39,335383.02,31.0,2
1,1,5,24,0,3,1,1,140398,14,1,48,1941.78,587630.43,31.0,1
1,1,5,24,0,3,1,1,30258,3,0,28,679.93,197536.31,31.0,2
1,1,2,45,1,2,0,0,90276,9,0,35,1376.88,366792.19,65.0,1
1,1,2,45,1,2,0,0,150032,15,0,4,1110.88,351282.64,65.0,3
1,1,2,45,1,2,0,0,30369,3,1,46,1599.81,485150.67,65.0,1
1,1,2,45,1,2,0,0,200441,20,0,49,880.76,200706.98,65.0,3
1,1,3,40,1,5,1,2,160316,16,0,37,922.03,240529.29,56.0,3
1,1,3,40,1,5,1,2,110089,11,1,10,1519.64,527746.08,56.0,1
1,1,3,40,1,5,1,2,50196,5,1,25,1049.99,279852.1,56.0,2
1,0,9,29,0,4,0,0,110200,11,0,23,1098.83,324271.22,56.0,3
1,0,9,29,0,4,0,0,170011,17,0,1,530.28,155277.3,56.0,3
1,0,9,29,0,4,0,0,50317,5,1,41,630.83,196059.27,56.0,2
1,0,7,14,0,4,0,2,50248,5,0,33,1787.13,535533.08,75.0,1
1,0,7,14,0,4,0,2,160347,16,0,41,1001.72,308315.97,75.0,3
1,0,7,14,0,4,0,2,110126,11,0,14,524.68,140749.68,75.0,3
0,1,9,55,0,1,0,2,80500,8,0,58,1448.59,403486.07,42.0,0
0,1,9,55,0,1,0,2,200161,20,1,18,1868.01,728976.07,42.0,0
0,1,9,55,0,1,0,2,30087,3,0,9,1125.84,337560.83,42.0,0
0,1,9,55,0,1,0,2,140236,14,0,26,1190.87,386974.11,42.0,0
1,1,9,55,1,1,0,1,100375,10,0,44,1224.71,332253.48,56.0,1
1,1,9,55,1,1,0,1,50058,5,1,9,793.56,250072.13,56.0,2
1,1,9,55,1,1,0,1,160159,16,1,20,1096.33,328838.91,56.0,3
1,1,7,37,0,1,0,2,140429,14,0,51,1346.3,372457.73,61.0,1
1,1,7,37,0,1,0,2,30295,3,0,36,733.45,222919.3,61.0,2
1,1,7,37,0,1,0,2,200361,20,0,39,1106.36,341599.16,61.0,3
1,1,7,37,0,1,0,2,90200,9,1,29,1426.22,514489.27,61.0,1
1,1,9,7,0,5,1,0,150422,15,0,53,696.04,194717.01,56.0,3
1,1,9,7,0,5,1,0,100115,10,0,15,1948.32,564194.97,56.0,1
1,1,9,7,0,5,1,0,40228,4,0,26,790.05,240880.7,56.0,2
1,0,9,1,0,1,0,0,190358,19,0,42,1137.59,334977.57,56.0,3
1,0,9,1,0,1,0,0,140028,14,0,5,424.34,127025.78,56.0,3
1,0,9,1,0,1,0,0,20351,2,1,42,786.45,213128.24,56.0,2
1,0,9,1,0,1,0,0,80256,8,0,31,1253.18,368476.78,56.0,2
1,0,5,23,0,4,1,0,90465,9,0,57,1198.57,382528.88,60.0,1
1,0,5,23,0,4,1,0,150223,15,1,26,961.01,296351.94,60.0,3
1,0,5,23,0,4,1,0,40038,4,0,4,783.03,235584.51,60.0,2
0,1,9,1,0,1,0,1,100297,10,0,35,1675.74,426658.82,56.0,0
0,1,9,1,0,1,0,1,40415,4,0,49,739.7,244250.08,56.0,0
0,1,9,1,0,1,0,1,160077,16,0,9,1524.04,459850.51,56.0,0
1,1,9,55,1,4,1,0,30415,3,0,49,1174.48,337065.29,56.0,2
1,1,9,55,1,4,1,0,150079,15,0,12,992.68,321109.42,56.0,3
1,1,9,55,1,4,1,0,200487,20,0,56,1333.01,386928.92,56.0,3
1,1,9,55,1,4,1,0,90330,9,1,39,1839.34,601818.29,56.0,1
1,0,9,55,0,5,1,0,120122,12,0,14,1369.96,467818.66,73.0,1
1,0,9,55,0,5,1,0,60327,6,0,37,1721.96,499912.08,73.0,1
1,0,9,55,0,5,1,0,180043,18,0,5,883.32,254226.38,73.0,3
1,0,9,55,0,3,0,2,50370,5,0,45,608.89,192992.54,79.0,2
1,0,9,55,0,3,0,2,170063,17,0,8,1297.3,337660.44,79.0,3
1,0,9,55,0,3,0,2,110250,11,0,30,642.72,178108.71,79.0,3
1,1,9,55,1,5,1,2,90147,9,1,22,1115.88,340207.59,56.0,2
1,1,9,55,1,5,1,2,140376,14,1,46,1258.99,324485.55,56.0,1
1,1,9,55,1,5,1,2,200308,20,0,33,630.53,159563.73,56.0,3
1,1,9,55,1,5,1,2,30233,3,0,27,1117.14,356949.82,56.0,2
1,1,9,43,1,2,1,2,130326,13,0,37,1555.67,500885.96,55.0,1
1,1,9,43,1,2,1,2,190065,19,0,10,747.71,235714.9,55.0,3
1,1,9,43,1,2,1,2,20071,2,1,8,715.54,240536.23,55.0,2
1,1,9,43,1,2,1,2,70467,7,0,55,601.23,189501.07,55.0,2
1,0,2,0,0,1,1,0,180007,18,0,1,1379.64,437818.55,56.0,1
1,0,2,0,0,1,1,0,60299,6,0,33,1131.0,337198.08,56.0,2
1,0,2,0,0,1,1,0,120092,12,0,12,959.05,256455.73,56.0,3
1,1,6,12,1,4,0,2,110160,11,0,17,1946.06,509668.52,56.0,1
1,1,6,12,1,4,0,2,160370,16,0,42,1496.62,452941.86,56.0,1
1,1,6,12,1,4,0,2,50271,5,0,36,627.56,209904.27,56.0,2
0,0,9,55,0,2,0,2,70233,7,0,26,717.0,205825.01,56.0,0
0,0,9,55,0,2,0,2,10253,1,0,29,757.2,241550.17,56.0,0
0,0,9,55,0,2,0,2,180416,18,0,47,520.85,167859.82,56.0,0
0,0,9,55,0,2,0,2,130075,13,0,9,1448.68,431877.48,56.0,0
1,0,9,55,1,3,0,2,160336,16,1,40,688.81,212720.73,56.0,3
1,0,9,55,1,3,0,2,110113,11,0,13,474.93,134678.51,56.0,3
1,0,9,55,1,3,0,2,50232,5,0,31,1008.52,316398.13,56.0,2
1,1,9,49,0,1,0,2,100039,10,0,5,1741.96,523772.88,56.0,1
1,1,9,49,0,1,0,2,40135,4,0,16,1128.21,353988.11,56.0,2
1,1,9,49,0,1,0,2,150338,15,0,39,1713.42,528186.67,56.0,1
1,1,4,53,1,4,0,2,200112,20,1,15,1805.12,588372.59,56.0,1
1,1,4,53,1,4,0,2,140186,14,0,21,1560.87,370802.58,56.0,1
1,1,4,53,1,4,0,2,30022,3,0,2,672.64,240374.88,56.0,2
1,1,4,53,1,4,0,2,80446,8,0,53,1891.72,599896.96,56.0,1
1,0,2,30,1,1,0,2,160373,16,1,42,1496.62,491362.13,52.0,1
1,0,2,30,1,1,0,2,50276,5,1,36,627.56,184184.3,52.0,2
1,0,2,30,1,1,0,2,110166,11,0,18,1562.55,449725.17,52.0,1
1,1,9,55,0,5,1,0,190381,19,0,43,1697.72,498887.12,56.0,1
1,1,9,55,0,5,1,0,20379,2,1,45,782.2,234213.56,56.0,2
1,1,9,55,0,5,1,0,80281,8,0,33,1809.87,629276.73,56.0,1
1,1,9,55,0,5,1,0,140056,14,0,8,618.89,159063.45,56.0,3
1,1,9,42,0,4,0,2,20256,2,0,29,1107.33,362974.97,43.0,2
1,1,9,42,0,4,0,2,80146,8,0,17,1109.27,349029.42,43.0,2
1,1,9,42,0,4,0,2,190269,19,1,31,1089.64,325758.94,43.0,3
1,1,9,42,0,4,0,2,130535,13,0,61,1333.63,386702.48,43.0,1
1,1,9,55,1,4,1,2,60462,6,0,54,1633.19,510205.42,56.0,1
1,1,9,55,1,4,1,2,10013,1,0,2,715.67,215511.14,56.0,2
1,1,9,55,1,4,1,2,120256,12,0,27,871.52,291656.08,56.0,3
1,1,9,55,1,4,1,2,180179,18,0,23,1659.02,542607.18,56.0,1
1,1,9,20,0,4,0,0,190387,19,0,44,982.8,292985.74,56.0,3
1,1,9,20,0,4,0,0,80283,8,0,33,1809.87,545577.55,56.0,1
1,1,9,20,0,4,0,0,20382,2,0,45,782.2,236688.4,56.0,2
1,1,9,20,0,4,0,0,140058,14,0,8,618.89,169982.66,56.0,3
1,1,9,55,0,4,1,2,160031,16,0,5,749.15,218027.25,75.0,3
1,1,9,55,0,4,1,2,100251,10,0,30,1559.4,448712.69,75.0,1
1,1,9,55,0,4,1,2,40359,4,0,43,1616.99,453748.83,75.0,1
1,1,9,55,1,4,1,2,60226,6,0,21,833.23,304037.29,56.0,2
1,1,9,55,1,4,1,2,120009,12,0,1,839.95,265630.46,56.0,3
1,1,9,55,1,4,1,2,170392,17,0,48,1833.96,601201.34,56.0,1
1,0,9,55,1,5,1,2,90357,9,0,42,605.78,201976.86,43.0,2
1,0,9,55,1,5,1,2,30443,3,0,51,693.85,192947.73,43.0,2
1,0,9,55,1,5,1,2,150110,15,0,15,522.71,164671.95,43.0,3
1,0,9,31,0,5,1,0,100320,10,0,38,476.64,156338.43,36.0,3
1,0,9,31,0,5,1,0,160103,16,1,11,1288.42,475185.8,36.0,1
1,0,9,31,0,5,1,0,50003,5,0,1,790.55,249655.07,36.0,2
0,1,9,18,0,4,1,0,150084,15,0,13,653.54,198883.96,56.0,0
0,1,9,18,0,4,1,0,30418,3,0,49,1174.48,353070.7,56.0,0
0,1,9,18,0,4,1,0,90333,9,0,40,1090.32,273525.85,56.0,0
0,1,9,18,0,4,1,0,200491,20,0,57,445.15,161786.97,56.0,0
1,0,9,55,0,4,0,2,10114,1,0,14,1181.69,277837.04,56.0,2
1,0,9,55,0,4,0,2,120350,12,0,38,1157.23,323296.43,56.0,3
1,0,9,55,0,4,0,2,70091,7,0,13,604.6,157057.02,56.0,2
1,0,9,55,0,4,0,2,180266,18,0,31,945.46,350745.37,56.0,3
1,1,9,46,1,5,1,2,90527,9,0,60,1919.77,543292.36,52.0,1
1,1,9,46,1,5,1,2,150291,15,0,35,745.49,239550.24,52.0,3
1,1,9,46,1,5,1,2,40094,4,0,12,789.38,200730.58,52.0,2
1,0,9,49,0,4,1,2,40211,4,0,26,790.05,270084.21,57.0,2
1,0,9,49,0,4,1,2,150403,15,0,50,1841.5,571066.07,57.0,1
1,0,9,49,0,4,1,2,100096,10,0,11,1675.44,520562.02,57.0,1
1,1,9,46,0,5,0,0,170216,17,0,25,939.46,259568.71,55.0,3
1,1,9,46,0,5,0,0,60063,6,0,5,1617.43,494631.27,55.0,1
1,1,9,46,0,5,0,0,110409,11,0,49,1095.85,320280.83,55.0,3
1,0,9,42,0,4,0,0,20158,2,0,18,784.76,203161.94,56.0,2
1,0,9,42,0,4,0,0,80041,8,0,5,887.23,245299.94,56.0,2
1,0,9,42,0,4,0,0,190161,19,0,20,1772.03,498959.88,56.0,1
1,0,9,42,0,4,0,0,130429,13,0,47,1874.35,595397.77,56.0,1
1,1,9,49,0,5,0,0,110005,11,0,1,1902.88,563216.05,59.0,1
1,1,9,49,0,5,0,0,160232,16,1,28,1440.71,364460.23,59.0,1
1,1,9,49,0,5,0,0,50121,5,1,15,1050.95,296079.64,59.0,2
1,1,5,34,0,1,1,2,60066,6,0,6,951.22,290766.8,56.0,2
1,1,5,34,0,1,1,2,170218,17,0,25,939.46,271393.18,56.0,3
1,1,5,34,0,1,1,2,110413,11,0,49,1095.85,378804.75,56.0,1
1,1,4,10,0,5,0,1,80450,8,0,53,1891.72,543193.6,56.0,1
1,1,4,10,0,5,0,1,140191,14,0,21,1560.87,504051.85,56.0,1
1,1,4,10,0,5,0,1,30028,3,0,3,783.65,223180.66,56.0,2
1,1,4,10,0,5,0,1,200116,20,0,16,645.44,214742.16,56.0,3
1,0,6,16,1,5,0,2,190112,19,0,16,1711.98,393988.35,56.0,1
1,0,6,16,1,5,0,2,20117,2,1,14,1296.39,471747.53,56.0,2
1,0,6,16,1,5,0,2,70513,7,1,59,765.3,221107.63,56.0,2
1,0,6,16,1,5,0,2,130382,13,0,43,1875.83,548576.41,56.0,1
1,1,5,34,0,3,1,2,30477,3,0,56,1179.42,295003.43,56.0,2
1,1,5,34,0,3,1,2,150149,15,0,18,567.74,204975.53,56.0,3
1,1,5,34,0,3,1,2,90395,9,0,47,1262.78,385179.19,56.0,1
1,0,4,28,0,5,1,0,110008,11,0,1,1902.88,619032.93,56.0,1
1,0,4,28,0,5,1,0,160235,16,0,28,1440.71,428520.04,56.0,1
1,0,4,28,0,5,1,0,50124,5,0,15,1050.95,338565.22,56.0,2
1,1,9,55,0,1,1,2,100332,10,0,39,1188.51,415564.76,56.0,1
1,1,9,55,0,1,1,2,160115,16,0,12,549.98,177362.74,56.0,3
1,1,9,55,0,1,1,2,50012,5,0,3,1008.42,329670.08,56.0,2
1,1,8,47,0,3,0,0,40015,4,0,2,1620.07,531362.61,56.0,1
1,1,8,47,0,3,0,0,150195,15,0,23,1279.23,498655.74,56.0,1
1,1,8,47,0,3,0,0,90438,9,0,56,1516.4,485182.7,56.0,1
1,1,8,25,0,3,1,2,30149,3,0,16,1587.26,518272.25,56.0,1
1,1,8,25,0,3,1,2,90066,9,0,12,952.38,277070.0,56.0,2
1,1,8,25,0,3,1,2,140295,14,0,34,513.06,118609.39,56.0,3
1,1,8,25,0,3,1,2,200218,20,0,26,1941.62,529272.37,56.0,1
1,1,8,38,1,3,0,0,80188,8,0,26,1625.38,453762.41,51.0,1
1,1,8,38,1,3,0,0,20295,2,1,35,1391.68,423238.84,51.0,2
1,1,8,38,1,3,0,0,190303,19,1,36,855.94,251313.61,51.0,3
1,1,8,38,1,3,0,0,130572,13,1,67,524.97,185709.66,51.0,3
1,0,9,55,0,2,0,2,150431,15,0,53,696.04,225592.91,56.0,3
1,0,9,55,0,2,0,2,100128,10,0,17,647.35,203491.65,56.0,2
1,0,9,55,0,2,0,2,40238,4,0,29,776.79,245279.18,56.0,2
0,0,9,18,0,4,1,0,110266,11,0,32,1285.87,376063.41,60.0,0
0,0,9,18,0,4,1,0,170079,17,0,10,1059.07,282046.7,60.0,0
0,0,9,18,0,4,1,0,50385,5,0,46,1272.95,304264.54,60.0,0
1,0,5,8,0,2,1,2,40096,4,1,12,789.38,262483.04,56.0,2
1,0,5,8,0,2,1,2,150292,15,0,35,745.49,210487.89,56.0,3
1,0,5,8,0,2,1,2,90528,9,0,60,1919.77,530119.92,56.0,1
1,0,9,55,1,1,0,2,120231,12,1,24,1306.75,423036.11,54.0,1
1,0,9,55,1,1,0,2,180150,18,0,20,1631.48,487710.82,54.0,1
1,0,9,55,1,1,0,2,60439,6,0,52,1408.23,427534.07,54.0,1
0,0,9,3,0,2,0,2,90212,9,0,31,1052.27,285509.27,34.0,0
0,0,9,3,0,2,0,2,140444,14,0,52,571.74,163741.56,34.0,0
0,0,9,3,0,2,0,2,200377,20,0,40,428.03,133227.57,34.0,0
0,0,9,3,0,2,0,2,30307,3,1,37,659.12,177964.95,34.0,0
1,1,9,55,0,5,0,2,100300,10,0,35,1675.74,476510.16,56.0,1
1,1,9,55,0,5,0,2,40422,4,0,49,739.7,222422.59,56.0,2
1,1,9,55,0,5,0,2,160083,16,0,9,1524.04,540445.52,56.0,1
1,0,9,42,1,4,0,0,50342,5,0,44,806.03,281332.1,56.0,2
1,0,9,42,1,4,0,0,170036,17,0,3,484.72,141290.15,56.0,3
1,0,9,42,1,4,0,0,110225,11,0,27,1638.1,497575.53,56.0,1
1,0,9,55,0,5,1,0,50126,5,0,16,1060.08,351963.25,68.0,2
1,0,9,55,0,5,1,0,110010,11,0,1,1902.88,555202.09,68.0,1
1,0,9,55,0,5,1,0,160237,16,1,28,1440.71,464047.92,68.0,1
1,0,9,55,1,3,1,2,100053,10,0,5,1741.96,500277.62,56.0,1
1,0,9,55,1,3,1,2,40152,4,1,18,1294.91,398599.37,56.0,2
1,0,9,55,1,3,1,2,150354,15,0,43,1655.05,508753.3,56.0,1
1,0,9,31,1,5,1,0,20238,2,0,26,1577.79,471446.09,56.0,2
1,0,9,31,1,5,1,0,190248,19,0,29,1657.84,589758.81,56.0,1
1,0,9,31,1,5,1,0,80123,8,0,14,685.93,204725.07,56.0,2
1,0,9,31,1,5,1,0,130512,13,0,59,1434.04,456458.92,56.0,1
1,1,9,55,0,3,0,0,40208,4,0,26,790.05,250354.33,50.0,2
1,1,9,55,0,3,0,0,100093,10,1,11,1675.44,464815.25,50.0,1
1,1,9,55,0,3,0,0,150399,15,0,50,1841.5,519209.27,50.0,1
1,0,6,27,0,4,1,0,70355,7,0,41,1093.92,281147.2,56.0,2
1,0,6,27,0,4,1,0,180533,18,0,60,1488.67,507522.85,56.0,1
1,0,6,27,0,4,1,0,10376,1,0,41,835.25,210587.3,56.0,2
1,0,6,27,0,4,1,0,130203,13,0,23,882.35,246940.65,56.0,3
1,1,9,29,1,4,1,2,190406,19,0,46,1926.19,623819.92,55.0,1
1,1,9,29,1,4,1,2,80309,8,0,36,673.86,198662.43,55.0,2
1,1,9,29,1,4,1,2,20400,2,0,46,697.74,203506.46,55.0,2
1,1,9,29,1,4,1,2,140076,14,1,10,686.98,229277.01,55.0,3
1,0,9,49,0,2,1,2,80308,8,0,36,673.86,198802.46,56.0,2
1,0,9,49,0,2,1,2,190405,19,0,46,1926.19,557463.33,56.0,1
1,0,9,49,0,2,1,2,20399,2,1,46,697.74,213454.35,56.0,2
1,0,9,49,0,2,1,2,140075,14,0,9,803.5,206747.63,56.0,3
1,0,9,1,1,4,1,2,130465,13,1,53,968.77,326702.9,78.0,3
1,0,9,1,1,4,1,2,80079,8,0,9,1869.81,500403.51,78.0,1
1,0,9,1,1,4,1,2,190206,19,0,25,996.38,296623.87,78.0,3
1,0,9,1,1,4,1,2,20201,2,0,22,653.41,189843.92,78.0,2
1,1,9,43,1,3,0,2,90279,9,0,35,1376.88,444270.56,56.0,1
1,1,9,43,1,3,0,2,200444,20,0,50,493.06,167067.76,56.0,3
1,1,9,43,1,3,0,2,30372,3,0,46,1599.81,433989.62,56.0,2
1,1,9,43,1,3,0,2,150038,15,0,6,938.57,251516.25,56.0,3
1,1,9,31,1,3,0,0,190188,19,0,22,935.25,281233.4,56.0,3
1,1,9,31,1,3,0,0,20183,2,0,21,921.38,306850.21,56.0,2
1,1,9,31,1,3,0,0,130450,13,0,50,1469.09,480172.84,56.0,1
1,1,9,31,1,3,0,0,80066,8,0,7,1352.74,450542.24,56.0,1
1,0,9,55,0,2,0,2,150413,15,1,52,829.2,275828.72,56.0,3
1,0,9,55,0,2,0,2,100107,10,1,14,1318.01,393983.06,56.0,1
1,0,9,55,0,2,0,2,40220,4,0,26,790.05,239720.69,56.0,2
1,0,9,18,1,3,1,2,150373,15,0,47,1358.77,456444.2,36.0,1
1,0,9,18,1,3,1,2,40171,4,0,21,801.66,272945.8,36.0,2
1,0,9,18,1,3,1,2,100067,10,1,9,1849.4,561351.99,36.0,1
1,1,3,40,0,5,0,2,170439,17,1,51,1375.52,415531.04,74.0,1
1,1,3,40,0,5,0,2,120063,12,0,8,1803.36,504262.01,74.0,1
1,1,3,40,0,5,0,2,60274,6,0,29,1691.02,502693.56,74.0,1
1,0,9,55,0,5,0,2,30327,3,0,40,678.71,240523.77,56.0,2
1,0,9,55,0,5,0,2,90234,9,0,33,973.52,342414.51,56.0,2
1,0,9,55,0,5,0,2,140468,14,0,55,1415.9,428653.51,56.0,1
1,0,9,55,0,5,0,2,200400,20,0,46,1227.49,373068.75,56.0,3
1,0,9,55,0,5,1,2,70009,7,0,2,1478.43,498858.03,52.0,1
1,0,9,55,0,5,1,2,120276,12,1,30,622.2,182644.63,52.0,3
1,0,9,55,0,5,1,2,180195,18,0,25,911.94,253775.13,52.0,3
1,0,9,55,0,5,1,2,10041,1,0,5,753.87,224039.9,52.0,2
1,1,9,29,0,4,0,2,170416,17,0,48,1833.96,499955.33,84.0,1
1,1,9,29,0,4,0,2,60250,6,0,25,1086.43,339531.13,84.0,2
1,1,9,29,0,4,0,2,120037,12,1,4,1559.34,441228.83,84.0,1
1,1,4,53,0,1,0,2,20224,2,0,25,943.48,279718.78,59.0,2
1,1,4,53,0,1,0,2,130494,13,0,57,1717.49,445580.19,59.0,1
1,1,4,53,0,1,0,2,80104,8,0,13,660.3,205786.97,59.0,2
1,1,4,53,0,1,0,2,190230,19,0,27,1691.96,484359.77,59.0,1
1,1,9,18,1,1,1,2,40103,4,0,13,809.06,238462.47,34.0,2
1,1,9,18,1,1,1,2,150302,15,0,35,745.49,254110.4,34.0,3
1,1,9,18,1,1,1,2,100002,10,0,1,1006.89,345031.43,34.0,2
1,0,8,4,0,5,1,0,100250,10,0,30,1559.4,395419.06,56.0,1
1,0,8,4,0,5,1,0,160030,16,0,5,749.15,196645.59,56.0,3
1,0,8,4,0,5,1,0,40358,4,1,43,1616.99,531903.04,56.0,1
1,0,1,54,0,1,0,2,80040,8,0,5,887.23,275377.06,44.0,2
1,0,1,54,0,1,0,2,190160,19,0,20,1772.03,459381.05,44.0,1
1,0,1,54,0,1,0,2,20157,2,0,18,784.76,208475.27,44.0,2
1,0,1,54,0,1,0,2,130428,13,0,47,1874.35,565118.87,44.0,1
1,1,1,48,0,5,0,2,70443,7,0,52,1281.14,345268.92,27.0,2
1,1,1,48,0,5,0,2,190042,19,0,7,973.6,280625.88,27.0,3
1,1,1,48,0,5,0,2,130305,13,0,33,1445.84,443394.23,27.0,1
1,1,1,48,0,5,0,2,20051,2,0,6,967.84,275527.07,27.0,2
1,1,9,49,0,5,1,1,90300,9,1,37,731.44,221099.86,56.0,2
1,1,9,49,0,5,1,1,200466,20,1,52,1634.67,507216.3,56.0,1
1,1,9,49,0,5,1,1,30392,3,0,48,783.39,198403.3,56.0,2
1,1,9,49,0,5,1,1,150058,15,0,9,565.48,155758.36,56.0,3
1,0,9,7,0,4,0,0,120238,12,0,25,1540.51,508725.94,25.0,1
1,0,9,7,0,4,0,0,60446,6,0,53,1170.96,391496.99,25.0,2
1,0,9,7,0,4,0,0,180160,18,0,21,1790.69,476904.44,25.0,1
1,0,9,55,0,2,0,2,180233,18,0,29,578.36,161600.76,56.0,3
1,0,9,55,0,2,0,2,10083,1,1,11,1429.46,510261.37,56.0,2
1,0,9,55,0,2,0,2,120311,12,0,34,1817.64,446332.1,56.0,1
1,0,9,55,0,2,0,2,70056,7,0,9,926.11,245007.73,56.0,2
1,0,9,49,0,3,0,1,120059,12,0,6,1347.8,387519.48,32.0,1
1,0,9,49,0,3,0,1,60272,6,0,29,1691.02,541412.0,32.0,1
1,0,9,49,0,3,0,1,170436,17,0,51,1375.52,426338.68,32.0,1
1,0,2,35,1,3,0,0,110175,11,0,19,1083.98,312370.43,56.0,3
1,0,2,35,1,3,0,0,50282,5,0,36,627.56,177591.32,56.0,2
1,0,2,35,1,3,0,0,160379,16,0,44,1695.03,579072.02,56.0,1
1,0,9,43,0,2,1,0,140369,14,1,45,1388.61,480678.5,56.0,1
1,0,9,43,0,2,1,0,30222,3,0,25,765.56,272121.79,56.0,2
1,0,9,43,0,2,1,0,200299,20,0,33,630.53,183562.93,56.0,3
1,0,9,43,0,2,1,0,90138,9,0,21,1261.65,322402.24,56.0,2
1,1,9,55,0,4,0,0,80312,8,0,36,673.86,204867.41,56.0,2
1,1,9,55,0,4,0,0,190409,19,0,46,1926.19,546910.59,56.0,1
1,1,9,55,0,4,0,0,20403,2,0,47,708.32,227037.41,56.0,2
1,1,9,55,0,4,0,0,140079,14,0,11,1431.42,387972.92,56.0,1
1,1,9,31,0,1,1,2,10421,1,0,49,629.24,187717.66,49.0,2
1,1,9,31,0,1,1,2,180576,18,0,66,1631.24,539249.94,49.0,1
1,1,9,31,0,1,1,2,130247,13,0,29,568.7,153351.4,49.0,3
1,1,9,31,0,1,1,2,70393,7,0,45,1150.93,382612.66,49.0,2
1,0,9,3,1,5,0,0,60033,6,0,3,605.21,170201.06,56.0,2
1,0,9,3,1,5,0,0,110372,11,0,44,434.38,128315.89,56.0,3
1,0,9,3,1,5,0,0,170185,17,0,20,792.27,229915.53,56.0,3
1,1,9,55,1,2,1,2,190320,19,0,39,1237.04,350962.27,56.0,3
1,1,9,55,1,2,1,2,80210,8,0,28,1431.61,418833.33,56.0,1
1,1,9,55,1,2,1,2,130592,13,0,68,1590.69,492001.45,56.0,1
1,1,9,55,1,2,1,2,20313,2,0,37,780.46,221160.83,56.0,2
1,1,5,24,0,2,0,0,200423,20,0,48,860.8,275715.45,56.0,3
1,1,5,24,0,2,0,0,90254,9,0,34,1577.36,430669.69,56.0,1
1,1,5,24,0,2,0,0,30353,3,0,43,928.43,250208.08,56.0,2
1,1,5,24,0,2,0,0,150013,15,0,2,1522.89,411865.15,56.0,1
1,1,9,43,0,4,0,2,20028,2,0,3,645.84,207709.77,75.0,2
1,1,9,43,0,4,0,2,190019,19,0,4,1225.38,327077.64,75.0,3
1,1,9,43,0,4,0,2,70423,7,1,49,1383.05,431452.51,75.0,1
1,1,9,43,0,4,0,2,130281,13,1,32,1114.07,327322.3,75.0,3
1,1,9,55,0,4,0,2,120019,12,1,2,1285.87,431041.65,56.0,1
1,1,9,55,0,4,0,2,170402,17,0,48,1833.96,622276.58,56.0,1
1,1,9,55,0,4,0,2,60236,6,0,23,1243.4,365713.38,56.0,2
1,0,0,36,0,4,0,2,190093,19,0,14,630.47,192642.44,53.0,3
1,0,0,36,0,4,0,2,130360,13,0,40,571.5,165789.26,53.0,3
1,0,0,36,0,4,0,2,20096,2,0,11,1625.05,401094.64,53.0,2
1,0,0,36,0,4,0,2,70495,7,0,58,1629.83,439175.81,53.0,1
1,0,9,6,0,5,1,2,20081,2,0,10,788.79,251366.93,56.0,2
1,0,9,6,0,5,1,2,190076,19,0,11,1869.93,557814.29,56.0,1
1,0,9,6,0,5,1,2,70478,7,0,56,1589.6,542304.45,56.0,1
1,0,9,6,0,5,1,2,130338,13,0,38,656.42,214023.32,56.0,3
1,0,9,55,1,1,1,2,130245,13,0,28,1173.72,384319.84,75.0,1
1,0,9,55,1,1,1,2,180575,18,1,66,1631.24,532766.89,75.0,1
1,0,9,55,1,1,1,2,10419,1,0,49,629.24,176063.64,75.0,2
1,0,9,55,1,1,1,2,70392,7,1,45,1150.93,337914.19,75.0,2
1,1,9,18,0,1,0,2,120094,12,1,12,959.05,288890.05,32.0,3
1,1,9,18,0,1,0,2,60301,6,0,33,1131.0,305756.04,32.0,2
1,1,9,18,0,1,0,2,180009,18,0,1,1379.64,377504.51,32.0,3
1,0,9,55,0,2,1,0,130598,13,0,70,750.41,226404.55,83.0,3
1,0,9,55,0,2,1,0,190327,19,0,39,1237.04,326382.27,83.0,3
1,0,9,55,0,2,1,0,20318,2,0,37,780.46,246714.08,83.0,2
1,0,9,55,0,2,1,0,80216,8,0,29,1848.51,641122.99,83.0,1
1,0,9,43,0,5,1,2,140362,14,0,43,520.49,144623.04,58.0,3
1,0,9,43,0,5,1,2,200292,20,0,32,1630.81,491343.75,58.0,1
1,0,9,43,0,5,1,2,90130,9,0,20,1664.76,487224.16,58.0,1
1,0,9,43,0,5,1,2,30215,3,0,24,776.04,239388.89,58.0,2
1,0,4,53,1,2,0,0,110558,11,0,65,1427.09,500988.76,31.0,1
1,0,4,53,1,2,0,0,170373,17,1,46,1582.61,495697.84,31.0,1
1,0,4,53,1,2,0,0,60207,6,0,20,1897.17,530773.97,31.0,1
1,0,9,3,1,1,0,2,100038,10,0,5,1741.96,444902.95,56.0,1
1,0,9,3,1,1,0,2,40134,4,0,16,1128.21,304246.71,56.0,2
1,0,9,3,1,1,0,2,150337,15,0,39,1713.42,605272.25,56.0,1
1,1,1,48,0,5,1,0,80396,8,0,46,1175.51,296772.64,56.0,2
1,1,1,48,0,5,1,0,200064,20,0,8,1268.45,329467.14,56.0,3
1,1,1,48,0,5,1,0,140149,14,0,16,915.37,331782.88,56.0,3
1,1,1,48,0,5,1,0,20479,2,0,55,579.26,149722.3,56.0,2
1,1,9,42,0,3,0,2,60295,6,0,33,1131.0,344027.61,56.0,2
1,1,9,42,0,3,0,2,180005,18,0,1,1379.64,436782.69,56.0,1
1,1,9,42,0,3,0,2,120088,12,1,12,959.05,304737.72,56.0,3
1,0,9,3,1,5,1,2,190213,19,0,26,668.24,194986.69,56.0,3
1,0,9,3,1,5,1,2,20208,2,0,24,785.12,241198.49,56.0,2
1,0,9,3,1,5,1,2,80087,8,0,9,1869.81,590633.76,56.0,1
1,0,9,3,1,5,1,2,130478,13,1,55,710.41,241240.19,56.0,3
1,1,1,54,0,3,0,0,30214,3,0,24,776.04,237580.39,56.0,2
1,1,1,54,0,3,0,0,90129,9,0,20,1664.76,467860.91,56.0,1
1,1,1,54,0,3,0,0,200291,20,0,32,1630.81,462356.44,56.0,1
1,1,1,54,0,3,0,0,140361,14,0,43,520.49,163915.34,56.0,3
1,0,9,55,0,2,0,0,160240,16,0,28,1440.71,434559.42,59.0,1
1,0,9,55,0,2,0,0,50128,5,0,16,1060.08,314004.62,59.0,2
1,0,9,55,0,2,0,0,110013,11,0,2,938.0,280183.26,59.0,3
1,0,9,6,0,3,1,0,100150,10,0,19,948.04,269363.17,56.0,3
1,0,9,6,0,3,1,0,150445,15,1,55,892.75,327308.85,56.0,3
1,0,9,6,0,3,1,0,40251,4,0,30,1307.35,390539.15,56.0,2
1,1,9,55,0,4,0,0,100366,10,0,43,1093.67,338104.13,33.0,2
1,1,9,55,0,4,0,0,160150,16,0,19,1163.06,297657.72,33.0,3
1,1,9,55,0,4,0,0,50049,5,0,8,782.15,223045.28,33.0,2
0,0,8,25,0,2,1,2,60465,6,0,55,562.37,174861.74,59.0,0
0,0,8,25,0,2,1,2,10016,1,0,3,788.73,258432.34,59.0,0
0,0,8,25,0,2,1,2,120259,12,1,27,871.52,280596.77,59.0,0
0,0,8,25,0,2,1,2,180183,18,0,24,1417.31,384011.41,59.0,0
1,0,9,46,0,1,1,2,80480,8,0,56,1874.7,573384.23,56.0,1
1,0,9,46,0,1,1,2,30061,3,1,7,744.01,223349.45,56.0,2
1,0,9,46,0,1,1,2,200144,20,0,18,1868.01,612113.6,56.0,1
1,0,9,46,0,1,1,2,140221,14,0,23,1610.37,531001.25,56.0,1
1,0,8,4,0,4,0,2,90251,9,0,34,1577.36,404127.79,56.0,1
1,0,8,4,0,4,0,2,150010,15,0,2,1522.89,455019.48,56.0,1
1,0,8,4,0,4,0,2,200421,20,0,48,860.8,224186.65,56.0,3
1,0,8,4,0,4,0,2,30350,3,0,42,1343.96,378986.47,56.0,2
1,1,9,20,0,2,0,2,60247,6,0,25,1086.43,309997.56,85.0,2
1,1,9,20,0,2,0,2,170412,17,0,48,1833.96,554502.82,85.0,1
1,1,9,20,0,2,0,2,120033,12,0,3,1469.27,461277.4,85.0,1
1,0,1,5,1,2,0,2,140282,14,0,33,1894.96,604547.34,56.0,1
1,0,1,5,1,2,0,2,90049,9,0,8,1315.55,435222.01,56.0,1
1,0,1,5,1,2,0,2,30136,3,0,13,754.84,221376.35,56.0,2
1,0,1,5,1,2,0,2,200207,20,0,25,780.74,229143.41,56.0,3
1,1,2,15,0,4,0,2,110479,11,0,56,724.8,223047.2,54.0,3
1,1,2,15,0,4,0,2,60135,6,0,11,1719.85,534355.36,54.0,1
1,1,2,15,0,4,0,2,170290,17,0,35,1667.01,551578.92,54.0,1
1,1,9,55,0,3,0,1,100139,10,0,18,1244.03,349877.5,56.0,1
1,1,9,55,0,3,0,1,150437,15,0,55,892.75,276552.01,56.0,3
1,1,9,55,0,3,0,1,40243,4,0,29,776.79,247342.01,56.0,2
1,0,9,43,1,2,1,0,60253,6,0,25,1086.43,359202.38,56.0,2
1,0,9,43,1,2,1,0,120042,12,0,4,1559.34,475181.99,56.0,1
1,0,9,43,1,2,1,0,170419,17,1,48,1833.96,573266.03,56.0,1
1,0,9,18,0,4,1,2,100230,10,0,28,1606.58,532017.08,56.0,1
1,0,9,18,0,4,1,2,40340,4,0,40,780.74,245584.03,56.0,2
1,0,9,18,0,4,1,2,160006,16,0,1,637.07,193069.04,56.0,3
1,1,8,25,0,4,1,2,170410,17,0,48,1833.96,610364.02,56.0,1
1,1,8,25,0,4,1,2,120029,12,0,3,1469.27,405947.93,56.0,1
1,1,8,25,0,4,1,2,60245,6,0,25,1086.43,332809.37,56.0,2
1,0,9,20,0,2,0,2,200434,20,1,49,880.76,245529.59,56.0,3
1,0,9,20,0,2,0,2,150025,15,0,3,748.99,229219.76,56.0,3
1,0,9,20,0,2,0,2,30364,3,0,45,1598.85,485278.06,56.0,1
1,0,9,20,0,2,0,2,90267,9,0,35,1376.88,429975.23,56.0,1
1,0,9,3,1,1,0,2,190330,19,0,39,1237.04,308610.09,56.0,3
1,0,9,3,1,1,0,2,20322,2,0,38,710.81,204892.35,56.0,2
1,0,9,3,1,1,0,2,130603,13,1,70,750.41,191764.78,56.0,3
1,0,9,3,1,1,0,2,80219,8,0,29,1848.51,542053.98,56.0,1
1,1,8,47,0,3,0,2,150396,15,0,50,1841.5,466293.15,26.0,1
1,1,8,47,0,3,0,2,40205,4,0,26,790.05,213545.23,26.0,2
1,1,8,47,0,3,0,2,100090,10,1,11,1675.44,462989.76,26.0,1
1,1,9,42,0,4,0,1,70306,7,0,36,1748.75,476178.74,56.0,1
1,1,9,42,0,4,0,1,180479,18,0,53,1806.7,555330.51,56.0,1
1,1,9,42,0,4,0,1,10319,1,0,34,1469.14,395086.1,56.0,2
1,1,9,42,0,4,0,1,130143,13,0,16,1772.88,552662.92,56.0,1
1,1,9,18,0,2,0,2,50353,5,0,44,806.03,261651.44,77.0,2
1,1,9,18,0,2,0,2,170045,17,1,5,1829.38,423868.45,77.0,1
1,1,9,18,0,2,0,2,110234,11,0,29,993.51,336177.61,77.0,3
1,1,2,45,1,2,1,0,60187,6,0,17,1502.18,409549.01,56.0,1
1,1,2,45,1,2,1,0,110540,11,0,62,1938.82,661095.49,56.0,1
1,1,2,45,1,2,1,0,170351,17,0,45,1574.3,470199.52,56.0,1
1,1,9,55,0,3,1,0,50258,5,0,34,802.33,209153.29,56.0,2
1,1,9,55,0,3,1,0,160358,16,0,42,1496.62,441789.19,56.0,1
1,1,9,55,0,3,1,0,110137,11,0,14,524.68,156613.99,56.0,3
1,0,9,55,0,3,0,0,20291,2,0,34,800.26,257660.89,56.0,2
1,0,9,55,0,3,0,0,80184,8,0,26,1625.38,460816.43,56.0,1
1,0,9,55,0,3,0,0,190298,19,1,35,1099.62,354463.37,56.0,3
1,0,9,55,0,3,0,0,130568,13,0,67,524.97,174346.4,56.0,3
1,0,5,34,0,4,1,2,140164,14,1,17,686.6,229344.35,56.0,3
1,0,5,34,0,4,1,2,200078,20,1,10,1714.22,506626.34,56.0,1
1,0,5,34,0,4,1,2,20493,2,0,57,789.52,206465.91,56.0,2
1,0,5,34,0,4,1,2,80415,8,0,47,543.08,162276.59,56.0,2
1,1,9,18,1,4,1,2,170293,17,0,35,1667.01,458755.73,56.0,1
1,1,9,18,1,4,1,2,110484,11,0,57,1008.58,355007.88,56.0,3
1,1,9,18,1,4,1,2,60139,6,0,12,1678.17,525586.98,56.0,1
1,0,9,46,1,3,1,2,200092,20,0,13,1587.57,480775.4,56.0,1
1,0,9,46,1,3,1,2,140174,14,0,18,500.17,123583.21,56.0,3
1,0,9,46,1,3,1,2,30012,3,0,1,689.75,225478.74,56.0,2
1,0,9,46,1,3,1,2,80430,8,0,50,913.15,308556.94,56.0,2
1,1,5,24,1,1,1,2,190323,19,0,39,1237.04,363695.77,56.0,3
1,1,5,24,1,1,1,2,20315,2,0,37,780.46,199200.35,56.0,2
1,1,5,24,1,1,1,2,80214,8,0,29,1848.51,544032.25,56.0,1
1,1,5,24,1,1,1,2,130596,13,1,70,750.41,233444.71,56.0,3
1,0,9,55,1,2,1,2,50392,5,0,46,1272.95,351688.67,68.0,2
1,0,9,55,1,2,1,2,170088,17,1,11,596.22,183555.68,68.0,3
1,0,9,55,1,2,1,2,110274,11,0,33,1632.55,448877.05,68.0,1
1,0,9,3,0,3,1,2,20156,2,0,18,784.76,270820.0,56.0,2
1,0,9,3,0,3,1,2,130427,13,0,47,1874.35,603155.94,56.0,1
1,0,9,3,0,3,1,2,190159,19,0,20,1772.03,577980.13,56.0,1
1,0,9,3,0,3,1,2,80038,8,0,5,887.23,243883.4,56.0,2
1,1,9,7,0,5,0,2,40399,4,0,46,800.23,280137.79,56.0,2
1,1,9,7,0,5,0,2,100282,10,0,33,1010.7,300235.9,56.0,2
1,1,9,7,0,5,0,2,160061,16,0,8,986.18,301693.78,56.0,3
1,0,9,1,1,4,1,2,150487,15,0,58,1750.89,502145.17,56.0,1
1,0,9,1,1,4,1,2,100191,10,0,26,1294.85,398571.59,56.0,1
1,0,9,1,1,4,1,2,40298,4,0,34,795.1,226963.84,56.0,2
1,1,4,53,0,4,1,0,120297,12,1,33,1232.2,403361.09,56.0,1
1,1,4,53,0,4,1,0,180218,18,0,28,514.67,175483.61,56.0,3
1,1,4,53,0,4,1,0,10069,1,0,8,763.88,208582.28,56.0,2
1,1,4,53,0,4,1,0,70036,7,0,6,1232.31,370506.46,56.0,2
1,0,0,44,0,1,0,2,150135,15,0,17,562.64,150397.94,54.0,3
1,0,0,44,0,1,0,2,30467,3,0,56,1179.42,364650.23,54.0,2
1,0,0,44,0,1,0,2,90387,9,0,46,662.32,230643.48,54.0,2
1,0,9,1,1,5,1,0,90213,9,0,31,1052.27,318001.46,56.0,2
1,0,9,1,1,5,1,0,30308,3,0,37,659.12,196469.4,56.0,2
1,0,9,1,1,5,1,0,140446,14,1,52,571.74,158787.99,56.0,3
1,0,9,1,1,5,1,0,200378,20,0,41,541.22,163235.17,56.0,3
0,0,9,49,1,2,0,2,50208,5,0,27,1278.6,481540.5,56.0,0
0,0,9,49,1,2,0,2,160326,16,0,38,431.83,127936.41,56.0,0
0,0,9,49,1,2,0,2,110099,11,0,10,1519.64,440930.72,56.0,0
1,0,5,24,0,4,0,0,110198,11,0,23,1098.83,316820.96,56.0,3
1,0,5,24,0,4,0,0,170009,17,0,1,530.28,122112.7,56.0,3
1,0,5,24,0,4,0,0,50312,5,0,41,630.83,167124.56,56.0,2
1,1,4,53,1,4,0,0,120143,12,0,16,1523.02,535623.53,56.0,1
1,1,4,53,1,4,0,0,180065,18,0,7,505.94,155133.85,56.0,3
1,1,4,53,1,4,0,0,60342,6,0,38,698.21,218381.46,56.0,2
0,0,8,25,0,3,1,0,20130,2,0,15,1603.33,457348.2,62.0,0
0,0,8,25,0,3,1,0,130401,13,0,45,986.91,293100.75,62.0,0
0,0,8,25,0,3,1,0,190127,19,0,17,574.75,170914.8,62.0,0
0,0,8,25,0,3,1,0,80008,8,0,1,1109.29,359701.01,62.0,0
1,0,9,42,1,3,0,2,160045,16,0,6,1062.34,340711.24,56.0,3
1,0,9,42,1,3,0,2,100267,10,0,31,1499.0,427664.89,56.0,1
1,0,9,42,1,3,0,2,40380,4,0,45,1160.48,339771.48,56.0,2
1,0,7,37,0,1,1,2,90342,9,0,40,1090.32,316830.55,42.0,2
1,0,7,37,0,1,1,2,150097,15,0,15,522.71,129756.46,42.0,3
1,0,7,37,0,1,1,2,30431,3,0,50,713.67,212239.58,42.0,2
1,0,7,37,0,1,1,2,200501,20,1,58,1208.52,391528.7,42.0,3
1,0,9,46,0,5,1,2,50103,5,0,13,791.13,208238.77,56.0,2
1,0,9,46,0,5,1,2,160203,16,0,25,853.37,260928.85,56.0,3
1,0,9,46,0,5,1,2,100415,10,0,50,1138.32,408310.1,56.0,1
1,0,9,55,1,5,0,2,10418,1,0,48,1170.93,299618.3,56.0,2
1,0,9,55,1,5,0,2,180573,18,1,66,1631.24,486354.46,56.0,1
1,0,9,55,1,5,0,2,130244,13,0,28,1173.72,400382.01,56.0,1
1,0,9,55,1,5,0,2,70391,7,0,44,1859.83,571612.79,56.0,1
1,0,9,55,0,3,0,0,150365,15,0,44,1713.09,506373.41,56.0,1
1,0,9,55,0,3,0,0,40164,4,0,20,1609.62,574177.29,56.0,1
1,0,9,55,0,3,0,0,100061,10,0,8,1054.86,294829.76,56.0,2
1,1,9,55,0,4,1,0,70230,7,0,25,573.8,203707.73,56.0,2
1,1,9,55,0,4,1,0,180415,18,0,47,520.85,178580.68,56.0,3
1,1,9,55,0,4,1,0,10252,1,1,29,757.2,280255.58,56.0,2
1,1,9,55,0,4,1,0,130074,13,0,9,1448.68,467397.36,56.0,1
1,1,9,55,1,1,1,0,10155,1,0,20,1146.24,336600.53,59.0,2
1,1,9,55,1,1,1,0,120383,12,1,43,1893.23,595281.62,59.0,1
1,1,9,55,1,1,1,0,70123,7,1,15,602.92,195057.54,59.0,2
1,1,9,55,1,1,1,0,180306,18,0,36,1089.77,402516.04,59.0,3
1,0,9,42,0,3,1,0,100120,10,1,15,1948.32,705817.01,56.0,1
1,0,9,42,0,3,1,0,150426,15,0,53,696.04,233058.54,56.0,3
1,0,9,42,0,3,1,0,40233,4,0,28,1070.72,354722.93,56.0,2
1,1,9,55,0,4,0,2,20166,2,0,19,795.52,258950.34,56.0,2
1,1,9,55,0,4,0,2,130437,13,0,48,1728.84,589085.76,56.0,1
1,1,9,55,0,4,0,2,80050,8,0,5,887.23,296098.37,56.0,2
1,1,9,55,0,4,0,2,190168,19,0,21,477.75,166270.85,56.0,3
1,0,9,55,0,1,0,0,40173,4,1,21,801.66,256392.52,77.0,2
1,0,9,55,0,1,0,0,150376,15,0,48,1403.33,448225.53,77.0,1
1,0,9,55,0,1,0,0,100070,10,0,9,1849.4,617512.0,77.0,1
1,1,9,55,0,4,0,0,140323,14,0,38,1170.11,390224.3,56.0,1
1,1,9,55,0,4,0,0,200249,20,0,30,1703.94,457896.7,56.0,1
1,1,9,55,0,4,0,0,90092,9,1,15,1732.33,586679.08,56.0,1
1,1,9,55,0,4,0,0,30172,3,0,19,1602.22,500837.84,56.0,1
1,0,4,32,1,4,0,2,200067,20,0,8,1268.45,362803.25,77.0,3
1,0,4,32,1,4,0,2,140155,14,0,16,915.37,259971.99,77.0,3
1,0,4,32,1,4,0,2,20482,2,0,55,579.26,183552.54,77.0,2
1,0,4,32,1,4,0,2,80401,8,1,46,1175.51,317963.0,77.0,2
1,1,9,6,0,2,0,0,60355,6,0,40,1640.68,589191.73,56.0,1
1,1,9,6,0,2,0,0,120160,12,0,18,1702.66,576725.19,56.0,1
1,1,9,6,0,2,0,0,180083,18,0,11,507.04,143851.79,56.0,3
1,1,7,17,0,2,0,2,180272,18,0,32,1512.9,478922.56,38.0,1
1,1,7,17,0,2,0,2,70096,7,0,13,604.6,175373.36,38.0,2
1,1,7,17,0,2,0,2,120355,12,0,38,1157.23,348940.18,38.0,3
1,1,7,17,0,2,0,2,10119,1,0,14,1181.69,374355.36,38.0,2
1,1,9,1,0,2,1,0,150511,15,0,60,1033.2,300300.85,56.0,3
1,1,9,1,0,2,1,0,40321,4,0,39,743.73,255069.28,56.0,2
1,1,9,1,0,2,1,0,100214,10,0,27,777.35,201415.36,56.0,3
1,0,0,50,0,4,0,1,110393,11,0,46,1798.85,539324.57,56.0,1
1,0,0,50,0,4,0,1,60049,6,1,4,1925.28,591434.36,56.0,1
1,0,0,50,0,4,0,1,170201,17,0,23,1025.52,330602.94,56.0,3
1,0,2,35,1,5,0,0,50358,5,0,44,806.03,261814.63,56.0,2
1,0,2,35,1,5,0,0,170049,17,0,6,1739.03,486833.55,56.0,1
1,0,2,35,1,5,0,0,110239,11,0,29,993.51,310876.37,56.0,3
1,1,9,55,0,4,0,2,170019,17,0,1,530.28,189016.63,52.0,3
1,1,9,55,0,4,0,2,110206,11,0,24,1481.82,447905.13,52.0,1
1,1,9,55,0,4,0,2,50326,5,0,42,791.2,241447.03,52.0,2
1,0,0,19,0,4,0,0,110428,11,0,50,948.72,331896.95,27.0,3
1,0,0,19,0,4,0,0,60084,6,0,7,1075.42,296209.13,27.0,2
1,0,0,19,0,4,0,0,170234,17,0,27,677.24,174630.68,27.0,3
1,1,0,44,1,4,1,2,100274,10,0,31,1499.0,442539.26,56.0,1
1,1,0,44,1,4,1,2,40389,4,0,45,1160.48,366377.13,56.0,2
1,1,0,44,1,4,1,2,160052,16,0,7,941.57,296837.59,56.0,3
1,0,9,31,0,3,0,1,10394,1,0,46,1153.16,302222.25,56.0,2
1,0,9,31,0,3,0,1,70373,7,0,43,498.61,149833.02,56.0,2
1,0,9,31,0,3,0,1,130220,13,0,25,633.86,177168.94,56.0,3
1,0,9,31,0,3,0,1,180551,18,0,63,1855.14,554198.64,56.0,1
1,0,9,55,0,4,0,2,200008,20,0,1,1898.39,535687.32,56.0,1
1,0,9,55,0,4,0,2,20431,2,1,50,1604.8,492537.89,56.0,1
1,0,9,55,0,4,0,2,140103,14,0,12,459.44,141906.57,56.0,3
1,0,9,55,0,4,0,2,80343,8,0,39,1290.89,388539.05,56.0,1
1,1,5,8,0,2,0,2,40020,4,0,2,1620.07,523966.96,82.0,1
1,1,5,8,0,2,0,2,150204,15,0,23,1279.23,373202.64,82.0,1
1,1,5,8,0,2,0,2,90445,9,1,56,1516.4,410865.42,82.0,1
1,0,9,55,0,3,0,2,120205,12,1,23,1094.46,340450.25,65.0,3
1,0,9,55,0,3,0,2,60407,6,1,49,1167.52,322088.43,65.0,2
1,0,9,55,0,3,0,2,180127,18,0,16,1360.96,416303.05,65.0,1
1,0,4,10,0,4,0,1,110182,11,1,20,570.62,205017.07,63.0,3
1,0,4,10,0,4,0,1,50294,5,0,39,591.14,157392.65,63.0,2
1,0,4,10,0,4,0,1,160385,16,0,44,1695.03,571089.66,63.0,1
1,1,9,55,0,1,1,0,100184,10,0,25,1487.17,392319.37,56.0,1
1,1,9,55,0,1,1,0,150479,15,0,57,429.34,137541.82,56.0,3
1,1,9,55,0,1,1,0,40287,4,1,33,734.73,228208.94,56.0,2
1,1,9,49,0,4,0,2,50118,5,0,15,1050.95,407054.73,56.0,2
1,1,9,49,0,4,0,2,160227,16,0,27,1164.55,369105.44,56.0,3
1,1,9,49,0,4,0,2,100432,10,0,50,1138.32,391681.55,56.0,1
1,0,9,49,1,1,1,0,150406,15,0,51,1689.08,410092.17,56.0,1
1,0,9,49,1,1,1,0,40214,4,0,26,790.05,242484.1,56.0,2
1,0,9,49,1,1,1,0,100101,10,0,12,852.74,271729.26,56.0,2
1,1,9,18,1,2,1,1,50009,5,0,2,795.91,237033.66,56.0,2
1,1,9,18,1,2,1,1,160112,16,0,11,1288.42,379602.6,56.0,3
1,1,9,18,1,2,1,1,100328,10,0,39,1188.51,380782.35,56.0,1
1,0,9,20,0,5,0,2,70408,7,0,48,533.35,155737.3,56.0,2
1,0,9,20,0,5,0,2,130262,13,0,30,1777.51,567793.82,56.0,1
1,0,9,20,0,5,0,2,20012,2,0,2,788.72,248313.23,56.0,2
1,0,9,20,0,5,0,2,190001,19,0,1,1688.31,496466.31,56.0,1
1,0,9,55,0,4,0,2,120119,12,0,14,1369.96,411210.31,70.0,1
1,0,9,55,0,4,0,2,180037,18,1,4,1096.58,351057.32,70.0,3
1,0,9,55,0,4,0,2,60322,6,0,35,999.85,314903.31,70.0,2
1,0,8,25,1,5,1,2,160328,16,0,38,431.83,142662.45,82.0,3
1,0,8,25,1,5,1,2,50213,5,0,28,1247.24,343136.11,82.0,2
1,0,8,25,1,5,1,2,110102,11,0,11,1581.88,426691.03,82.0,1
1,0,2,15,0,4,0,0,160273,16,1,33,881.17,314026.2,56.0,3
1,0,2,15,0,4,0,0,110046,11,0,6,1724.08,459433.77,56.0,1
1,0,2,15,0,4,0,0,50161,5,0,22,1059.78,359572.52,56.0,2
1,0,9,55,0,3,0,1,50177,5,1,23,1006.65,312643.26,75.0,2
1,0,9,55,0,3,0,1,110065,11,0,8,1001.41,282918.51,75.0,3
1,0,9,55,0,3,0,1,160293,16,0,35,629.97,187384.2,75.0,3
1,1,9,1,0,5,0,1,30216,3,0,24,776.04,227449.53,44.0,2
1,1,9,1,0,5,0,1,140363,14,0,44,840.77,285984.27,44.0,3
1,1,9,1,0,5,0,1,200293,20,0,32,1630.81,462252.41,44.0,1
1,1,9,1,0,5,0,1,90134,9,0,21,1261.65,394654.7,44.0,1
1,1,7,14,0,4,0,2,100318,10,0,38,476.64,159970.07,63.0,3
1,1,7,14,0,4,0,2,50001,5,0,1,790.55,245496.02,63.0,2
1,1,7,14,0,4,0,2,160101,16,0,11,1288.42,448751.61,63.0,1
1,0,1,54,1,1,0,2,140248,14,0,29,1618.34,478857.61,48.0,1
1,0,1,54,1,1,0,2,200173,20,0,19,759.72,232129.93,48.0,3
1,0,1,54,1,1,0,2,30102,3,0,9,1125.84,337104.83,48.0,2
1,0,1,54,1,1,0,2,90013,9,0,2,481.55,142741.31,48.0,2
1,1,9,46,1,5,0,2,20162,2,0,19,795.52,228644.73,56.0,2
1,1,9,46,1,5,0,2,80043,8,0,5,887.23,254400.82,56.0,2
1,1,9,46,1,5,0,2,190163,19,1,20,1772.03,627200.92,56.0,1
1,1,9,46,1,5,0,2,130432,13,0,47,1874.35,518691.38,56.0,1
1,0,6,11,0,1,0,0,40442,4,0,51,802.11,250655.47,56.0,2
1,0,6,11,0,1,0,0,100316,10,1,37,1177.85,366995.11,56.0,1
1,0,6,11,0,1,0,0,160100,16,0,11,1288.42,410663.51,56.0,1
1,0,9,55,0,1,0,2,80327,8,0,37,890.65,276605.41,56.0,2
1,0,9,55,0,1,0,2,140088,14,0,11,1431.42,500962.79,56.0,1
1,0,9,55,0,1,0,2,190423,19,0,49,1004.26,395405.61,56.0,3
1,0,9,55,0,1,0,2,20414,2,0,47,708.32,229657.95,56.0,2
1,0,2,15,1,5,0,2,160210,16,1,26,1458.08,404116.95,56.0,1
1,0,2,15,1,5,0,2,100421,10,0,50,1138.32,342174.93,56.0,2
1,0,2,15,1,5,0,2,50109,5,0,13,791.13,228756.4,56.0,2
1,0,9,6,0,2,0,2,60353,6,0,40,1640.68,438270.08,56.0,1
1,0,9,6,0,2,0,2,120158,12,1,18,1702.66,673008.78,56.0,1
1,0,9,6,0,2,0,2,180081,18,0,11,507.04,145443.17,56.0,3
1,0,4,32,0,4,0,2,100362,10,0,43,1093.67,344051.81,80.0,2
1,0,4,32,0,4,0,2,160147,16,0,18,1432.77,415439.74,80.0,1
1,0,4,32,0,4,0,2,50043,5,0,8,782.15,213915.0,80.0,2
1,0,9,18,1,3,1,0,50072,5,0,10,629.27,200300.4,80.0,2
1,0,9,18,1,3,1,0,100387,10,0,44,1224.71,378567.66,80.0,1
1,0,9,18,1,3,1,0,160171,16,0,21,837.95,248737.57,80.0,3
1,0,9,42,0,2,0,2,50149,5,0,19,819.72,230931.5,56.0,2
1,0,9,42,0,2,0,2,110034,11,0,4,1414.25,488382.72,56.0,1
1,0,9,42,0,2,0,2,160261,16,0,31,1336.97,377269.07,56.0,1
1,0,9,55,1,3,1,2,200357,20,0,38,1499.47,465555.5,56.0,1
1,0,9,55,1,3,1,2,30292,3,1,35,925.48,248550.43,56.0,2
1,0,9,55,1,3,1,2,90197,9,0,29,1426.22,404559.45,56.0,1
1,0,9,55,1,3,1,2,140425,14,1,51,1346.3,413335.13,56.0,1
1,0,9,3,1,5,1,1,200338,20,0,37,632.35,173375.36,56.0,3
1,0,9,3,1,5,1,1,140404,14,1,48,1941.78,679222.65,56.0,1
1,0,9,3,1,5,1,1,90176,9,0,26,1038.39,299753.36,56.0,2
1,0,9,3,1,5,1,1,30272,3,0,30,796.57,244706.58,56.0,2
1,0,9,42,1,5,0,2,70249,7,1,28,694.55,222809.93,34.0,2
1,0,9,42,1,5,0,2,180430,18,0,49,1457.92,518468.37,34.0,1
1,0,9,42,1,5,0,2,10268,1,0,29,757.2,216506.59,34.0,2
1,0,9,42,1,5,0,2,130094,13,0,11,1678.3,460427.59,34.0,1
1,0,6,27,0,1,1,1,20127,2,0,15,1603.33,522425.92,56.0,1
1,0,6,27,0,1,1,1,130390,13,0,43,1875.83,601046.95,56.0,1
1,0,6,27,0,1,1,1,190124,19,0,17,574.75,175749.34,56.0,3
1,0,6,27,0,1,1,1,80005,8,0,1,1109.29,359079.71,56.0,2
1,0,9,31,0,5,0,2,90098,9,0,16,924.6,274763.58,66.0,2
1,0,9,31,0,5,0,2,140331,14,0,39,1811.84,542239.24,66.0,1
1,0,9,31,0,5,0,2,200259,20,0,30,1703.94,521182.71,66.0,1
1,0,9,31,0,5,0,2,30179,3,1,19,1602.22,548316.4,66.0,1
0,1,9,49,0,5,1,2,50400,5,0,47,1241.14,294124.85,56.0,0
0,1,9,49,0,5,1,2,170097,17,0,11,596.22,170444.19,56.0,0
0,1,9,49,0,5,1,2,110283,11,0,34,680.07,175245.96,56.0,0
1,1,4,53,1,4,1,0,80453,8,0,53,1891.72,533253.25,76.0,1
1,1,4,53,1,4,1,0,200118,20,0,16,645.44,225236.42,76.0,3
1,1,4,53,1,4,1,0,140193,14,0,21,1560.87,515792.81,76.0,1
1,1,4,53,1,4,1,0,30032,3,1,4,719.96,219505.52,76.0,2
1,0,9,55,0,1,0,2,110264,11,0,32,1285.87,374418.94,57.0,1
1,0,9,55,0,1,0,2,170076,17,0,10,1059.07,325597.94,57.0,3
1,0,9,55,0,1,0,2,50384,5,0,46,1272.95,398094.9,57.0,2
1,1,9,55,0,1,1,2,70183,7,0,21,1528.62,512614.55,60.0,1
1,1,9,55,0,1,1,2,180366,18,0,41,852.83,247036.12,60.0,3
1,1,9,55,0,1,1,2,10204,1,0,24,1146.11,411828.28,60.0,2
1,1,9,55,0,1,1,2,130024,13,1,2,1651.02,475718.5,60.0,1
0,1,9,31,0,2,1,1,190031,19,0,5,1408.42,378575.21,56.0,0
0,1,9,31,0,2,1,1,70434,7,0,50,502.02,169117.16,56.0,0
0,1,9,31,0,2,1,1,20041,2,0,5,933.95,309045.3,56.0,0
0,1,9,31,0,2,1,1,130291,13,0,33,1445.84,438504.35,56.0,0
1,0,9,18,0,1,1,2,140447,14,0,52,571.74,154650.62,35.0,3
1,0,9,18,0,1,1,2,90214,9,0,31,1052.27,319340.28,35.0,2
1,0,9,18,0,1,1,2,200379,20,0,41,541.22,159669.21,35.0,3
1,0,9,18,0,1,1,2,30309,3,0,38,1173.4,302431.34,35.0,2
1,1,9,55,0,3,0,0,10170,1,0,21,1957.16,590672.73,56.0,1
1,1,9,55,0,3,0,0,120400,12,0,47,1528.05,459689.25,56.0,1
1,1,9,55,0,3,0,0,180324,18,0,38,1219.8,319114.04,56.0,3
1,1,9,55,0,3,0,0,70143,7,0,17,1586.15,470683.64,56.0,1
1,0,9,1,1,1,1,1,130358,13,0,40,571.5,163504.49,66.0,3
1,0,9,1,1,1,1,1,20095,2,1,11,1625.05,461620.65,66.0,2
1,0,9,1,1,1,1,1,190092,19,0,13,766.61,255608.63,66.0,3
1,0,9,1,1,1,1,1,70494,7,0,58,1629.83,499350.81,66.0,1
1,1,8,47,0,2,1,2,10214,1,0,24,1146.11,398853.42,51.0,2
1,1,8,47,0,2,1,2,180379,18,0,42,1045.42,302608.38,51.0,3
1,1,8,47,0,2,1,2,130037,13,0,3,979.64,286118.52,51.0,3
1,1,8,47,0,2,1,2,70194,7,0,22,1914.21,693731.35,51.0,1
1,1,9,55,0,4,0,2,20100,2,0,11,1625.05,523288.27,56.0,1
1,1,9,55,0,4,0,2,70498,7,0,58,1629.83,450994.89,56.0,1
1,1,9,55,0,4,0,2,190096,19,0,14,630.47,168270.43,56.0,3
1,1,9,55,0,4,0,2,130364,13,0,40,571.5,193173.23,56.0,3
1,1,2,0,0,4,0,0,90383,9,1,45,786.13,222973.92,84.0,2
1,1,2,0,0,4,0,0,30463,3,0,55,688.14,211696.98,84.0,2
1,1,2,0,0,4,0,0,150130,15,0,17,562.64,164204.09,84.0,3
1,0,9,55,0,4,0,2,30500,3,0,58,1588.14,485910.88,56.0,1
1,0,9,55,0,4,0,2,150173,15,0,22,1317.29,357942.9,56.0,1
1,0,9,55,0,4,0,2,90415,9,0,53,599.72,171267.91,56.0,2
1,0,9,20,1,3,0,2,160173,16,0,21,837.95,255581.66,56.0,3
1,0,9,20,1,3,0,2,100389,10,1,45,1119.1,359492.59,56.0,1
1,0,9,20,1,3,0,2,50074,5,0,10,629.27,225125.36,56.0,2
0,1,9,55,1,3,0,2,30025,3,0,3,783.65,258208.58,30.0,0
0,1,9,55,1,3,0,2,80448,8,1,53,1891.72,456114.72,30.0,0
0,1,9,55,1,3,0,2,200114,20,0,15,1805.12,470809.32,30.0,0
0,1,9,55,1,3,0,2,140189,14,0,21,1560.87,421652.43,30.0,0
1,0,9,55,0,2,0,0,50182,5,0,23,1006.65,236109.63,56.0,2
1,0,9,55,0,2,0,0,110073,11,0,8,1001.41,283671.4,56.0,3
1,0,9,55,0,2,0,0,160299,16,1,35,629.97,185818.63,56.0,3
1,0,9,1,0,4,0,2,150171,15,0,22,1317.29,397474.25,56.0,1
1,0,9,1,0,4,0,2,30499,3,1,58,1588.14,514916.07,56.0,1
1,0,9,1,0,4,0,2,90412,9,0,53,599.72,176684.39,56.0,2
1,0,7,41,1,1,1,0,170302,17,0,38,721.83,224494.14,56.0,3
1,0,7,41,1,1,1,0,60146,6,1,12,1678.17,635034.32,56.0,1
1,0,7,41,1,1,1,0,110492,11,0,58,1159.31,259231.73,56.0,3
1,1,3,22,0,3,1,2,140104,14,0,12,459.44,138008.71,39.0,3
1,1,3,22,0,3,1,2,20432,2,0,50,1604.8,519379.11,39.0,1
1,1,3,22,0,3,1,2,200009,20,1,1,1898.39,594737.23,39.0,1
1,1,3,22,0,3,1,2,80344,8,0,39,1290.89,344279.2,39.0,2
1,0,9,3,1,5,1,2,30009,3,0,1,689.75,241026.2,57.0,2
1,0,9,3,1,5,1,2,140172,14,0,17,686.6,198304.68,57.0,3
1,0,9,3,1,5,1,2,200090,20,0,13,1587.57,539007.54,57.0,1
1,0,9,3,1,5,1,2,80427,8,0,49,1081.0,300111.63,57.0,2
1,0,9,1,0,5,0,0,20206,2,0,24,785.12,245459.25,56.0,2
1,0,9,1,0,5,0,0,80084,8,0,9,1869.81,578906.36,56.0,1
1,0,9,1,0,5,0,0,130473,13,0,53,968.77,289176.49,56.0,3
1,0,9,1,0,5,0,0,190211,19,0,26,668.24,184466.93,56.0,3
1,1,9,55,1,2,0,1,70162,7,1,19,751.07,268795.74,33.0,2
1,1,9,55,1,2,0,1,10185,1,0,23,1201.5,379037.15,33.0,2
1,1,9,55,1,2,0,1,180347,18,0,40,990.46,330669.52,33.0,3
1,1,9,55,1,2,0,1,130003,13,0,1,1899.92,617314.75,33.0,1
1,1,9,20,0,1,0,0,80089,8,0,9,1869.81,589033.68,56.0,1
1,1,9,20,0,1,0,0,190216,19,0,26,668.24,200862.39,56.0,3
1,1,9,20,0,1,0,0,20210,2,0,24,785.12,231504.4,56.0,2
1,1,9,20,0,1,0,0,130480,13,0,55,710.41,189589.64,56.0,3
1,1,9,43,0,4,0,2,110435,11,0,52,1397.58,387772.79,80.0,1
1,1,9,43,0,4,0,2,60092,6,0,7,1075.42,343401.0,80.0,2
1,1,9,43,0,4,0,2,170240,17,0,27,677.24,210136.82,80.0,3
1,1,9,55,0,4,1,2,180216,18,0,27,650.82,195055.13,56.0,3
1,1,9,55,0,4,1,2,120295,12,1,33,1232.2,437270.83,56.0,1
1,1,9,55,0,4,1,2,70033,7,0,5,1144.09,330337.76,56.0,2
1,1,9,55,0,4,1,2,10067,1,0,8,763.88,243486.26,56.0,2
1,1,9,55,0,1,0,0,110186,11,0,20,570.62,146420.07,30.0,3
1,1,9,55,0,1,0,0,50302,5,0,40,1053.41,332426.72,30.0,2
1,1,9,55,0,1,0,0,160390,16,0,45,1653.49,465826.16,30.0,1
1,0,9,55,0,4,1,2,160076,16,0,9,1524.04,465908.64,62.0,1
1,0,9,55,0,4,1,2,40414,4,0,48,1621.39,511639.2,62.0,1
1,0,9,55,0,4,1,2,100296,10,0,34,1435.44,471813.07,62.0,1
1,0,2,35,1,4,0,2,40102,4,0,13,809.06,241164.92,56.0,2
1,0,2,35,1,4,0,2,90537,9,0,62,1263.44,387129.95,56.0,1
1,0,2,35,1,4,0,2,150301,15,0,35,745.49,236366.58,56.0,3
1,1,9,20,1,1,1,2,170450,17,0,52,1742.3,427748.64,56.0,1
1,1,9,20,1,1,1,2,120082,12,0,10,1642.26,459833.04,56.0,1
1,1,9,20,1,1,1,2,60289,6,1,32,793.11,268744.96,56.0,2
1,0,9,55,1,1,0,2,200245,20,0,30,1703.94,513840.39,56.0,1
1,0,9,55,1,1,0,2,140318,14,1,37,1469.73,527180.96,56.0,1
1,0,9,55,1,1,0,2,30169,3,0,19,1602.22,477744.58,56.0,1
1,0,9,55,1,1,0,2,90089,9,0,14,1445.3,529558.26,56.0,1
1,0,2,15,1,5,1,0,60286,6,0,31,1768.9,532386.73,65.0,1
1,0,2,15,1,5,1,0,170448,17,0,52,1742.3,567471.58,65.0,1
1,0,2,15,1,5,1,0,120077,12,0,9,857.88,343645.42,65.0,3
1,0,5,24,0,4,0,2,170107,17,0,13,916.9,291793.4,56.0,3
1,0,5,24,0,4,0,2,110289,11,0,35,540.82,156638.87,56.0,3
1,0,5,24,0,4,0,2,50406,5,0,47,1241.14,354787.43,56.0,2
1,1,2,45,0,5,1,0,170023,17,0,2,1738.5,446275.9,63.0,1
1,1,2,45,0,5,1,0,110208,11,1,24,1481.82,508281.75,63.0,1
1,1,2,45,0,5,1,0,50329,5,0,42,791.2,251971.56,63.0,2
1,0,9,55,0,1,1,2,110205,11,0,24,1481.82,460231.54,56.0,1
1,0,9,55,0,1,1,2,170018,17,1,1,530.28,170733.9,56.0,3
1,0,9,55,0,1,1,2,50324,5,0,42,791.2,256025.28,56.0,2
1,0,7,37,0,2,0,2,110509,11,0,61,1299.46,378780.47,56.0,1
1,0,7,37,0,2,0,2,60162,6,1,14,1890.0,667262.77,56.0,1
1,0,7,37,0,2,0,2,170323,17,0,39,1341.67,399182.83,56.0,1
1,0,5,24,0,1,1,0,90124,9,0,18,860.97,224938.19,56.0,2
1,0,5,24,0,1,1,0,140358,14,1,43,520.49,170872.82,56.0,3
1,0,5,24,0,1,1,0,200287,20,0,32,1630.81,443461.13,56.0,1
1,0,5,24,0,1,1,0,30211,3,0,23,924.21,246746.22,56.0,2
1,1,9,42,0,3,1,0,110111,11,0,13,474.93,155082.84,56.0,3
1,1,9,42,0,3,1,0,50229,5,0,31,1008.52,306320.78,56.0,2
1,1,9,42,0,3,1,0,160335,16,0,40,688.81,233630.18,56.0,3
1,0,9,31,0,4,0,2,180550,18,1,63,1855.14,498692.85,56.0,1
1,0,9,31,0,4,0,2,10393,1,0,46,1153.16,316241.81,56.0,2
1,0,9,31,0,4,0,2,70372,7,0,43,498.61,146361.74,56.0,2
1,0,9,31,0,4,0,2,130219,13,0,25,633.86,168610.91,56.0,3
1,1,9,43,0,4,0,2,20132,2,0,15,1603.33,490688.71,56.0,2
1,1,9,43,0,4,0,2,80011,8,0,2,1097.36,299663.63,56.0,2
1,1,9,43,0,4,0,2,190130,19,0,18,1599.44,495705.73,56.0,1
1,1,9,43,0,4,0,2,130404,13,0,45,986.91,302325.29,56.0,3
1,0,9,18,0,1,0,2,50120,5,0,15,1050.95,306423.34,56.0,2
1,0,9,18,0,1,0,2,160231,16,0,28,1440.71,416298.42,56.0,1
1,0,9,18,0,1,0,2,110002,11,0,1,1902.88,500394.39,56.0,1
1,1,3,56,0,1,1,2,200348,20,0,38,1499.47,484664.3,56.0,1
1,1,3,56,0,1,1,2,90187,9,0,27,1207.33,375316.39,56.0,1
1,1,3,56,0,1,1,2,140416,14,0,51,1346.3,366752.4,56.0,1
1,1,3,56,0,1,1,2,30284,3,0,34,768.76,251749.52,56.0,2
1,1,9,55,0,2,1,2,110371,11,0,44,434.38,108921.54,72.0,3
1,1,9,55,0,2,1,2,60031,6,0,3,605.21,203789.3,72.0,2
1,1,9,55,0,2,1,2,170184,17,0,20,792.27,217783.6,72.0,3
1,1,9,55,0,3,0,2,70058,7,0,9,926.11,268177.27,56.0,2
1,1,9,55,0,3,0,2,10085,1,0,11,1429.46,345603.17,56.0,2
1,1,9,55,0,3,0,2,120313,12,0,34,1817.64,578315.7,56.0,1
1,1,9,55,0,3,0,2,180234,18,0,29,578.36,187806.73,56.0,3
1,0,0,19,0,1,1,2,100028,10,1,4,1765.37,570222.0,56.0,1
1,0,0,19,0,1,1,2,40128,4,0,15,760.39,262156.81,56.0,2
1,0,0,19,0,1,1,2,150328,15,0,38,585.57,171741.96,56.0,3
1,1,2,15,0,2,1,1,50259,5,0,34,802.33,267723.88,70.0,2
1,1,2,15,0,2,1,1,160359,16,1,42,1496.62,463182.68,70.0,1
1,1,2,15,0,2,1,1,110138,11,0,14,524.68,158061.44,70.0,3
1,1,9,55,1,3,1,0,90364,9,1,43,1908.91,578538.26,76.0,1
1,1,9,55,1,3,1,0,30451,3,0,52,1361.9,489316.52,76.0,2
1,1,9,55,1,3,1,0,150117,15,0,16,1692.61,540022.29,76.0,1
0,0,9,46,0,4,0,0,80457,8,0,54,1699.02,503618.69,57.0,0
0,0,9,46,0,4,0,0,200121,20,0,16,645.44,175483.91,57.0,0
0,0,9,46,0,4,0,0,30035,3,0,4,719.96,218108.35,57.0,0
0,0,9,46,0,4,0,0,140196,14,1,22,1148.66,333341.2,57.0,0
1,0,9,55,1,3,0,0,50314,5,0,41,630.83,168855.2,56.0,2
1,0,9,55,1,3,0,0,170010,17,0,1,530.28,171074.17,56.0,3
1,0,9,55,1,3,0,0,110199,11,0,23,1098.83,322054.98,56.0,3
1,0,9,43,0,2,1,2,140102,14,0,12,459.44,101076.8,56.0,3
1,0,9,43,0,2,1,2,80342,8,0,39,1290.89,446169.39,56.0,1
1,0,9,43,0,2,1,2,20430,2,0,49,1617.9,507869.0,56.0,1
1,0,9,43,0,2,1,2,200007,20,0,1,1898.39,574257.04,56.0,1
1,1,9,55,0,3,0,2,30427,3,0,49,1174.48,376083.68,56.0,2
1,1,9,55,0,3,0,2,150092,15,0,14,1832.17,574884.08,56.0,1
1,1,9,55,0,3,0,2,200498,20,0,58,1208.52,387163.37,56.0,3
1,1,9,55,0,3,0,2,90339,9,0,40,1090.32,312165.81,56.0,2
1,1,9,55,0,5,0,2,110081,11,0,10,1519.64,570302.17,59.0,1
1,1,9,55,0,5,0,2,50186,5,1,23,1006.65,311141.43,59.0,2
1,1,9,55,0,5,0,2,160305,16,0,35,629.97,182607.12,59.0,3
1,0,9,18,0,2,0,2,180136,18,0,18,1127.95,291840.57,48.0,3
1,0,9,18,0,2,0,2,120213,12,0,24,1306.75,350796.84,48.0,1
1,0,9,18,0,2,0,2,60420,6,1,51,1476.63,522271.82,48.0,1
1,1,9,31,0,3,1,2,70202,7,0,23,1222.69,341957.18,56.0,2
1,1,9,31,0,3,1,2,10223,1,0,26,828.98,257018.21,56.0,2
1,1,9,31,0,3,1,2,180389,18,0,44,1334.77,399778.78,56.0,1
1,1,9,31,0,3,1,2,130045,13,0,4,1629.74,554713.49,56.0,1
1,0,5,8,0,3,0,1,170254,17,1,29,594.46,181678.15,38.0,3
1,0,5,8,0,3,0,1,110449,11,0,52,1397.58,325562.57,38.0,1
1,0,5,8,0,3,0,1,60102,6,0,8,986.97,270860.88,38.0,2
1,0,9,7,0,1,0,2,110114,11,0,13,474.93,134382.93,56.0,3
1,0,9,7,0,1,0,2,50233,5,0,31,1008.52,317877.17,56.0,2
1,0,9,7,0,1,0,2,160337,16,0,41,1001.72,286678.7,56.0,3
1,0,8,4,0,4,0,0,50185,5,0,23,1006.65,334696.9,56.0,2
1,0,8,4,0,4,0,0,110076,11,0,9,904.49,288226.7,56.0,3
1,0,8,4,0,4,0,0,160304,16,1,35,629.97,190181.08,56.0,3
0,1,9,55,0,2,0,2,10049,1,0,6,740.75,200107.88,38.0,0
0,1,9,55,0,2,0,2,120282,12,0,30,622.2,234791.28,38.0,0
0,1,9,55,0,2,0,2,180203,18,0,26,1147.71,361077.2,38.0,0
0,1,9,55,0,2,0,2,70016,7,0,3,888.5,222286.33,38.0,0
1,0,9,18,1,4,1,0,40244,4,0,29,776.79,235315.07,76.0,2
1,0,9,18,1,4,1,0,150438,15,0,55,892.75,199337.08,76.0,3
1,0,9,18,1,4,1,0,100140,10,0,18,1244.03,306507.89,76.0,2
1,1,6,11,0,4,0,2,20366,2,0,43,1118.94,297309.76,62.0,2
1,1,6,11,0,4,0,2,140043,14,1,7,641.37,174222.31,62.0,3
1,1,6,11,0,4,0,2,80269,8,0,32,1410.88,510151.14,62.0,1
1,1,6,11,0,4,0,2,190372,19,0,42,1137.59,349796.52,62.0,3
1,0,9,55,1,1,0,2,200179,20,0,19,759.72,290649.55,56.0,3
1,0,9,55,1,1,0,2,90020,9,0,4,1139.87,274381.78,56.0,2
1,0,9,55,1,1,0,2,30107,3,0,10,784.09,240031.71,56.0,2
1,0,9,55,1,1,0,2,140252,14,0,29,1618.34,476326.35,56.0,1
1,1,9,20,0,4,1,2,30488,3,1,57,1607.94,532909.35,56.0,1
1,1,9,20,0,4,1,2,90403,9,0,50,1938.15,599421.75,56.0,1
1,1,9,20,0,4,1,2,150157,15,0,20,1662.01,557939.4,56.0,1
1,0,9,31,0,1,1,2,80018,8,0,2,1097.36,325789.31,56.0,2
1,0,9,31,0,1,1,2,130410,13,0,46,1098.38,339242.23,56.0,3
1,0,9,31,0,1,1,2,20141,2,1,17,1397.4,474237.35,56.0,2
1,0,9,31,0,1,1,2,190138,19,0,18,1599.44,488639.08,56.0,1
1,1,9,55,0,3,1,2,170390,17,0,48,1833.96,486678.57,57.0,1
1,1,9,55,0,3,1,2,60223,6,0,20,1897.17,495367.08,57.0,1
1,1,9,55,0,3,1,2,120007,12,0,1,839.95,296060.71,57.0,3
1,1,9,55,0,4,1,2,40239,4,0,29,776.79,204741.22,48.0,2
1,1,9,55,0,4,1,2,100129,10,0,17,647.35,208354.22,48.0,2
1,1,9,55,0,4,1,2,150432,15,0,54,1495.13,471331.07,48.0,1
1,0,9,55,0,4,1,0,190308,19,0,37,1565.26,481455.34,50.0,1
1,0,9,55,0,4,1,0,80195,8,0,27,1376.34,375052.48,50.0,1
1,0,9,55,0,4,1,0,20302,2,1,35,1391.68,536215.12,50.0,1
1,0,9,55,0,4,1,0,130581,13,0,67,524.97,150051.67,50.0,3
1,0,9,55,0,1,1,0,200464,20,0,52,1634.67,457871.48,56.0,1
1,0,9,55,0,1,1,0,90298,9,0,37,731.44,247204.79,56.0,2
1,0,9,55,0,1,1,0,30389,3,0,48,783.39,252997.47,56.0,2
1,0,9,55,0,1,1,0,150056,15,1,9,565.48,158297.69,56.0,3
1,0,9,3,0,5,1,1,170057,17,0,7,1300.91,347722.15,56.0,3
1,0,9,3,0,5,1,1,50363,5,0,44,806.03,218646.74,56.0,2
1,0,9,3,0,5,1,1,110244,11,0,29,993.51,279311.68,56.0,3
1,0,9,18,0,2,0,1,60329,6,0,37,1721.96,486688.21,56.0,1
1,0,9,18,0,2,0,1,180046,18,0,5,883.32,285682.29,56.0,3
1,0,9,18,0,2,0,1,120124,12,0,14,1369.96,394884.68,56.0,1
1,0,9,55,0,3,0,0,140040,14,0,7,641.37,188463.78,56.0,3
1,0,9,55,0,3,0,0,80265,8,1,32,1410.88,515392.69,56.0,1
1,0,9,55,0,3,0,0,20358,2,0,42,786.45,223924.47,56.0,2
1,0,9,55,0,3,0,0,190369,19,0,42,1137.59,321045.92,56.0,3
1,1,9,55,1,1,0,1,190353,19,1,41,1657.19,438502.98,51.0,1
1,1,9,55,1,1,0,1,140023,14,0,4,1797.81,505490.44,51.0,1
1,1,9,55,1,1,0,1,20344,2,0,41,654.93,204454.91,51.0,2
1,1,9,55,1,1,0,1,80247,8,0,31,1253.18,406291.57,51.0,1
1,0,9,3,0,1,0,0,20199,2,0,22,653.41,224133.54,56.0,2
1,0,9,3,0,1,0,0,190204,19,1,25,996.38,297272.73,56.0,3
1,0,9,3,0,1,0,0,130463,13,0,53,968.77,244847.22,56.0,3
1,0,9,3,0,1,0,0,80077,8,0,9,1869.81,623455.64,56.0,1
1,0,9,18,0,1,1,2,170199,17,0,22,1221.66,304607.07,56.0,3
1,0,9,18,0,1,1,2,60045,6,0,4,1925.28,549773.4,56.0,1
1,0,9,18,0,1,1,2,110389,11,0,45,1651.09,481857.4,56.0,1
1,1,9,1,1,2,0,0,60161,6,0,14,1890.0,598612.25,56.0,1
1,1,9,1,1,2,0,0,110508,11,0,61,1299.46,370132.95,56.0,1
1,1,9,1,1,2,0,0,170322,17,0,39,1341.67,382287.72,56.0,1
1,0,9,55,0,1,0,1,60027,6,1,3,605.21,208249.96,56.0,2
1,0,9,55,0,1,0,1,110360,11,0,42,808.59,253485.23,56.0,3
1,0,9,55,0,1,0,1,170180,17,0,20,792.27,276688.99,56.0,3
1,1,9,55,1,1,0,0,60013,6,0,1,1720.95,582011.89,34.0,1
1,1,9,55,1,1,0,0,110345,11,0,42,808.59,281759.38,34.0,3
1,1,9,55,1,1,0,0,170166,17,0,17,1827.25,577003.83,34.0,1
1,1,9,55,1,1,1,1,60281,6,0,31,1768.9,503303.34,49.0,1
1,1,9,55,1,1,1,1,170444,17,1,51,1375.52,518981.38,49.0,1
1,1,9,55,1,1,1,1,120069,12,0,8,1803.36,532123.09,49.0,1
1,1,9,55,0,1,1,2,140357,14,0,43,520.49,158596.58,84.0,3
1,1,9,55,0,1,1,2,90122,9,0,18,860.97,220007.41,84.0,2
1,1,9,55,0,1,1,2,30210,3,0,23,924.21,286172.72,84.0,2
1,1,9,55,0,1,1,2,200286,20,0,32,1630.81,479050.0,84.0,1
1,1,0,44,0,1,0,0,150446,15,0,55,892.75,273200.87,76.0,3
1,1,0,44,0,1,0,0,100152,10,0,19,948.04,263713.04,76.0,2
1,1,0,44,0,1,0,0,40252,4,0,30,1307.35,409647.06,76.0,2
1,0,9,29,0,4,0,2,30130,3,0,12,657.47,182618.24,56.0,2
1,0,9,29,0,4,0,2,140276,14,0,32,1120.81,406491.67,56.0,1
1,0,9,29,0,4,0,2,90041,9,0,8,1315.55,369604.6,56.0,1
1,0,9,29,0,4,0,2,200202,20,0,24,1188.07,394828.55,56.0,3
1,1,8,4,0,1,0,2,150313,15,0,35,745.49,241648.03,56.0,3
1,1,8,4,0,1,0,2,100014,10,1,3,1197.61,394120.88,56.0,1
1,1,8,4,0,1,0,2,40116,4,0,14,1322.66,375564.29,56.0,2
1,1,9,18,0,5,0,2,80109,8,0,14,685.93,238726.2,49.0,2
1,1,9,18,0,5,0,2,190235,19,0,28,1599.78,566395.41,49.0,1
1,1,9,18,0,5,0,2,20227,2,0,25,943.48,299860.84,49.0,2
1,1,9,18,0,5,0,2,130499,13,0,58,1115.72,389307.28,49.0,1
1,1,4,10,0,2,0,2,140105,14,0,12,459.44,139857.47,56.0,3
1,1,4,10,0,2,0,2,20434,2,0,50,1604.8,507541.5,56.0,1
1,1,4,10,0,2,0,2,80345,8,1,39,1290.89,381192.56,56.0,1
1,1,4,10,0,2,0,2,200010,20,0,1,1898.39,467528.98,56.0,1
1,0,9,3,0,5,0,1,140085,14,0,11,1431.42,429156.03,56.0,1
1,0,9,3,0,5,0,1,20411,2,0,47,708.32,220615.2,56.0,2
1,0,9,3,0,5,0,1,190420,19,0,48,851.11,266270.58,56.0,3
1,0,9,3,0,5,0,1,80323,8,1,37,890.65,284007.79,56.0,2
1,1,9,46,0,2,0,2,20374,2,1,45,782.2,246500.19,65.0,2
1,1,9,46,0,2,0,2,140051,14,0,8,618.89,190875.59,65.0,3
1,1,9,46,0,2,0,2,80277,8,1,33,1809.87,540572.8,65.0,1
1,1,9,46,0,2,0,2,190378,19,0,43,1697.72,550601.55,65.0,1
1,0,9,31,0,2,0,0,60431,6,0,51,1476.63,443662.17,56.0,1
1,0,9,31,0,2,0,0,120223,12,0,24,1306.75,358023.39,56.0,1
1,0,9,31,0,2,0,0,180144,18,0,19,1268.1,374750.52,56.0,3
0,1,6,12,0,2,1,2,110032,11,0,4,1414.25,499833.64,56.0,0
0,1,6,12,0,2,1,2,160259,16,1,31,1336.97,385027.41,56.0,0
0,1,6,12,0,2,1,2,50147,5,0,19,819.72,230776.08,56.0,0
1,1,9,55,1,3,0,2,90530,9,0,62,1263.44,419687.28,56.0,1
1,1,9,55,1,3,0,2,40098,4,0,13,809.06,228891.79,56.0,2
1,1,9,55,1,3,0,2,150295,15,0,35,745.49,258549.13,56.0,3
1,1,9,55,0,1,1,0,180352,18,0,40,990.46,286888.5,56.0,3
1,1,9,55,0,1,1,0,70170,7,0,19,751.07,200514.16,56.0,2
1,1,9,55,0,1,1,0,10194,1,0,23,1201.5,355666.94,56.0,2
1,1,9,55,0,1,1,0,130009,13,0,1,1899.92,585383.34,56.0,1
1,1,9,55,1,5,1,2,110414,11,0,49,1095.85,332452.89,86.0,3
1,1,9,55,1,5,1,2,60067,6,0,6,951.22,311096.8,86.0,2
1,1,9,55,1,5,1,2,170219,17,0,26,929.59,257546.1,86.0,3
1,0,9,18,0,5,1,2,60424,6,0,51,1476.63,402848.9,35.0,1
1,0,9,18,0,5,1,2,180138,18,0,18,1127.95,374318.33,35.0,3
1,0,9,18,0,5,1,2,120217,12,0,24,1306.75,372873.56,35.0,1
1,0,9,18,0,2,0,0,20200,2,0,22,653.41,212072.03,81.0,2
1,0,9,18,0,2,0,0,130464,13,0,53,968.77,277313.63,81.0,3
1,0,9,18,0,2,0,0,80078,8,0,9,1869.81,530985.4,81.0,1
1,0,9,18,0,2,0,0,190205,19,0,25,996.38,305412.4,81.0,3
1,0,9,49,0,5,0,2,40022,4,0,3,1630.82,426620.64,56.0,2
1,0,9,49,0,5,0,2,90450,9,0,56,1516.4,397503.1,56.0,1
1,0,9,49,0,5,0,2,150207,15,0,24,924.36,243788.12,56.0,3
1,1,9,18,1,5,0,2,200281,20,0,31,1414.44,379009.7,56.0,3
1,1,9,18,1,5,0,2,140352,14,0,43,520.49,145055.82,56.0,3
1,1,9,18,1,5,0,2,90116,9,0,17,1481.32,443365.72,56.0,1
1,1,9,18,1,5,0,2,30204,3,0,22,1165.89,400605.15,56.0,2
1,0,9,20,0,3,0,2,100173,10,1,23,912.32,255006.99,84.0,3
1,0,9,20,0,3,0,2,40273,4,1,32,1328.09,425602.22,84.0,2
1,0,9,20,0,3,0,2,150469,15,0,56,939.93,294230.82,84.0,3
1,0,2,35,0,4,1,2,190080,19,0,12,1163.99,351508.85,56.0,3
1,0,2,35,0,4,1,2,130345,13,0,38,656.42,196835.54,56.0,3
1,0,2,35,0,4,1,2,70483,7,0,56,1589.6,517811.18,56.0,1
1,0,2,35,0,4,1,2,20085,2,0,10,788.79,234972.82,56.0,2
1,1,9,46,0,3,0,2,150384,15,0,48,1403.33,467931.57,41.0,1
1,1,9,46,0,3,0,2,100078,10,0,9,1849.4,547111.08,41.0,1
1,1,9,46,0,3,0,2,40185,4,0,23,1110.99,318695.18,41.0,2
1,0,9,31,1,1,0,0,60175,6,0,16,1687.92,583294.59,56.0,1
1,0,9,31,1,1,0,0,110528,11,0,62,1938.82,537168.96,56.0,1
1,0,9,31,1,1,0,0,170340,17,1,42,691.03,228875.86,56.0,3
1,0,9,55,1,5,0,2,90510,9,0,58,838.34,226861.2,85.0,2
1,0,9,55,1,5,0,2,40077,4,0,10,1614.62,500013.28,85.0,1
1,0,9,55,1,5,0,2,150270,15,0,31,1901.65,487419.68,85.0,1
1,1,9,7,0,4,1,2,130588,13,0,68,1590.69,446439.12,70.0,1
1,1,9,7,0,4,1,2,20310,2,0,36,641.72,175163.42,70.0,2
1,1,9,7,0,4,1,2,80207,8,0,28,1431.61,341892.98,70.0,1
1,1,9,7,0,4,1,2,190317,19,0,38,1106.86,311159.57,70.0,3
1,0,9,46,0,1,1,0,100339,10,1,41,1750.64,543773.78,56.0,1
1,0,9,46,0,1,1,0,50019,5,0,4,799.1,208960.43,56.0,2
1,0,9,46,0,1,1,0,160122,16,0,13,500.49,142238.05,56.0,3
1,0,9,43,0,1,1,0,180297,18,0,36,1089.77,296702.8,56.0,3
1,0,9,43,0,1,1,0,70118,7,0,15,602.92,197392.19,56.0,2
1,0,9,43,0,1,1,0,10143,1,0,18,716.85,234207.26,56.0,2
1,0,9,43,0,1,1,0,120378,12,0,41,938.23,279698.29,56.0,3
1,1,6,27,0,2,1,2,40170,4,0,21,801.66,234238.08,51.0,2
1,1,6,27,0,2,1,2,150371,15,0,47,1358.77,416396.32,51.0,1
1,1,6,27,0,2,1,2,100065,10,0,9,1849.4,630342.5,51.0,1
1,1,9,1,0,2,1,2,110074,11,0,8,1001.41,315005.02,36.0,3
1,1,9,1,0,2,1,2,160301,16,1,35,629.97,205003.87,36.0,3
1,1,9,1,0,2,1,2,50183,5,0,23,1006.65,317911.69,36.0,2
1,1,9,20,1,2,1,2,50100,5,0,12,787.5,208063.37,56.0,2
1,1,9,20,1,2,1,2,100413,10,0,50,1138.32,373299.4,56.0,1
1,1,9,20,1,2,1,2,160201,16,1,25,853.37,230136.01,56.0,3
1,1,9,3,0,1,1,2,50448,5,0,52,1755.18,499350.78,56.0,1
1,1,9,3,0,1,1,2,170148,17,0,16,1693.0,476221.14,56.0,1
1,1,9,3,0,1,1,2,110330,11,1,39,1816.63,460780.85,56.0,1
1,1,9,18,1,5,0,2,20058,2,0,7,733.14,234998.1,56.0,2
1,1,9,18,1,5,0,2,190052,19,0,8,974.77,297376.84,56.0,3
1,1,9,18,1,5,0,2,70451,7,0,54,1940.69,521044.57,56.0,1
1,1,9,18,1,5,0,2,130313,13,0,34,1557.0,377174.02,56.0,1
1,0,5,23,0,3,1,2,120306,12,0,34,1817.64,523608.94,53.0,1
1,0,5,23,0,3,1,2,180230,18,0,29,578.36,180205.66,53.0,3
1,0,5,23,0,3,1,2,10079,1,1,10,1439.52,532913.83,53.0,2
1,0,5,23,0,3,1,2,70053,7,0,9,926.11,289279.39,53.0,2
1,0,9,55,0,4,0,2,100304,10,1,36,1920.65,580992.98,56.0,1
1,0,9,55,0,4,0,2,40426,4,1,49,739.7,228542.89,56.0,2
1,0,9,55,0,4,0,2,160087,16,0,10,1608.56,457443.89,56.0,1
1,1,9,18,0,5,0,0,90493,9,0,58,838.34,242722.37,56.0,2
1,1,9,18,0,5,0,0,40063,4,0,6,1602.95,557611.23,56.0,1
1,1,9,18,0,5,0,0,150255,15,0,30,1523.22,367291.58,56.0,1
1,0,8,38,0,1,0,2,200150,20,0,18,1868.01,521163.23,66.0,1
1,0,8,38,0,1,0,2,140226,14,0,24,1205.25,390537.99,66.0,1
1,0,8,38,0,1,0,2,80487,8,0,56,1874.7,575615.86,66.0,1
1,0,8,38,0,1,0,2,30073,3,0,7,744.01,202450.21,66.0,2
1,1,9,55,0,4,0,0,200216,20,0,26,1941.62,704808.48,56.0,1
1,1,9,55,0,4,0,0,90061,9,0,11,559.6,168433.25,56.0,2
1,1,9,55,0,4,0,0,140293,14,0,33,1894.96,520074.64,56.0,1
1,1,9,55,0,4,0,0,30147,3,0,15,1230.25,373566.16,56.0,2
1,0,9,20,1,5,1,2,160382,16,0,44,1695.03,496232.48,37.0,1
1,0,9,20,1,5,1,2,110179,11,1,19,1083.98,439922.56,37.0,1
1,0,9,20,1,5,1,2,50290,5,0,38,1283.87,379665.9,37.0,2
1,1,9,55,0,5,1,2,40286,4,0,33,734.73,207033.36,80.0,2
1,1,9,55,0,5,1,2,100183,10,0,25,1487.17,348131.23,80.0,1
1,1,9,55,0,5,1,2,150478,15,1,57,429.34,140270.18,80.0,3
1,1,9,7,0,3,1,1,90522,9,0,59,1697.13,450186.35,71.0,1
1,1,9,7,0,3,1,1,150283,15,0,34,1304.22,444680.77,71.0,1
1,1,9,7,0,3,1,1,40089,4,0,12,789.38,212764.22,71.0,2
1,0,0,44,0,1,0,2,140336,14,0,40,532.44,151228.65,56.0,3
1,0,0,44,0,1,0,2,90101,9,0,16,924.6,248353.36,56.0,2
1,0,0,44,0,1,0,2,30187,3,0,20,802.97,271251.53,56.0,2
1,0,0,44,0,1,0,2,200263,20,1,30,1703.94,538035.23,56.0,1
1,1,6,11,1,4,0,0,100358,10,1,43,1093.67,324856.86,56.0,3
1,1,6,11,1,4,0,0,50039,5,0,8,782.15,258168.24,56.0,2
1,1,6,11,1,4,0,0,160138,16,0,17,836.32,265976.26,56.0,3
1,0,9,55,0,3,0,0,100086,10,0,11,1675.44,521136.09,42.0,1
1,0,9,55,0,3,0,0,150392,15,0,50,1841.5,524955.14,42.0,1
1,0,9,55,0,3,0,0,40198,4,1,25,1310.16,357740.08,42.0,2
1,1,9,46,0,3,1,0,40132,4,0,15,760.39,201059.89,56.0,2
1,1,9,46,0,3,1,0,100033,10,0,4,1765.37,542510.83,56.0,1
1,1,9,46,0,3,1,0,150335,15,0,39,1713.42,580190.12,56.0,1
1,0,5,23,0,5,0,0,90440,9,0,56,1516.4,453127.52,56.0,1
1,0,5,23,0,5,0,0,150197,15,0,23,1279.23,380519.67,56.0,1
1,0,5,23,0,5,0,0,40017,4,0,2,1620.07,452617.95,56.0,1
1,1,9,42,0,2,0,0,200297,20,0,33,630.53,148065.52,59.0,3
1,1,9,42,0,2,0,0,90136,9,0,21,1261.65,393101.99,59.0,1
1,1,9,42,0,2,0,0,30218,3,1,25,765.56,249123.19,59.0,2
1,1,9,42,0,2,0,0,140366,14,0,44,840.77,257084.92,59.0,3
1,0,9,43,0,3,0,0,100104,10,0,14,1318.01,335251.84,64.0,1
1,0,9,43,0,3,0,0,40217,4,0,26,790.05,248127.36,64.0,2
1,0,9,43,0,3,0,0,150410,15,0,52,829.2,246505.73,64.0,3
1,1,9,55,1,2,0,2,30242,3,0,27,1117.14,332759.79,71.0,2
1,1,9,55,1,2,0,2,140385,14,0,47,917.53,246896.31,71.0,3
1,1,9,55,1,2,0,2,200315,20,0,34,858.93,284307.13,71.0,3
1,1,9,55,1,2,0,2,90154,9,0,24,914.61,333845.6,71.0,2
1,1,8,25,0,1,0,2,110464,11,0,54,802.65,232180.63,72.0,3
1,1,8,25,0,1,0,2,170274,17,0,33,1532.89,467335.84,72.0,1
1,1,8,25,0,1,0,2,60121,6,1,10,942.08,305183.98,72.0,2
1,0,6,12,0,3,0,2,140139,14,0,15,784.04,190003.85,56.0,3
1,0,6,12,0,3,0,2,200054,20,1,6,1401.0,445987.2,56.0,1
1,0,6,12,0,3,0,2,80383,8,0,46,1175.51,379740.64,56.0,2
1,0,6,12,0,3,0,2,20471,2,1,55,579.26,162668.39,56.0,2
1,0,9,6,1,3,0,0,120120,12,0,14,1369.96,445754.21,56.0,1
1,0,9,6,1,3,0,0,60324,6,0,36,463.91,150110.49,56.0,2
1,0,9,6,1,3,0,0,180038,18,0,4,1096.58,288304.74,56.0,3
1,1,9,42,1,2,0,0,30115,3,1,10,784.09,237286.38,44.0,2
1,1,9,42,1,2,0,0,140258,14,0,29,1618.34,441652.41,44.0,1
1,1,9,42,1,2,0,0,90026,9,0,6,1821.59,537661.98,44.0,1
1,1,9,42,1,2,0,0,200184,20,0,19,759.72,250848.47,44.0,3
1,1,9,29,0,1,0,0,60423,6,0,51,1476.63,491669.54,56.0,1
1,1,9,29,0,1,0,0,120215,12,0,24,1306.75,404553.77,56.0,1
1,1,9,29,0,1,0,0,180137,18,0,18,1127.95,351114.27,56.0,3
1,1,9,55,1,4,1,2,150374,15,0,47,1358.77,362372.68,56.0,1
1,1,9,55,1,4,1,2,100069,10,0,9,1849.4,557229.76,56.0,1
1,1,9,55,1,4,1,2,40172,4,0,21,801.66,231625.87,56.0,2
1,0,8,4,1,4,0,0,120324,12,0,35,1690.62,482594.96,69.0,1
1,0,8,4,1,4,0,0,70071,7,0,10,1495.37,469669.56,69.0,1
1,0,8,4,1,4,0,0,10097,1,0,13,719.47,205329.68,69.0,2
1,0,8,4,1,4,0,0,180245,18,0,30,1795.66,437201.32,69.0,1
0,1,7,26,0,4,1,0,60265,6,0,28,1723.12,455284.06,51.0,0
0,1,7,26,0,4,1,0,120053,12,0,5,495.04,137406.32,51.0,0
0,1,7,26,0,4,1,0,170431,17,0,50,1392.01,413894.32,51.0,0
1,0,9,31,1,5,1,2,180094,18,0,13,537.4,159539.68,33.0,3
1,0,9,31,1,5,1,2,120169,12,0,19,1381.22,388642.3,33.0,1
1,0,9,31,1,5,1,2,60366,6,0,41,940.72,281317.87,33.0,2
1,0,9,3,1,4,0,0,90205,9,1,30,1250.17,401575.56,75.0,1
1,0,9,3,1,4,0,0,200371,20,0,40,428.03,125080.47,75.0,3
1,0,9,3,1,4,0,0,140434,14,0,51,1346.3,413563.21,75.0,1
1,0,9,3,1,4,0,0,30301,3,0,36,733.45,204902.86,75.0,2
1,0,4,10,0,4,0,0,190328,19,0,39,1237.04,415660.09,56.0,3
1,0,4,10,0,4,0,0,130600,13,1,70,750.41,228107.58,56.0,3
1,0,4,10,0,4,0,0,80218,8,0,29,1848.51,498074.48,56.0,1
1,0,4,10,0,4,0,0,20321,2,0,38,710.81,216079.0,56.0,2
1,0,0,36,1,1,0,1,150459,15,0,56,939.93,259840.79,56.0,3
1,0,0,36,1,1,0,1,40267,4,0,31,793.1,246750.84,56.0,2
1,0,0,36,1,1,0,1,100165,10,0,21,1251.45,291083.4,56.0,2
1,1,9,3,0,1,1,2,30256,3,1,28,679.93,274806.6,70.0,2
1,1,9,3,0,1,1,2,140396,14,0,47,917.53,288108.07,70.0,3
1,1,9,3,0,1,1,2,90167,9,0,26,1038.39,312442.45,70.0,2
1,1,9,3,0,1,1,2,200330,20,0,36,1484.99,464470.15,70.0,1
1,1,9,3,0,3,0,2,190118,19,0,16,1711.98,602057.55,42.0,1
1,1,9,3,0,3,0,2,20124,2,0,15,1603.33,452266.31,42.0,2
1,1,9,3,0,3,0,2,130387,13,0,43,1875.83,510253.9,42.0,1
1,1,9,3,0,3,0,2,80001,8,0,1,1109.29,313855.45,42.0,2
1,1,9,43,0,4,1,0,150480,15,0,57,429.34,124270.9,56.0,3
1,1,9,43,0,4,1,0,40288,4,0,33,734.73,217334.75,56.0,2
1,1,9,43,0,4,1,0,100185,10,0,25,1487.17,460665.54,56.0,1
1,0,9,43,0,1,1,2,140171,14,0,17,686.6,219459.84,56.0,3
1,0,9,43,0,1,1,2,200087,20,1,12,856.15,273895.07,56.0,3
1,0,9,43,0,1,1,2,80425,8,0,49,1081.0,266060.18,56.0,2
1,0,9,43,0,1,1,2,30008,3,0,1,689.75,199928.99,56.0,2
1,0,2,0,0,3,1,1,170275,17,1,33,1532.89,471065.82,63.0,1
1,0,2,0,0,3,1,1,110467,11,0,55,1713.32,495437.61,63.0,1
1,0,2,0,0,3,1,1,60122,6,0,10,942.08,250769.15,63.0,2
1,1,9,18,0,1,1,0,100322,10,0,38,476.64,128340.87,56.0,3
1,1,9,18,0,1,1,0,50005,5,0,2,795.91,256829.42,56.0,2
1,1,9,18,0,1,1,0,160106,16,0,11,1288.42,356627.2,56.0,3
1,1,9,31,1,2,0,2,110339,11,0,42,808.59,278521.93,56.0,3
1,1,9,31,1,2,0,2,60005,6,0,1,1720.95,492551.34,56.0,1
1,1,9,31,1,2,0,2,170156,17,0,17,1827.25,442174.78,56.0,1
1,1,9,31,0,1,1,2,170232,17,1,27,677.24,202422.0,56.0,3
1,1,9,31,0,1,1,2,60082,6,0,7,1075.42,334313.56,56.0,2
1,1,9,31,0,1,1,2,110426,11,0,50,948.72,268667.27,56.0,3
1,0,9,49,0,2,1,2,130038,13,0,3,979.64,327860.05,66.0,3
1,0,9,49,0,2,1,2,180380,18,1,42,1045.42,357661.01,66.0,3
1,0,9,49,0,2,1,2,70195,7,0,22,1914.21,606086.6,66.0,1
1,0,9,49,0,2,1,2,10216,1,0,25,1154.92,339799.9,66.0,2
1,0,9,55,0,3,0,0,140278,14,0,33,1894.96,566261.62,56.0,1
1,0,9,55,0,3,0,0,30133,3,0,12,657.47,199816.53,56.0,2
1,0,9,55,0,3,0,0,200204,20,0,24,1188.07,274417.91,56.0,3
1,0,9,55,0,3,0,0,90044,9,0,8,1315.55,413870.18,56.0,1
1,0,9,20,0,2,0,1,150045,15,0,7,1113.85,339062.68,56.0,3
1,0,9,20,0,2,0,1,90286,9,0,36,1582.79,521648.24,56.0,1
1,0,9,20,0,2,0,1,200451,20,0,51,1062.33,334718.74,56.0,3
1,0,9,20,0,2,0,1,30378,3,0,46,1599.81,561232.25,56.0,1
1,0,2,0,0,3,1,0,110147,11,0,15,1385.68,453949.46,56.0,1
1,0,2,0,0,3,1,0,160364,16,0,42,1496.62,387052.7,56.0,1
1,0,2,0,0,3,1,0,50263,5,0,35,605.55,223340.65,56.0,2
1,1,9,55,1,3,0,1,60414,6,0,50,1579.99,443496.6,56.0,1
1,1,9,55,1,3,0,1,180132,18,1,17,1195.81,414448.26,56.0,1
1,1,9,55,1,3,0,1,120209,12,0,23,1094.46,329829.37,56.0,3
1,0,9,3,0,3,0,0,200360,20,0,39,1106.36,347422.89,56.0,3
1,0,9,3,0,3,0,0,90199,9,0,29,1426.22,411141.04,56.0,1
1,0,9,3,0,3,0,0,140428,14,0,51,1346.3,444521.07,56.0,1
1,0,9,3,0,3,0,0,30294,3,1,36,733.45,223416.12,56.0,2
1,1,7,26,0,1,0,2,180560,18,0,66,1631.24,548635.7,56.0,1
1,1,7,26,0,1,0,2,10404,1,0,46,1153.16,350443.7,56.0,2
1,1,7,26,0,1,0,2,70381,7,0,43,498.61,149860.49,56.0,2
1,1,7,26,0,1,0,2,130230,13,0,27,885.68,265285.7,56.0,3
1,1,1,5,0,5,0,2,120384,12,0,44,635.36,222895.04,62.0,3
1,1,1,5,0,5,0,2,10157,1,0,20,1146.24,325612.79,62.0,2
1,1,1,5,0,5,0,2,180307,18,0,36,1089.77,323499.11,62.0,3
1,1,1,5,0,5,0,2,70125,7,0,15,602.92,165907.49,62.0,2
0,1,5,34,0,2,0,0,130252,13,0,29,568.7,186326.2,66.0,0
0,1,5,34,0,2,0,0,20004,2,0,1,706.3,233124.97,66.0,0
0,1,5,34,0,2,0,0,180581,18,0,67,1664.17,516162.59,66.0,0
0,1,5,34,0,2,0,0,70401,7,0,47,1033.08,312842.27,66.0,0
1,1,1,48,0,4,0,0,180462,18,1,52,1424.54,496697.45,56.0,1
1,1,1,48,0,4,0,0,10300,1,0,31,619.78,185780.26,56.0,2
1,1,1,48,0,4,0,0,70284,7,0,34,1487.05,378580.53,56.0,1
1,1,1,48,0,4,0,0,130128,13,0,15,458.29,145782.57,56.0,3
1,1,9,43,1,5,1,2,40109,4,0,14,1322.66,381470.55,56.0,2
1,1,9,43,1,5,1,2,150306,15,0,35,745.49,223449.53,56.0,3
1,1,9,43,1,5,1,2,100005,10,0,1,1006.89,289076.11,56.0,2
1,1,9,18,0,3,1,2,180258,18,0,30,1795.66,550595.85,56.0,1
1,1,9,18,0,3,1,2,10109,1,0,14,1181.69,375616.46,56.0,2
1,1,9,18,0,3,1,2,70085,7,0,12,804.65,210426.14,56.0,2
1,1,9,18,0,3,1,2,120340,12,0,37,1681.78,486871.86,56.0,1
1,1,9,55,0,1,0,0,110121,11,0,13,474.93,149499.39,56.0,3
1,1,9,55,0,1,0,0,50245,5,0,32,1051.39,294558.36,56.0,2
1,1,9,55,0,1,0,0,160344,16,0,41,1001.72,329442.1,56.0,3
1,1,2,45,0,1,0,2,40085,4,0,11,802.79,235196.88,56.0,2
1,1,2,45,0,1,0,2,90516,9,0,59,1697.13,540584.92,56.0,1
1,1,2,45,0,1,0,2,150277,15,0,34,1304.22,380745.79,56.0,1
1,0,0,39,0,4,0,2,40234,4,0,28,1070.72,349761.45,32.0,2
1,0,0,39,0,4,0,2,100122,10,0,15,1948.32,516476.18,32.0,1
1,0,0,39,0,4,0,2,150427,15,0,53,696.04,203666.47,32.0,3
1,0,9,55,0,1,1,1,180572,18,1,66,1631.24,522844.12,58.0,1
1,0,9,55,0,1,1,1,130242,13,0,28,1173.72,330077.14,58.0,3
1,0,9,55,0,1,1,1,70390,7,0,44,1859.83,531593.91,58.0,1
1,0,9,55,0,1,1,1,10417,1,0,48,1170.93,372450.2,58.0,2
1,1,9,20,0,5,1,2,130275,13,0,32,1114.07,342505.69,49.0,3
1,1,9,20,0,5,1,2,70416,7,1,49,1383.05,432256.61,49.0,1
1,1,9,20,0,5,1,2,20021,2,1,3,645.84,229427.6,49.0,2
1,1,9,20,0,5,1,2,190012,19,0,3,1468.68,441268.43,49.0,1
0,1,9,55,0,4,1,2,50070,5,0,10,629.27,201409.8,56.0,0
0,1,9,55,0,4,1,2,160168,16,0,21,837.95,247793.15,56.0,0
0,1,9,55,0,4,1,2,100385,10,0,44,1224.71,435943.19,56.0,0
1,1,9,18,1,3,1,2,160218,16,0,27,1164.55,377256.14,44.0,3
1,1,9,18,1,3,1,2,50112,5,0,14,624.96,196161.06,44.0,2
1,1,9,18,1,3,1,2,100424,10,1,50,1138.32,388182.22,44.0,1
1,0,9,42,1,2,0,1,180428,18,0,48,564.59,146766.78,56.0,3
1,0,9,42,1,2,0,1,130092,13,0,11,1678.3,523652.47,56.0,1
1,0,9,42,1,2,0,1,10266,1,1,29,757.2,291390.39,56.0,2
1,0,9,42,1,2,0,1,70246,7,0,27,768.05,200961.24,56.0,2
1,0,9,55,0,3,0,2,170320,17,0,39,1341.67,367529.08,34.0,3
1,0,9,55,0,3,0,2,110506,11,0,60,1295.04,356105.59,34.0,1
1,0,9,55,0,3,0,2,60159,6,0,13,581.47,149191.06,34.0,2
1,1,9,3,0,3,1,0,100356,10,0,43,1093.67,331504.2,56.0,3
1,1,9,3,0,3,1,0,50036,5,0,8,782.15,250548.46,56.0,2
1,1,9,3,0,3,1,0,160136,16,0,16,1451.17,472546.53,56.0,1
1,0,9,55,0,1,1,0,160295,16,0,35,629.97,185697.91,56.0,3
1,0,9,55,0,1,1,0,110069,11,0,8,1001.41,294707.51,56.0,3
1,0,9,55,0,1,1,0,50180,5,1,23,1006.65,286546.53,56.0,2
1,0,6,16,0,5,1,2,70149,7,1,18,703.28,202165.96,56.0,2
1,0,6,16,0,5,1,2,180328,18,0,38,1219.8,300710.22,56.0,3
1,0,6,16,0,5,1,2,10173,1,0,22,740.83,235996.49,56.0,2
1,0,6,16,0,5,1,2,120404,12,0,47,1528.05,410756.82,56.0,1
0,1,8,38,1,2,1,2,170129,17,0,15,1365.73,401356.84,56.0,0
0,1,8,38,1,2,1,2,110312,11,0,38,788.47,229444.3,56.0,0
0,1,8,38,1,2,1,2,50427,5,0,49,795.75,228567.85,56.0,0
1,1,9,31,0,1,1,2,40270,4,0,31,793.1,255651.88,56.0,2
1,1,9,31,0,1,1,2,100168,10,0,22,1116.68,394144.56,56.0,1
1,1,9,31,0,1,1,2,150465,15,0,56,939.93,288907.22,56.0,3
1,0,9,1,0,1,0,2,130560,13,0,65,612.66,210701.37,56.0,3
1,0,9,1,0,1,0,2,80169,8,0,22,1495.57,436572.8,56.0,1
1,0,9,1,0,1,0,2,190288,19,0,33,1454.84,418163.55,56.0,1
1,0,9,1,0,1,0,2,20279,2,0,33,931.4,305773.57,56.0,2
1,0,9,55,0,1,0,1,40054,4,0,5,786.98,206258.47,41.0,2
1,0,9,55,0,1,0,1,90482,9,0,58,838.34,240394.52,41.0,2
1,0,9,55,0,1,0,1,150243,15,1,29,1748.18,568008.79,41.0,1
1,0,9,55,0,4,0,2,70277,7,0,32,1910.67,625903.82,83.0,1
1,0,9,55,0,4,0,2,180455,18,0,51,1527.31,502181.85,83.0,1
1,0,9,55,0,4,0,2,10292,1,0,31,619.78,198448.41,83.0,2
1,0,9,55,0,4,0,2,130120,13,0,14,777.75,232415.12,83.0,3
1,1,9,46,0,5,0,0,40125,4,0,14,1322.66,406088.42,75.0,2
1,1,9,46,0,5,0,0,150321,15,0,37,763.09,254595.83,75.0,3
1,1,9,46,0,5,0,0,100025,10,0,4,1765.37,581087.19,75.0,1
1,0,9,31,1,5,1,2,80203,8,0,28,1431.61,386241.87,50.0,1
1,0,9,31,1,5,1,2,190312,19,0,37,1565.26,531100.09,50.0,1
1,0,9,31,1,5,1,2,20307,2,0,36,641.72,174905.89,50.0,2
1,0,9,31,1,5,1,2,130585,13,0,67,524.97,179942.16,50.0,3
1,1,9,31,0,3,0,0,110545,11,1,63,871.7,320938.27,85.0,3
1,1,9,31,0,3,0,0,170357,17,1,46,1582.61,425502.86,85.0,1
1,1,9,31,0,3,0,0,60194,6,0,19,1542.71,440465.95,85.0,1
0,1,9,46,0,1,1,2,40368,4,1,44,799.67,258779.74,56.0,0
0,1,9,46,0,1,1,2,160038,16,0,5,749.15,194083.34,56.0,0
0,1,9,46,0,1,1,2,100259,10,0,31,1499.0,440625.12,56.0,0
1,0,8,4,1,1,0,2,40408,4,1,46,800.23,248776.66,56.0,2
1,0,8,4,1,1,0,2,100287,10,0,33,1010.7,309658.36,56.0,3
1,0,8,4,1,1,0,2,160067,16,0,8,986.18,280293.38,56.0,3
1,1,9,55,1,1,0,2,90397,9,0,47,1262.78,384736.43,42.0,1
1,1,9,55,1,1,0,2,150151,15,0,19,1550.36,467492.04,42.0,1
1,1,9,55,1,1,0,2,30481,3,0,56,1179.42,334406.06,42.0,2
1,0,9,3,1,5,0,0,200387,20,0,42,811.56,182390.99,80.0,3
1,0,9,3,1,5,0,0,90221,9,0,33,973.52,278475.29,80.0,2
1,0,9,3,1,5,0,0,140455,14,0,53,1493.72,507394.76,80.0,1
1,0,9,3,1,5,0,0,30315,3,0,39,1598.95,494864.22,80.0,1
1,0,9,1,0,5,0,2,140098,14,0,12,459.44,158892.76,39.0,3
1,0,9,1,0,5,0,2,80335,8,1,37,890.65,268851.49,39.0,2
1,0,9,1,0,5,0,2,200002,20,1,1,1898.39,678504.41,39.0,1
1,0,9,1,0,5,0,2,20424,2,0,48,788.44,219968.35,39.0,2
1,0,9,55,1,3,0,2,50268,5,0,36,627.56,188574.81,56.0,2
1,0,9,55,1,3,0,2,160368,16,0,42,1496.62,440294.2,56.0,1
1,0,9,55,1,3,0,2,110156,11,0,16,1829.02,581631.78,56.0,1
1,1,9,20,0,2,1,2,180151,18,0,20,1631.48,574927.34,56.0,1
1,1,9,20,0,2,1,2,60440,6,0,52,1408.23,415927.28,56.0,1
1,1,9,20,0,2,1,2,120232,12,0,24,1306.75,393046.65,56.0,1
1,1,9,31,1,3,0,2,70167,7,0,19,751.07,218479.78,56.0,2
1,1,9,31,1,3,0,2,130006,13,0,1,1899.92,502325.67,56.0,1
1,1,9,31,1,3,0,2,10191,1,0,23,1201.5,373627.99,56.0,2
1,1,9,31,1,3,0,2,180350,18,0,40,990.46,332586.48,56.0,3
1,0,9,55,1,1,0,2,20073,2,1,8,715.54,217319.81,82.0,2
1,0,9,55,1,1,0,2,70468,7,0,55,601.23,212513.83,82.0,2
1,0,9,55,1,1,0,2,130328,13,0,37,1555.67,453416.1,82.0,1
1,0,9,55,1,1,0,2,190066,19,1,10,747.71,205334.04,82.0,3
1,0,7,17,1,5,1,1,110295,11,0,36,1752.38,484226.87,56.0,1
1,0,7,17,1,5,1,1,50412,5,0,47,1241.14,390460.54,56.0,2
1,0,7,17,1,5,1,1,170114,17,0,13,916.9,311395.34,56.0,3
1,0,9,55,0,3,1,0,60087,6,1,7,1075.42,349579.55,56.0,2
1,0,9,55,0,3,1,0,170236,17,0,27,677.24,236838.98,56.0,3
1,0,9,55,0,3,1,0,110431,11,0,51,1318.98,430426.11,56.0,1
1,0,9,18,0,4,1,0,100225,10,0,28,1606.58,554352.77,56.0,1
1,0,9,18,0,4,1,0,40334,4,0,40,780.74,272122.22,56.0,2
1,0,9,18,0,4,1,0,150520,15,0,60,1033.2,288427.44,56.0,3
1,1,9,31,0,1,0,2,160164,16,0,21,837.95,266754.6,56.0,3
1,1,9,31,0,1,0,2,50066,5,0,9,793.56,224958.55,56.0,2
1,1,9,31,0,1,0,2,100379,10,0,44,1224.71,348889.77,56.0,1
1,0,9,55,0,4,1,1,170342,17,1,42,691.03,237824.52,30.0,3
1,0,9,55,0,4,1,1,110533,11,0,62,1938.82,568773.25,30.0,1
1,0,9,55,0,4,1,1,60179,6,0,16,1687.92,490784.82,30.0,1
1,1,9,6,0,1,1,2,30458,3,0,54,787.64,247736.87,50.0,2
1,1,9,6,0,1,1,2,90378,9,1,44,1351.57,476244.3,50.0,1
1,1,9,6,0,1,1,2,150125,15,0,16,1692.61,551828.54,50.0,1
1,0,9,1,1,3,0,2,60060,6,0,5,1617.43,436787.87,56.0,1
1,0,9,1,1,3,0,2,110405,11,0,48,661.7,187373.72,56.0,3
1,0,9,1,1,3,0,2,170210,17,0,23,1025.52,366080.74,56.0,3
1,0,9,3,0,2,1,0,150012,15,0,2,1522.89,448686.87,78.0,1
1,0,9,3,0,2,1,0,90253,9,0,34,1577.36,492869.13,78.0,1
1,0,9,3,0,2,1,0,200422,20,0,48,860.8,260547.09,78.0,3
1,0,9,3,0,2,1,0,30352,3,0,43,928.43,290577.04,78.0,2
1,1,9,1,0,2,1,2,150170,15,0,22,1317.29,404667.67,31.0,1
1,1,9,1,0,2,1,2,90409,9,0,52,1126.02,338497.95,31.0,2
1,1,9,1,0,2,1,2,30498,3,1,58,1588.14,365164.05,31.0,2
1,0,9,7,1,4,0,1,80198,8,0,27,1376.34,406150.37,47.0,1
1,0,9,7,1,4,0,1,20304,2,0,36,641.72,164198.69,47.0,2
1,0,9,7,1,4,0,1,130583,13,0,67,524.97,180138.19,47.0,3
1,0,9,7,1,4,0,1,190310,19,0,37,1565.26,494178.87,47.0,1
1,1,9,18,0,5,0,2,170120,17,0,14,1646.02,568314.74,33.0,1
1,1,9,18,0,5,0,2,110302,11,0,37,1368.16,318619.68,33.0,1
1,1,9,18,0,5,0,2,50419,5,0,48,788.04,231915.89,33.0,2
1,1,9,55,1,2,0,2,50157,5,0,21,1253.3,340442.96,56.0,2
1,1,9,55,1,2,0,2,160267,16,1,32,431.76,131562.21,56.0,3
1,1,9,55,1,2,0,2,110039,11,0,5,1723.2,565819.26,56.0,1
1,0,9,43,0,3,0,2,110219,11,0,26,490.37,120305.09,48.0,3
1,0,9,43,0,3,0,2,50338,5,0,43,802.72,229942.63,48.0,2
1,0,9,43,0,3,0,2,170031,17,0,2,1738.5,555067.12,48.0,1
1,1,0,19,0,1,1,0,50158,5,0,22,1059.78,295506.38,56.0,2
1,1,0,19,0,1,1,0,110040,11,0,5,1723.2,523867.62,56.0,1
1,1,0,19,0,1,1,0,160268,16,0,33,881.17,264303.57,56.0,3
1,0,7,41,0,3,0,0,30041,3,0,4,719.96,214613.17,46.0,2
1,0,7,41,0,3,0,0,200125,20,0,16,645.44,195801.49,46.0,3
1,0,7,41,0,3,0,0,80461,8,0,54,1699.02,484921.76,46.0,1
1,0,7,41,0,3,0,0,140201,14,0,22,1148.66,382113.57,46.0,3
1,0,9,18,1,4,0,0,150274,15,0,32,1338.63,436593.99,33.0,1
1,0,9,18,1,4,0,0,90514,9,0,59,1697.13,516408.12,33.0,1
1,0,9,18,1,4,0,0,40082,4,0,10,1614.62,523968.19,33.0,1
1,1,9,1,1,2,0,2,90095,9,0,16,924.6,259266.94,56.0,2
1,1,9,1,1,2,0,2,200254,20,0,30,1703.94,545707.37,56.0,1
1,1,9,1,1,2,0,2,140328,14,0,38,1170.11,419677.6,56.0,1
1,1,9,1,1,2,0,2,30175,3,0,19,1602.22,535348.43,56.0,1
1,1,9,7,0,1,0,2,70456,7,0,54,1940.69,585559.25,56.0,1
1,1,9,7,0,1,0,2,20062,2,0,8,715.54,232688.53,56.0,2
1,1,9,7,0,1,0,2,130317,13,0,35,1867.34,538677.47,56.0,1
1,1,9,7,0,1,0,2,190056,19,0,8,974.77,298003.07,56.0,3
1,1,9,55,0,1,0,2,110323,11,0,38,788.47,213928.44,56.0,3
1,1,9,55,0,1,0,2,50438,5,0,51,1029.59,300788.15,56.0,2
1,1,9,55,0,1,0,2,170139,17,1,16,1693.0,492913.41,56.0,1
1,1,9,43,0,5,1,0,80373,8,0,45,1185.72,380522.29,70.0,2
1,1,9,43,0,5,1,0,20461,2,0,54,924.4,281935.41,70.0,2
1,1,9,43,0,5,1,0,200046,20,0,5,802.5,193328.23,70.0,3
1,1,9,43,0,5,1,0,140132,14,0,14,1628.68,518104.03,70.0,1
1,1,9,55,0,5,0,2,60375,6,0,43,1492.81,510616.13,49.0,1
1,1,9,55,0,5,0,2,180106,18,1,14,1742.3,477187.81,49.0,1
1,1,9,55,0,5,0,2,120178,12,0,20,1802.21,589821.06,49.0,1
1,0,9,46,0,4,0,0,40335,4,0,40,780.74,235532.69,56.0,2
1,0,9,46,0,4,0,0,100226,10,0,28,1606.58,441602.33,56.0,1
1,0,9,46,0,4,0,0,160001,16,0,1,637.07,182821.64,56.0,3
1,1,2,0,1,2,0,2,90071,9,0,12,952.38,329573.31,81.0,2
1,1,2,0,1,2,0,2,140299,14,0,34,513.06,140627.96,81.0,3
1,1,2,0,1,2,0,2,30153,3,0,17,937.24,269684.75,81.0,2
1,1,2,0,1,2,0,2,200226,20,0,28,463.13,154194.36,81.0,3
1,0,9,55,1,2,0,2,50309,5,0,41,630.83,187580.54,56.0,2
1,0,9,55,1,2,0,2,170006,17,1,1,530.28,157263.39,56.0,3
1,0,9,55,1,2,0,2,110193,11,0,22,1755.05,596516.36,56.0,1
1,1,9,18,1,1,1,2,50169,5,0,22,1059.78,359054.49,56.0,2
1,1,9,18,1,1,1,2,160285,16,1,34,743.19,252948.01,56.0,3
1,1,9,18,1,1,1,2,110057,11,0,6,1724.08,558548.42,56.0,1
1,1,9,6,0,2,1,2,180405,18,0,45,1627.52,510079.55,56.0,1
1,1,9,6,0,2,1,2,130067,13,0,8,1449.43,376895.27,56.0,1
1,1,9,6,0,2,1,2,70222,7,0,25,573.8,194575.52,56.0,2
1,1,9,6,0,2,1,2,10245,1,1,29,757.2,277875.52,56.0,2
1,1,2,0,1,3,1,2,180491,18,0,54,1756.12,585515.42,32.0,1
1,1,2,0,1,3,1,2,10341,1,0,36,613.59,200432.99,32.0,2
1,1,2,0,1,3,1,2,70321,7,0,38,1755.26,512122.41,32.0,1
1,1,2,0,1,3,1,2,130160,13,1,18,1820.34,724345.49,32.0,1
1,1,9,55,1,2,0,2,130489,13,0,56,606.9,204268.81,56.0,3
1,1,9,55,1,2,0,2,80100,8,0,12,1430.46,446838.6,56.0,1
1,1,9,55,1,2,0,2,20220,2,0,24,785.12,243597.84,56.0,2
1,1,9,55,1,2,0,2,190227,19,0,26,668.24,221518.38,56.0,3
1,1,9,55,0,3,1,2,90278,9,0,35,1376.88,397654.23,56.0,1
1,1,9,55,0,3,1,2,150037,15,0,5,769.6,169312.0,56.0,3
1,1,9,55,0,3,1,2,200443,20,1,50,493.06,136987.43,56.0,3
1,1,9,55,0,3,1,2,30371,3,1,46,1599.81,498755.52,56.0,1
1,0,1,48,0,3,1,0,20181,2,1,21,921.38,295651.21,58.0,2
1,0,1,48,0,3,1,0,80065,8,1,7,1352.74,411818.69,58.0,1
1,0,1,48,0,3,1,0,130448,13,0,50,1469.09,400273.64,58.0,1
1,0,1,48,0,3,1,0,190184,19,0,22,935.25,207543.49,58.0,3
1,0,7,17,0,1,0,2,100347,10,0,42,1757.51,509155.44,56.0,1
1,0,7,17,0,1,0,2,160128,16,0,14,660.84,188928.74,56.0,3
1,0,7,17,0,1,0,2,50025,5,0,5,821.43,272621.22,56.0,2
1,1,9,20,1,1,0,2,200366,20,0,40,428.03,143176.47,56.0,3
1,1,9,20,1,1,0,2,140432,14,0,51,1346.3,404594.57,56.0,1
1,1,9,20,1,1,0,2,30299,3,0,36,733.45,207396.58,56.0,2
1,1,9,20,1,1,0,2,90203,9,0,30,1250.17,408434.17,56.0,1
1,1,8,38,0,3,0,2,110380,11,0,44,434.38,144762.45,56.0,3
1,1,8,38,0,3,0,2,170192,17,0,22,1221.66,356216.19,56.0,3
1,1,8,38,0,3,0,2,60038,6,1,4,1925.28,662126.19,56.0,1
1,0,5,8,0,2,1,0,20174,2,0,20,727.55,223964.08,56.0,2
1,0,5,8,0,2,1,0,80059,8,0,6,1370.17,382048.18,56.0,1
1,0,5,8,0,2,1,0,130444,13,0,49,572.01,177039.39,56.0,3
1,0,5,8,0,2,1,0,190177,19,0,22,935.25,298017.54,56.0,3
1,1,7,37,0,5,1,0,70367,7,0,43,498.61,134300.91,32.0,2
1,1,7,37,0,5,1,0,130215,13,0,24,1044.69,269707.97,32.0,3
1,1,7,37,0,5,1,0,10389,1,0,45,767.46,234640.23,32.0,2
1,1,7,37,0,5,1,0,180542,18,1,61,1019.7,261651.11,32.0,3
1,0,9,18,0,1,1,2,70098,7,1,13,604.6,163386.52,36.0,2
1,0,9,18,0,1,1,2,120357,12,0,38,1157.23,339572.46,36.0,3
1,0,9,18,0,1,1,2,180274,18,0,32,1512.9,366328.69,36.0,1
1,0,9,18,0,1,1,2,10121,1,0,15,765.0,296667.95,36.0,2
1,0,9,55,1,4,1,2,150007,15,0,1,1596.51,527403.68,56.0,1
1,0,9,55,1,4,1,2,200413,20,0,47,590.12,150873.32,56.0,3
1,0,9,55,1,4,1,2,30346,3,0,42,1343.96,366128.05,56.0,2
1,0,9,55,1,4,1,2,90248,9,0,34,1577.36,517404.2,56.0,1
1,0,9,18,0,5,0,2,200282,20,0,31,1414.44,454693.74,83.0,1
1,0,9,18,0,5,0,2,90118,9,1,18,860.97,247067.76,83.0,2
1,0,9,18,0,5,0,2,30205,3,0,22,1165.89,383302.73,83.0,2
1,0,9,18,0,5,0,2,140353,14,0,43,520.49,155210.56,83.0,3
1,0,2,15,1,1,0,2,140268,14,0,29,1618.34,468922.65,41.0,1
1,0,2,15,1,1,0,2,90034,9,0,7,697.68,185136.75,41.0,2
1,0,2,15,1,1,0,2,200193,20,0,22,460.81,146612.19,41.0,3
1,0,2,15,1,1,0,2,30124,3,0,11,1283.1,460400.58,41.0,2
1,1,9,18,0,2,0,0,190238,19,0,28,1599.78,436128.05,44.0,1
1,1,9,18,0,2,0,0,130501,13,1,58,1115.72,345154.56,44.0,3
1,1,9,18,0,2,0,0,80114,8,0,14,685.93,187417.14,44.0,2
1,1,9,18,0,2,0,0,20229,2,0,26,1577.79,446099.24,44.0,2
1,0,9,55,0,2,0,2,90059,9,0,10,1172.34,314905.23,56.0,2
1,0,9,55,0,2,0,2,140292,14,0,33,1894.96,548558.56,56.0,1
1,0,9,55,0,2,0,2,200215,20,0,26,1941.62,675388.05,56.0,1
1,0,9,55,0,2,0,2,30145,3,0,14,788.59,227380.78,56.0,2
1,0,9,55,1,4,1,0,170141,17,1,16,1693.0,441387.41,51.0,1
1,0,9,55,1,4,1,0,110324,11,0,38,788.47,245418.89,51.0,3
1,0,9,55,1,4,1,0,50439,5,1,51,1029.59,316522.59,51.0,2
1,1,9,55,1,2,0,0,20336,2,1,41,654.93,247881.98,27.0,2
1,1,9,55,1,2,0,0,190343,19,0,40,893.49,263286.04,27.0,3
1,1,9,55,1,2,0,0,80232,8,0,30,1070.46,321100.73,27.0,2
1,1,9,55,1,2,0,0,140013,14,1,3,645.76,214955.52,27.0,3
1,0,9,55,0,1,0,0,90385,9,0,46,662.32,187337.33,56.0,2
1,0,9,55,0,1,0,0,150132,15,0,17,562.64,166635.32,56.0,3
1,0,9,55,0,1,0,0,30465,3,0,56,1179.42,390678.42,56.0,2
1,0,9,55,0,4,0,0,50189,5,0,24,807.02,270484.0,35.0,2
1,0,9,55,0,4,0,0,160310,16,0,36,810.94,216206.13,35.0,3
1,0,9,55,0,4,0,0,110084,11,0,10,1519.64,361461.89,35.0,1
1,0,1,54,0,2,1,2,180499,18,0,55,930.04,267387.07,31.0,3
1,0,1,54,0,2,1,2,10346,1,0,37,758.3,197514.96,31.0,2
1,0,1,54,0,2,1,2,70325,7,1,38,1755.26,413510.38,31.0,1
1,0,1,54,0,2,1,2,130166,13,0,19,758.69,232676.83,31.0,3
1,0,9,18,1,5,0,2,40100,4,0,13,809.06,199578.85,56.0,2
1,0,9,18,1,5,0,2,150297,15,0,35,745.49,191419.3,56.0,3
1,0,9,18,1,5,0,2,90535,9,0,62,1263.44,352725.16,56.0,1
1,1,5,23,1,3,1,2,190091,19,0,13,766.61,238204.01,65.0,3
1,1,5,23,1,3,1,2,130357,13,0,39,1054.77,286456.48,65.0,3
1,1,5,23,1,3,1,2,70492,7,0,58,1629.83,539392.07,65.0,1
1,1,5,23,1,3,1,2,20094,2,0,11,1625.05,458130.82,65.0,2
1,1,9,1,1,1,0,2,180404,18,0,45,1627.52,546764.12,56.0,1
1,1,9,1,1,1,0,2,130066,13,0,7,1115.82,318852.87,56.0,3
1,1,9,1,1,1,0,2,70219,7,0,24,852.99,291299.93,56.0,2
1,1,9,1,1,1,0,2,10244,1,0,29,757.2,207676.96,56.0,2
1,1,4,10,0,2,0,2,40280,4,0,33,734.73,202634.18,56.0,2
1,1,4,10,0,2,0,2,100179,10,0,24,708.64,169191.18,56.0,3
1,1,4,10,0,2,0,2,150473,15,1,57,429.34,128430.27,56.0,3
1,1,9,55,0,3,0,2,90303,9,0,38,1260.31,388613.55,56.0,1
1,1,9,55,0,3,0,2,150061,15,0,9,565.48,185323.76,56.0,3
1,1,9,55,0,3,0,2,30397,3,0,49,1174.48,316007.47,56.0,2
1,1,9,55,0,3,0,2,200471,20,0,53,1119.38,328626.21,56.0,3
1,0,9,18,0,3,1,2,160274,16,1,33,881.17,271991.93,56.0,3
1,0,9,18,0,3,1,2,50162,5,0,22,1059.78,284157.87,56.0,2
1,0,9,18,0,3,1,2,110048,11,0,6,1724.08,585004.16,56.0,1
1,0,9,18,0,4,0,2,160389,16,0,45,1653.49,564972.81,56.0,1
1,0,9,18,0,4,0,2,50301,5,0,40,1053.41,326386.96,56.0,2
1,0,9,18,0,4,0,2,110185,11,0,20,570.62,206179.46,56.0,3
1,1,2,0,0,1,0,1,70052,7,1,9,926.11,247542.1,30.0,2
1,1,2,0,0,1,0,1,180229,18,0,29,578.36,186304.06,30.0,3
1,1,2,0,0,1,0,1,10078,1,1,10,1439.52,422158.38,30.0,2
1,1,2,0,0,1,0,1,120305,12,0,34,1817.64,581530.71,30.0,1
1,1,9,6,0,2,1,1,20087,2,1,10,788.79,227511.01,56.0,2
1,1,9,6,0,2,1,1,190082,19,1,12,1163.99,360132.52,56.0,3
1,1,9,6,0,2,1,1,70484,7,0,57,1347.67,382331.32,56.0,1
1,1,9,6,0,2,1,1,130348,13,0,38,656.42,210320.24,56.0,3
1,0,9,42,0,4,0,1,70406,7,0,48,533.35,153688.18,80.0,2
1,0,9,42,0,4,0,1,130260,13,0,30,1777.51,485888.28,80.0,1
1,0,9,42,0,4,0,1,20009,2,0,1,706.3,224035.98,80.0,2
1,0,9,42,0,4,0,1,180587,18,0,68,1445.28,495056.58,80.0,1
1,0,9,55,1,3,0,2,40029,4,0,3,1630.82,409260.76,56.0,2
1,0,9,55,1,3,0,2,150213,15,1,24,924.36,278376.64,56.0,3
1,0,9,55,1,3,0,2,90457,9,0,56,1516.4,407901.41,56.0,1
1,1,9,6,0,5,0,2,10291,1,1,31,619.78,200210.02,26.0,2
1,1,9,6,0,5,0,2,70275,7,0,31,839.7,184734.0,26.0,2
1,1,9,6,0,5,0,2,130119,13,0,14,777.75,263800.27,26.0,3
1,1,9,6,0,5,0,2,180454,18,1,51,1527.31,462493.65,26.0,1
1,0,8,4,0,1,0,2,200227,20,0,28,463.13,119668.45,56.0,3
1,0,8,4,0,1,0,2,90072,9,0,12,952.38,285574.09,56.0,2
1,0,8,4,0,1,0,2,140300,14,1,34,513.06,181212.2,56.0,3
1,0,8,4,0,1,0,2,30154,3,1,17,937.24,360341.5,56.0,2
1,0,9,3,0,1,0,2,90513,9,1,58,838.34,263976.08,56.0,2
1,0,9,3,0,1,0,2,40081,4,0,10,1614.62,431485.71,56.0,2
1,0,9,3,0,1,0,2,150273,15,0,32,1338.63,389495.74,56.0,1
1,0,9,55,0,4,1,0,30104,3,1,10,784.09,250532.99,36.0,2
1,0,9,55,0,4,1,0,90014,9,0,2,481.55,166515.01,36.0,2
1,0,9,55,0,4,1,0,140249,14,0,29,1618.34,475030.73,36.0,1
1,0,9,55,0,4,1,0,200174,20,0,19,759.72,226160.18,36.0,3
1,1,9,18,0,2,0,0,180482,18,0,53,1806.7,588124.15,70.0,1
1,1,9,18,0,2,0,0,130148,13,0,17,1278.95,381454.1,70.0,1
1,1,9,18,0,2,0,0,70311,7,0,37,1171.04,386845.88,70.0,2
1,1,9,18,0,2,0,0,10328,1,0,35,1168.59,374729.63,70.0,2
1,0,9,1,0,4,0,2,60271,6,0,29,1691.02,584272.04,67.0,1
1,0,9,1,0,4,0,2,120058,12,0,6,1347.8,353301.13,67.0,1
1,0,9,1,0,4,0,2,170435,17,0,51,1375.52,502022.4,67.0,1
1,0,9,20,0,1,0,0,170418,17,1,48,1833.96,674268.09,56.0,1
1,0,9,20,0,1,0,0,120040,12,0,4,1559.34,469471.11,56.0,1
1,0,9,20,0,1,0,0,60252,6,0,25,1086.43,271652.39,56.0,2
1,1,9,3,0,2,0,2,130216,13,1,24,1044.69,294139.96,83.0,3
1,1,9,3,0,2,0,2,10390,1,0,45,767.46,214122.99,83.0,2
1,1,9,3,0,2,0,2,70368,7,0,43,498.61,137339.47,83.0,2
1,1,9,3,0,2,0,2,180543,18,0,62,1330.41,367400.47,83.0,3
1,1,9,43,0,4,0,0,140225,14,0,24,1205.25,366849.92,56.0,1
1,1,9,43,0,4,0,0,200148,20,0,18,1868.01,557469.37,56.0,1
1,1,9,43,0,4,0,0,80485,8,0,56,1874.7,635580.39,56.0,1
1,1,9,43,0,4,0,0,30071,3,1,7,744.01,229701.65,56.0,2
1,1,9,31,1,1,1,2,120244,12,0,26,557.9,198532.55,56.0,3
1,1,9,31,1,1,1,2,10002,1,0,1,748.06,207185.26,56.0,2
1,1,9,31,1,1,1,2,60451,6,0,53,1170.96,353358.62,56.0,2
1,1,9,31,1,1,1,2,180167,18,0,22,1108.09,304757.48,56.0,3
0,1,2,35,1,5,1,2,190397,19,0,45,1869.11,581236.54,41.0,0
0,1,2,35,1,5,1,2,20389,2,0,46,697.74,195064.03,41.0,0
0,1,2,35,1,5,1,2,140068,14,0,9,803.5,255711.66,41.0,0
0,1,2,35,1,5,1,2,80294,8,0,34,1684.75,495102.93,41.0,0
1,0,9,1,0,2,1,2,60191,6,0,19,1542.71,404151.5,56.0,1
1,0,9,1,0,2,1,2,170354,17,0,45,1574.3,437211.33,56.0,1
1,0,9,1,0,2,1,2,110543,11,1,63,871.7,242015.72,56.0,3
1,1,6,33,1,2,1,2,100190,10,0,26,1294.85,354267.31,34.0,1
1,1,6,33,1,2,1,2,40295,4,0,34,795.1,273177.97,34.0,2
1,1,6,33,1,2,1,2,150486,15,0,58,1750.89,603910.96,34.0,1
1,1,1,5,0,4,0,2,110097,11,0,10,1519.64,498260.56,56.0,1
1,1,1,5,0,4,0,2,50206,5,0,27,1278.6,338601.69,56.0,2
1,1,1,5,0,4,0,2,160323,16,0,38,431.83,131261.13,56.0,3
1,0,9,55,1,5,0,2,170070,17,0,9,1505.53,396440.12,68.0,1
1,0,9,55,1,5,0,2,50377,5,0,46,1272.95,327517.83,68.0,2
1,0,9,55,1,5,0,2,110257,11,0,30,642.72,217768.24,68.0,3
1,0,9,42,0,5,1,0,70018,7,0,3,888.5,220771.71,56.0,2
1,0,9,42,0,5,1,0,10053,1,0,7,758.88,243318.88,56.0,2
1,0,9,42,0,5,1,0,120284,12,1,31,1245.29,328706.37,56.0,1
1,0,9,42,0,5,1,0,180205,18,0,26,1147.71,291596.02,56.0,3
1,1,9,3,0,1,0,2,110562,11,0,65,1427.09,401193.76,56.0,1
1,1,9,3,0,1,0,2,170378,17,0,47,1106.83,314114.79,56.0,3
1,1,9,3,0,1,0,2,60213,6,1,20,1897.17,561711.27,56.0,1
1,0,9,55,0,4,1,2,20448,2,0,52,914.01,270864.99,48.0,2
1,0,9,55,0,4,1,2,200030,20,0,3,1645.93,387777.74,48.0,1
1,0,9,55,0,4,1,2,140118,14,0,13,442.74,141101.65,48.0,3
1,0,9,55,0,4,1,2,80361,8,0,43,1490.59,401888.63,48.0,1
1,1,9,55,1,1,0,2,200472,20,1,54,589.61,208719.36,35.0,3
1,1,9,55,1,1,0,2,30398,3,0,49,1174.48,345694.12,35.0,2
1,1,9,55,1,1,0,2,90306,9,0,38,1260.31,409323.23,35.0,1
1,1,9,55,1,1,0,2,150062,15,0,9,565.48,183064.12,35.0,3
1,0,2,45,0,5,1,2,190045,19,0,7,973.6,298606.04,30.0,3
1,0,2,45,0,5,1,2,20052,2,0,6,967.84,342436.55,30.0,2
1,0,2,45,0,5,1,2,70444,7,0,52,1281.14,349073.94,30.0,2
1,0,2,45,0,5,1,2,130307,13,0,33,1445.84,457810.49,30.0,1
1,1,9,55,0,1,0,0,130217,13,0,25,633.86,189670.56,69.0,3
1,1,9,55,0,1,0,0,180548,18,0,62,1330.41,396779.8,69.0,1
1,1,9,55,0,1,0,0,10391,1,0,46,1153.16,326441.6,69.0,2
1,1,9,55,0,1,0,0,70370,7,0,43,498.61,139398.8,69.0,2
1,0,2,15,0,5,0,2,50089,5,0,11,1058.56,351625.35,32.0,2
1,0,2,15,0,5,0,2,160186,16,0,23,594.14,184707.19,32.0,3
1,0,2,15,0,5,0,2,100402,10,0,47,1047.27,293129.02,32.0,3
1,0,9,6,0,1,0,0,30413,3,0,49,1174.48,325875.47,25.0,2
1,0,9,6,0,1,0,0,200485,20,0,56,1333.01,343595.19,25.0,3
1,0,9,6,0,1,0,0,150077,15,0,11,1437.62,491966.69,25.0,1
1,0,9,6,0,1,0,0,90327,9,0,39,1839.34,563581.06,25.0,1
1,1,9,55,0,3,0,2,110131,11,0,14,524.68,171907.93,56.0,3
1,1,9,55,0,3,0,2,160352,16,1,41,1001.72,303985.03,56.0,3
1,1,9,55,0,3,0,2,50252,5,1,33,1787.13,664530.42,56.0,1
1,0,4,21,0,4,0,2,160229,16,0,28,1440.71,357442.82,29.0,1
1,0,4,21,0,4,0,2,50119,5,0,15,1050.95,282845.5,29.0,2
1,0,4,21,0,4,0,2,110001,11,0,1,1902.88,551096.05,29.0,1
1,1,9,55,1,4,1,2,170307,17,0,38,721.83,204844.07,29.0,3
1,1,9,55,1,4,1,2,60149,6,0,12,1678.17,461132.81,29.0,1
1,1,9,55,1,4,1,2,110496,11,0,58,1159.31,341227.9,29.0,1
1,0,9,55,0,1,1,2,80227,8,0,30,1070.46,306041.99,56.0,2
1,0,9,55,0,1,1,2,20332,2,0,40,1599.45,449085.55,56.0,2
1,0,9,55,0,1,1,2,190337,19,0,40,893.49,283267.47,56.0,3
1,0,9,55,0,1,1,2,140009,14,0,2,922.7,270218.56,56.0,3
1,0,9,1,0,1,1,2,160319,16,0,38,431.83,125388.18,42.0,3
1,0,9,1,0,1,1,2,50202,5,0,26,1272.4,311354.7,42.0,2
1,0,9,1,0,1,1,2,110093,11,0,10,1519.64,430666.39,42.0,1
1,0,9,3,1,4,1,2,130046,13,0,4,1629.74,508492.43,58.0,1
1,0,9,3,1,4,1,2,10224,1,0,26,828.98,239287.16,58.0,2
1,0,9,3,1,4,1,2,180390,18,1,44,1334.77,354368.72,58.0,3
1,0,9,3,1,4,1,2,70204,7,0,23,1222.69,369051.44,58.0,2
1,0,9,18,1,2,0,0,90404,9,0,51,1816.78,484595.35,56.0,1
1,0,9,18,1,2,0,0,150164,15,0,21,1271.25,363412.93,56.0,3
1,0,9,18,1,2,0,0,30489,3,0,57,1607.94,506860.65,56.0,1
1,1,9,43,0,4,0,2,110332,11,0,40,638.97,167129.85,57.0,3
1,1,9,43,0,4,0,2,170150,17,0,16,1693.0,525796.95,57.0,1
1,1,9,43,0,4,0,2,50449,5,0,52,1755.18,626423.06,57.0,1
1,0,9,49,0,4,0,2,180154,18,0,20,1631.48,403699.08,56.0,1
1,0,9,49,0,4,0,2,60444,6,0,53,1170.96,319044.27,56.0,2
1,0,9,49,0,4,0,2,120235,12,0,24,1306.75,349839.43,56.0,1
1,1,9,20,1,5,1,1,110226,11,0,27,1638.1,432388.36,56.0,1
1,1,9,20,1,5,1,1,50345,5,0,44,806.03,260008.44,56.0,2
1,1,9,20,1,5,1,1,170037,17,0,4,448.67,134841.47,56.0,3
1,1,9,31,0,2,0,2,40140,4,0,17,780.68,223765.97,35.0,2
1,1,9,31,0,2,0,2,150344,15,0,40,982.37,292030.79,35.0,3
1,1,9,31,0,2,0,2,100044,10,1,5,1741.96,606790.94,35.0,1
1,1,9,43,0,4,0,2,50194,5,0,24,807.02,240746.66,37.0,2
1,1,9,43,0,4,0,2,110087,11,0,10,1519.64,413286.53,37.0,1
1,1,9,43,0,4,0,2,160314,16,0,37,922.03,318562.94,37.0,3
1,1,9,3,0,3,1,0,20145,2,0,17,1397.4,488330.35,56.0,2
1,1,9,3,0,3,1,0,80022,8,0,3,1736.05,548218.63,56.0,1
1,1,9,3,0,3,1,0,130415,13,0,47,1874.35,627385.67,56.0,1
1,1,9,3,0,3,1,0,190143,19,0,19,1697.73,487600.08,56.0,1
1,1,9,55,0,2,0,2,40056,4,0,5,786.98,251554.82,72.0,2
1,1,9,55,0,2,0,2,90484,9,0,58,838.34,298489.15,72.0,2
1,1,9,55,0,2,0,2,150245,15,0,29,1748.18,508674.8,72.0,1
1,0,8,38,0,1,1,2,110292,11,0,36,1752.38,556269.12,31.0,1
1,0,8,38,0,1,1,2,50410,5,0,47,1241.14,374761.15,31.0,2
1,0,8,38,0,1,1,2,170110,17,0,13,916.9,254096.51,31.0,3
1,1,9,55,0,5,0,1,150139,15,1,17,562.64,172358.52,56.0,3
1,1,9,55,0,5,0,1,30468,3,0,56,1179.42,341233.68,56.0,2
1,1,9,55,0,5,0,1,90388,9,1,46,662.32,246380.95,56.0,2
1,0,9,55,0,2,0,0,150387,15,1,49,460.17,130666.74,71.0,3
1,0,9,55,0,2,0,0,100081,10,0,10,1196.84,357028.07,71.0,1
1,0,9,55,0,2,0,0,40187,4,1,23,1110.99,372010.36,71.0,2
1,0,2,45,0,3,0,2,20249,2,0,27,1211.51,361776.94,56.0,2
1,0,2,45,0,3,0,2,130526,13,0,60,1401.81,516863.32,56.0,1
1,0,2,45,0,3,0,2,80135,8,0,16,424.09,140340.38,56.0,2
1,0,2,45,0,3,0,2,190259,19,0,29,1657.84,508392.39,56.0,1
1,1,9,43,0,4,0,2,160256,16,0,29,489.49,140776.38,46.0,3
1,1,9,43,0,4,0,2,50143,5,0,18,1267.03,374103.56,46.0,2
1,1,9,43,0,4,0,2,110029,11,0,3,1479.84,421407.86,46.0,1
1,0,9,3,1,1,0,2,190400,19,0,46,1926.19,539693.29,56.0,1
1,0,9,3,1,1,0,2,20394,2,0,46,697.74,203362.09,56.0,2
1,0,9,3,1,1,0,2,80297,8,0,34,1684.75,472720.62,56.0,1
1,0,9,3,1,1,0,2,140070,14,0,9,803.5,247414.28,56.0,3
1,1,9,1,0,2,0,2,80307,8,0,36,673.86,212527.02,56.0,2
1,1,9,1,0,2,0,2,140074,14,0,9,803.5,229900.05,56.0,3
1,1,9,1,0,2,0,2,20398,2,1,46,697.74,217804.94,56.0,2
1,1,9,1,0,2,0,2,190404,19,0,46,1926.19,611112.1,56.0,1
1,1,9,1,0,4,1,2,180472,18,0,53,1806.7,499227.25,56.0,1
1,1,9,1,0,4,1,2,70300,7,0,35,613.21,200969.37,56.0,2
1,1,9,1,0,4,1,2,10312,1,0,34,1469.14,486885.55,56.0,2
1,1,9,1,0,4,1,2,130139,13,0,16,1772.88,560683.85,56.0,1
1,0,8,47,1,4,1,2,150102,15,0,15,522.71,130733.1,56.0,3
1,0,8,47,1,4,1,2,30435,3,1,50,713.67,216692.83,56.0,2
1,0,8,47,1,4,1,2,90345,9,0,40,1090.32,340807.81,56.0,2
1,1,9,18,0,1,1,0,180314,18,0,36,1089.77,362075.38,56.0,3
1,1,9,18,0,1,1,0,70133,7,0,16,1239.87,392998.19,56.0,2
1,1,9,18,0,1,1,0,120389,12,0,45,1898.75,524988.7,56.0,1
1,1,9,18,0,1,1,0,10162,1,0,20,1146.24,368811.3,56.0,2
1,0,9,31,0,3,0,0,130365,13,0,40,571.5,197250.4,73.0,3
1,0,9,31,0,3,0,0,20101,2,0,11,1625.05,524458.83,73.0,1
1,0,9,31,0,3,0,0,190097,19,0,14,630.47,179792.45,73.0,3
1,0,9,31,0,3,0,0,70499,7,0,58,1629.83,555539.4,73.0,1
1,0,9,18,1,4,1,2,50255,5,0,33,1787.13,534650.14,41.0,1
1,0,9,18,1,4,1,2,110133,11,1,14,524.68,140446.79,41.0,3
1,0,9,18,1,4,1,2,160355,16,0,41,1001.72,343497.51,41.0,3
1,0,9,55,0,1,0,0,30046,3,0,5,701.19,247553.22,56.0,2
1,0,9,55,0,1,0,0,140209,14,0,22,1148.66,311731.32,56.0,3
1,0,9,55,0,1,0,0,200130,20,0,16,645.44,187628.25,56.0,3
1,0,9,55,0,1,0,0,80466,8,0,55,1300.05,410171.8,56.0,1
1,1,9,55,0,3,1,2,50432,5,0,50,1261.07,424910.39,56.0,2
1,1,9,55,0,3,1,2,170134,17,0,15,1365.73,385047.18,56.0,1
1,1,9,55,0,3,1,2,110317,11,0,38,788.47,245885.21,56.0,3
1,1,9,3,0,1,0,2,180383,18,0,43,937.7,253089.26,77.0,3
1,1,9,3,0,1,0,2,70197,7,0,22,1914.21,541890.18,77.0,1
1,1,9,3,0,1,0,2,10219,1,0,25,1154.92,354701.55,77.0,2
1,1,9,3,0,1,0,2,130040,13,0,3,979.64,269821.05,77.0,3
1,1,9,43,1,5,1,2,110335,11,0,41,1125.56,378675.72,34.0,1
1,1,9,43,1,5,1,2,60002,6,1,1,1720.95,461393.51,34.0,1
1,1,9,43,1,5,1,2,170152,17,1,16,1693.0,598240.7,34.0,1
1,1,9,55,0,3,1,0,90428,9,0,54,1693.18,500160.52,63.0,1
1,1,9,55,0,3,1,0,150187,15,0,23,1279.23,446463.88,63.0,1
1,1,9,55,0,3,1,0,40004,4,0,1,1615.98,475895.11,63.0,1
1,0,2,0,0,2,0,0,150229,15,0,26,961.01,259608.83,83.0,3
1,0,2,0,0,2,0,0,40042,4,0,4,783.03,240057.11,83.0,2
1,0,2,0,0,2,0,0,90471,9,1,57,1198.57,360318.53,83.0,1
1,0,9,18,1,2,0,2,180484,18,0,54,1756.12,544990.2,69.0,1
1,0,9,18,1,2,0,2,70314,7,0,38,1755.26,450762.7,69.0,1
1,0,9,18,1,2,0,2,130150,13,0,17,1278.95,412844.86,69.0,1
1,0,9,18,1,2,0,2,10332,1,0,35,1168.59,365818.56,69.0,2
1,0,9,1,0,3,0,0,110288,11,0,35,540.82,164387.68,50.0,3
1,0,9,1,0,3,0,0,170105,17,0,13,916.9,250569.4,50.0,3
1,0,9,1,0,3,0,0,50405,5,0,47,1241.14,371938.81,50.0,2
1,0,9,55,1,1,0,2,70253,7,1,28,694.55,207675.26,56.0,2
1,0,9,55,1,1,0,2,130099,13,0,11,1678.3,465116.85,56.0,1
1,0,9,55,1,1,0,2,180437,18,0,49,1457.92,353163.26,56.0,1
1,0,9,55,1,1,0,2,10274,1,1,30,753.29,263983.27,56.0,2
1,1,9,18,0,5,0,0,60381,6,0,43,1492.81,554882.17,56.0,1
1,1,9,18,0,5,0,0,120183,12,0,20,1802.21,514479.75,56.0,1
1,1,9,18,0,5,0,0,180110,18,1,15,1728.6,513299.69,56.0,1
1,1,9,42,1,5,0,2,30274,3,1,30,796.57,259294.04,50.0,2
1,1,9,42,1,5,0,2,200341,20,0,37,632.35,220469.2,50.0,3
1,1,9,42,1,5,0,2,90180,9,0,27,1207.33,318135.46,50.0,2
1,1,9,42,1,5,0,2,140407,14,1,49,1231.75,448815.67,50.0,1
1,0,9,1,0,3,1,2,50164,5,0,22,1059.78,328382.39,56.0,2
1,0,9,1,0,3,1,2,160276,16,0,33,881.17,295574.91,56.0,3
1,0,9,1,0,3,1,2,110051,11,0,6,1724.08,513716.25,56.0,1
1,1,9,55,0,2,0,0,40192,4,1,24,786.05,272856.78,56.0,2
1,1,9,55,0,2,0,0,100083,10,0,10,1196.84,378213.4,56.0,1
1,1,9,55,0,2,0,0,150389,15,0,49,460.17,116092.04,56.0,3
1,1,9,55,0,5,1,0,130453,13,0,51,1253.03,409716.46,70.0,1
1,1,9,55,0,5,1,0,190192,19,0,23,1592.45,471923.26,70.0,1
1,1,9,55,0,5,1,0,20185,2,0,21,921.38,267340.32,70.0,2
1,1,9,55,0,5,1,0,80068,8,0,7,1352.74,455070.84,70.0,1
1,1,9,55,0,3,0,0,180424,18,0,48,564.59,173539.43,56.0,3
1,1,9,55,0,3,0,0,70239,7,1,27,768.05,224288.36,56.0,2
1,1,9,55,0,3,0,0,10261,1,0,29,757.2,237825.45,56.0,2
1,1,9,55,0,3,0,0,130087,13,0,11,1678.3,469476.95,56.0,1
0,0,9,55,1,4,0,0,40026,4,0,3,1630.82,483098.81,56.0,0
0,0,9,55,1,4,0,0,150210,15,1,24,924.36,307624.42,56.0,0
0,0,9,55,1,4,0,0,90454,9,0,56,1516.4,436569.79,56.0,0
1,1,9,55,0,5,1,0,60351,6,0,39,744.54,258105.88,56.0,2
1,1,9,55,0,5,1,0,180080,18,0,11,507.04,165624.19,56.0,3
1,1,9,55,0,5,1,0,120154,12,0,17,1428.55,426820.06,56.0,1
1,0,9,18,0,1,0,2,20420,2,0,47,708.32,219270.97,56.0,2
1,0,9,18,0,1,0,2,190430,19,0,50,1227.01,364302.2,56.0,3
1,0,9,18,0,1,0,2,80331,8,0,37,890.65,297513.05,56.0,2
1,0,9,18,0,1,0,2,140092,14,1,12,459.44,134549.97,56.0,3
1,1,9,55,1,3,1,0,70210,7,0,23,1222.69,437259.52,56.0,2
1,1,9,55,1,3,1,0,130057,13,1,5,441.3,135427.72,56.0,3
1,1,9,55,1,3,1,0,10233,1,0,27,725.12,219325.04,56.0,2
1,1,9,55,1,3,1,0,180396,18,0,45,1627.52,464754.23,56.0,1
1,0,9,55,0,2,0,0,90007,9,1,1,832.35,261007.06,56.0,2
1,0,9,55,0,2,0,0,140243,14,0,27,1866.49,490641.9,56.0,1
1,0,9,55,0,2,0,0,200166,20,0,18,1868.01,541416.84,56.0,1
1,0,9,55,0,2,0,0,30093,3,0,9,1125.84,340383.54,56.0,2
1,1,9,43,0,3,0,1,100017,10,0,4,1765.37,596435.43,49.0,1
1,1,9,43,0,3,0,1,150316,15,0,36,1424.81,475881.66,49.0,1
1,1,9,43,0,3,0,1,40118,4,0,14,1322.66,418846.63,49.0,2
1,0,9,55,1,4,0,0,30511,3,0,59,1353.02,443089.55,75.0,2
1,0,9,55,1,4,0,0,90423,9,0,53,599.72,160112.49,75.0,2
1,0,9,55,1,4,0,0,150181,15,0,23,1279.23,358223.33,75.0,3
1,1,9,55,1,3,0,0,130385,13,0,43,1875.83,599817.91,56.0,1
1,1,9,55,1,3,0,0,70518,7,0,60,1219.54,345685.38,56.0,2
1,1,9,55,1,3,0,0,20122,2,0,15,1603.33,523765.32,56.0,1
1,1,9,55,1,3,0,0,190116,19,0,16,1711.98,506115.59,56.0,1
1,0,9,55,1,1,0,0,170160,17,0,17,1827.25,443019.3,26.0,1
1,0,9,55,1,1,0,0,110340,11,1,42,808.59,279490.72,26.0,3
1,0,9,55,1,1,0,0,60006,6,0,1,1720.95,564663.44,26.0,1
1,1,9,49,0,1,1,0,60404,6,0,48,1521.71,421254.04,56.0,1
1,1,9,49,0,1,1,0,180125,18,0,16,1360.96,346882.78,56.0,3
1,1,9,49,0,1,1,0,120203,12,0,23,1094.46,302296.14,56.0,3
1,1,8,4,0,2,0,2,70227,7,0,25,573.8,138490.04,56.0,2
1,1,8,4,0,2,0,2,10247,1,0,29,757.2,236373.55,56.0,2
1,1,8,4,0,2,0,2,180408,18,0,45,1627.52,444502.63,56.0,1
1,1,8,4,0,2,0,2,130071,13,0,8,1449.43,384925.51,56.0,1
1,0,9,3,0,3,1,2,40008,4,0,1,1615.98,470821.82,61.0,1
1,0,9,3,0,3,1,2,90430,9,0,54,1693.18,555003.81,61.0,1
1,0,9,3,0,3,1,2,150190,15,0,23,1279.23,374108.25,61.0,3
1,0,8,25,1,1,1,2,90396,9,0,47,1262.78,383070.84,30.0,1
1,0,8,25,1,1,1,2,150150,15,0,18,567.74,189284.34,30.0,3
1,0,8,25,1,1,1,2,30478,3,0,56,1179.42,396573.07,30.0,2
1,1,9,55,0,5,0,2,170393,17,0,48,1833.96,535553.54,56.0,1
1,1,9,55,0,5,0,2,60227,6,0,21,833.23,240771.42,56.0,2
1,1,9,55,0,5,0,2,120010,12,0,1,839.95,270210.04,56.0,3
1,0,9,42,0,4,0,0,60109,6,0,9,1194.12,359774.82,56.0,2
1,0,9,42,0,4,0,0,110453,11,0,52,1397.58,393927.21,56.0,1
1,0,9,42,0,4,0,0,170261,17,0,31,1806.06,556733.5,56.0,1
1,1,9,55,0,2,1,0,10289,1,0,31,619.78,138775.59,33.0,2
1,1,9,55,0,2,1,0,130115,13,1,14,777.75,252863.32,33.0,3
1,1,9,55,0,2,1,0,180451,18,0,51,1527.31,477444.0,33.0,1
1,1,9,55,0,2,1,0,70270,7,0,30,1237.23,427828.94,33.0,1
1,1,4,28,0,1,1,2,50408,5,0,47,1241.14,361880.91,56.0,2
1,1,4,28,0,1,1,2,170109,17,0,13,916.9,257050.56,56.0,3
1,1,4,28,0,1,1,2,110291,11,0,35,540.82,159899.33,56.0,3
1,1,2,0,0,5,0,2,60232,6,0,22,1656.54,518178.17,56.0,1
1,1,2,0,0,5,0,2,120017,12,0,2,1285.87,358930.28,56.0,1
1,1,2,0,0,5,0,2,170399,17,0,48,1833.96,584971.87,56.0,1
1,0,9,55,1,1,1,2,60039,6,0,4,1925.28,514067.14,47.0,1
1,0,9,55,1,1,1,2,110381,11,0,44,434.38,135401.82,47.0,3
1,0,9,55,1,1,1,2,170193,17,0,22,1221.66,389362.89,47.0,3
1,0,9,7,1,1,0,2,190209,19,0,25,996.38,335632.91,56.0,3
1,0,9,7,1,1,0,2,130470,13,0,53,968.77,267056.16,56.0,3
1,0,9,7,1,1,0,2,80082,8,0,9,1869.81,567459.84,56.0,1
1,0,9,7,1,1,0,2,20204,2,1,23,1416.33,567444.09,56.0,1
1,1,0,44,0,1,1,0,110327,11,0,39,1816.63,542356.68,86.0,1
1,1,0,44,0,1,1,0,50443,5,1,52,1755.18,569679.58,86.0,1
1,1,0,44,0,1,1,0,170145,17,1,16,1693.0,523881.71,86.0,1
1,0,9,55,1,2,0,0,50422,5,1,48,788.04,300501.51,45.0,2
1,0,9,55,1,2,0,0,110304,11,0,37,1368.16,434958.41,45.0,1
1,0,9,55,1,2,0,0,170123,17,0,14,1646.02,534790.76,45.0,1
1,1,9,43,0,4,0,2,50402,5,0,47,1241.14,366304.94,56.0,2
1,1,9,43,0,4,0,2,110285,11,0,34,680.07,181508.78,56.0,3
1,1,9,43,0,4,0,2,170100,17,0,12,451.91,137774.09,56.0,3
1,1,9,55,0,4,1,2,60052,6,0,5,1617.43,498957.88,82.0,1
1,1,9,55,0,4,1,2,170206,17,0,23,1025.52,332480.57,82.0,3
1,1,9,55,0,4,1,2,110397,11,0,47,1456.74,446685.14,82.0,1
1,1,9,42,0,2,1,2,180091,18,0,12,1692.5,522661.73,56.0,1
1,1,9,42,0,2,1,2,120166,12,0,18,1702.66,447987.25,56.0,1
1,1,9,42,0,2,1,2,60363,6,0,41,940.72,325187.7,56.0,2
1,0,2,15,1,2,1,2,50092,5,0,11,1058.56,366010.6,28.0,2
1,0,2,15,1,2,1,2,100405,10,0,47,1047.27,372974.76,28.0,3
1,0,2,15,1,2,1,2,160193,16,0,23,594.14,150326.78,28.0,3
1,0,9,3,1,3,1,0,90185,9,0,27,1207.33,347435.71,56.0,2
1,0,9,3,1,3,1,0,30282,3,0,33,683.33,231932.27,56.0,2
1,0,9,3,1,3,1,0,140413,14,0,49,1231.75,336122.59,56.0,3
1,0,9,3,1,3,1,0,200346,20,0,38,1499.47,387508.03,56.0,1
1,0,9,20,0,3,0,0,190195,19,0,24,620.51,163296.22,80.0,3
1,0,9,20,0,3,0,0,130457,13,1,52,1916.1,705490.95,80.0,1
1,0,9,20,0,3,0,0,20192,2,1,22,653.41,202606.33,80.0,2
1,0,9,20,0,3,0,0,80071,8,0,8,1552.34,407657.44,80.0,1
1,1,9,55,0,2,0,2,130063,13,0,6,1240.96,390916.24,56.0,1
1,1,9,55,0,2,0,2,70214,7,0,24,852.99,264681.72,56.0,2
1,1,9,55,0,2,0,2,180400,18,1,45,1627.52,575967.88,56.0,1
1,1,9,55,0,2,0,2,10239,1,0,27,725.12,212299.67,56.0,2
1,1,9,43,0,4,1,2,110550,11,0,64,1916.26,634786.2,72.0,1
1,1,9,43,0,4,1,2,60199,6,0,19,1542.71,411162.25,72.0,1
1,1,9,43,0,4,1,2,170363,17,1,46,1582.61,563644.13,72.0,1
1,1,9,55,0,5,0,0,100310,10,0,37,1177.85,399238.3,63.0,1
1,1,9,55,0,5,0,0,160093,16,0,10,1608.56,558250.19,63.0,1
1,1,9,55,0,5,0,0,40434,4,0,50,791.37,245818.42,63.0,2
1,0,9,55,1,4,0,2,150106,15,1,15,522.71,155535.1,28.0,3
1,0,9,55,1,4,0,2,30440,3,1,51,693.85,214979.96,28.0,2
1,0,9,55,1,4,0,2,90354,9,0,41,1488.32,473066.31,28.0,1
1,1,1,48,0,3,0,0,180028,18,0,4,1096.58,307100.4,56.0,3
1,1,1,48,0,3,0,0,120114,12,0,14,1369.96,408970.7,56.0,1
1,1,1,48,0,3,0,0,60317,6,0,35,999.85,255065.59,56.0,2
1,1,6,11,1,1,1,0,20018,2,0,2,788.72,240243.78,56.0,2
1,1,6,11,1,1,1,0,130268,13,0,31,627.57,176673.88,56.0,3
1,1,6,11,1,1,1,0,70413,7,0,48,533.35,157806.81,56.0,2
1,1,6,11,1,1,1,0,190009,19,0,3,1468.68,501437.39,56.0,1
1,0,9,49,0,3,1,2,70446,7,0,52,1281.14,388919.52,56.0,2
1,0,9,49,0,3,1,2,190047,19,0,8,974.77,214449.4,56.0,3
1,0,9,49,0,3,1,2,20054,2,0,6,967.84,230388.82,56.0,2
1,0,9,49,0,3,1,2,130309,13,0,34,1557.0,498675.17,56.0,1
1,1,9,55,1,5,1,2,40377,4,0,45,1160.48,292085.01,42.0,2
1,1,9,55,1,5,1,2,160044,16,0,6,1062.34,337474.44,42.0,3
1,1,9,55,1,5,1,2,100266,10,0,31,1499.0,493844.01,42.0,1
1,1,9,42,1,5,1,2,190037,19,0,7,973.6,259987.87,56.0,3
1,1,9,42,1,5,1,2,70439,7,1,51,648.27,175097.75,56.0,2
1,1,9,42,1,5,1,2,20047,2,0,5,933.95,265780.53,56.0,2
1,1,9,42,1,5,1,2,130297,13,0,33,1445.84,398499.79,56.0,1
1,0,9,55,0,1,0,0,90091,9,0,15,1732.33,545279.84,53.0,1
1,0,9,55,0,1,0,0,30171,3,0,19,1602.22,433064.97,53.0,2
1,0,9,55,0,1,0,0,200248,20,1,30,1703.94,515916.62,53.0,1
1,0,9,55,0,1,0,0,140322,14,0,38,1170.11,359308.65,53.0,3
1,1,2,30,1,3,1,0,110519,11,0,61,1299.46,407851.43,63.0,1
1,1,2,30,1,3,1,0,60171,6,0,15,1392.45,466941.91,63.0,1
1,1,2,30,1,3,1,0,170334,17,0,41,1422.93,345739.94,63.0,3
1,0,9,55,1,1,1,2,130566,13,0,66,1283.8,370346.72,56.0,1
1,0,9,55,1,1,1,2,190294,19,0,35,1099.62,299960.88,56.0,3
1,0,9,55,1,1,1,2,20288,2,0,34,800.26,253232.44,56.0,2
1,0,9,55,1,1,1,2,80182,8,0,26,1625.38,555296.53,56.0,1
1,1,9,46,0,1,0,2,40441,4,0,51,802.11,234587.05,63.0,2
1,1,9,46,0,1,0,2,100315,10,1,37,1177.85,392024.6,63.0,1
1,1,9,46,0,1,0,2,160099,16,0,11,1288.42,398516.06,63.0,1
0,1,5,34,0,5,0,2,110299,11,1,37,1368.16,451844.69,42.0,0
0,1,5,34,0,5,0,2,170117,17,0,14,1646.02,475302.44,42.0,0
0,1,5,34,0,5,0,2,50415,5,0,48,788.04,242719.06,42.0,0
1,0,9,55,0,2,0,0,80194,8,0,26,1625.38,497984.45,57.0,1
1,0,9,55,0,2,0,0,130578,13,0,67,524.97,162549.19,57.0,3
1,0,9,55,0,2,0,0,20299,2,0,35,1391.68,379072.42,57.0,2
1,0,9,55,0,2,0,0,190307,19,0,37,1565.26,531754.05,57.0,1
1,0,9,55,1,3,0,2,100307,10,0,36,1920.65,592203.73,82.0,1
1,0,9,55,1,3,0,2,160090,16,0,10,1608.56,462942.84,82.0,1
1,0,9,55,1,3,0,2,40430,4,0,50,791.37,241453.85,82.0,2
1,0,9,55,0,2,0,2,40076,4,1,10,1614.62,608055.99,65.0,1
1,0,9,55,0,2,0,2,90509,9,1,58,838.34,263088.1,65.0,2
1,0,9,55,0,2,0,2,150268,15,0,31,1901.65,557626.79,65.0,1
1,1,9,46,0,2,0,0,100319,10,0,38,476.64,143209.81,56.0,3
1,1,9,46,0,2,0,0,160102,16,0,11,1288.42,361857.17,56.0,3
1,1,9,46,0,2,0,0,50002,5,1,1,790.55,237072.9,56.0,2
1,1,9,1,1,5,0,2,70320,7,0,38,1755.26,508002.04,56.0,1
1,1,9,1,1,5,0,2,130158,13,0,18,1820.34,476408.36,56.0,1
1,1,9,1,1,5,0,2,180490,18,1,54,1756.12,562560.39,56.0,1
1,1,9,1,1,5,0,2,10340,1,0,36,613.59,162561.81,56.0,2
1,1,9,1,0,3,1,2,160387,16,0,44,1695.03,461029.16,56.0,1
1,1,9,1,0,3,1,2,50300,5,0,40,1053.41,350764.21,56.0,2
1,1,9,1,0,3,1,2,110184,11,0,20,570.62,167625.61,56.0,3
1,0,9,55,1,1,0,2,40255,4,0,30,1307.35,399943.02,41.0,2
1,0,9,55,1,1,0,2,100153,10,0,19,948.04,301000.32,41.0,2
1,0,9,55,1,1,0,2,150447,15,0,55,892.75,264804.47,41.0,3
1,0,9,7,0,4,0,2,70012,7,0,3,888.5,292195.46,56.0,2
1,0,9,7,0,4,0,2,10045,1,0,5,753.87,226602.24,56.0,2
1,0,9,7,0,4,0,2,120278,12,0,30,622.2,161146.12,56.0,3
1,0,9,7,0,4,0,2,180200,18,0,26,1147.71,354247.08,56.0,3
1,0,9,49,0,5,0,2,120102,12,0,13,1394.03,375764.01,56.0,1
1,0,9,49,0,5,0,2,180018,18,0,3,524.48,142513.06,56.0,3
1,0,9,49,0,5,0,2,60307,6,1,34,1353.81,448817.69,56.0,1
1,0,9,3,0,5,0,0,100364,10,0,43,1093.67,357710.2,56.0,1
1,0,9,3,0,5,0,0,50048,5,0,8,782.15,245895.64,56.0,2
1,0,9,3,0,5,0,0,160149,16,0,19,1163.06,316833.18,56.0,3
1,1,9,55,1,5,0,0,140066,14,0,9,803.5,266127.02,26.0,3
1,1,9,55,1,5,0,0,20387,2,0,46,697.74,207424.44,26.0,2
1,1,9,55,1,5,0,0,190395,19,0,44,982.8,290049.44,26.0,3
1,1,9,55,1,5,0,0,80290,8,1,34,1684.75,599958.23,26.0,1
1,1,9,55,0,5,0,2,120184,12,0,20,1802.21,541188.53,26.0,1
1,1,9,55,0,5,0,2,180111,18,0,15,1728.6,471855.64,26.0,1
1,1,9,55,0,5,0,2,60383,6,0,43,1492.81,447127.24,26.0,1
1,0,9,20,0,5,0,0,20368,2,0,43,1118.94,311723.42,71.0,2
1,0,9,20,0,5,0,0,190374,19,0,42,1137.59,321042.52,71.0,3
1,0,9,20,0,5,0,0,80270,8,0,32,1410.88,411257.15,71.0,1
1,0,9,20,0,5,0,0,140044,14,0,7,641.37,200311.05,71.0,3
1,1,8,4,0,4,1,1,150377,15,0,48,1403.33,491342.08,56.0,1
1,1,8,4,0,4,1,1,40178,4,0,22,737.92,200210.26,56.0,2
1,1,8,4,0,4,1,1,100071,10,0,9,1849.4,660723.3,56.0,1
1,1,9,20,0,5,0,2,30471,3,0,56,1179.42,375142.73,83.0,2
1,1,9,20,0,5,0,2,90390,9,0,46,662.32,224375.63,83.0,2
1,1,9,20,0,5,0,2,150140,15,0,17,562.64,187358.7,83.0,3
1,0,0,50,1,3,0,2,50433,5,0,50,1261.07,372948.3,56.0,2
1,0,0,50,1,3,0,2,110320,11,0,38,788.47,216600.53,56.0,3
1,0,0,50,1,3,0,2,170135,17,0,15,1365.73,408030.78,56.0,1
1,0,9,1,0,3,0,2,40126,4,0,15,760.39,202489.6,56.0,2
1,0,9,1,0,3,0,2,150323,15,0,38,585.57,154701.24,56.0,3
1,0,9,1,0,3,0,2,100026,10,0,4,1765.37,446138.39,56.0,1
1,1,9,3,0,3,0,0,40375,4,0,45,1160.48,353716.12,56.0,2
1,1,9,3,0,3,0,0,100264,10,0,31,1499.0,500985.77,56.0,1
1,1,9,3,0,3,0,0,160042,16,0,5,749.15,211606.59,56.0,3
1,0,9,3,0,2,1,2,70505,7,0,58,1629.83,476167.41,33.0,1
1,0,9,3,0,2,1,2,190104,19,0,14,630.47,205486.74,33.0,3
1,0,9,3,0,2,1,2,130372,13,0,41,1168.7,301991.77,33.0,3
1,0,9,3,0,2,1,2,20108,2,0,13,782.33,254517.05,33.0,2
0,1,9,43,0,2,1,2,60257,6,0,26,1538.47,510290.62,56.0,0
0,1,9,43,0,2,1,2,170423,17,0,49,1283.67,296670.36,56.0,0
0,1,9,43,0,2,1,2,120045,12,0,4,1559.34,508239.14,56.0,0
1,1,9,42,0,1,0,2,80067,8,1,7,1352.74,449983.92,56.0,1
1,1,9,42,0,1,0,2,20184,2,0,21,921.38,231332.06,56.0,2
1,1,9,42,0,1,0,2,130451,13,0,50,1469.09,453584.44,56.0,1
1,1,9,42,0,1,0,2,190189,19,0,22,935.25,289023.56,56.0,3
1,0,9,6,0,3,1,1,140036,14,0,6,1733.36,477046.12,56.0,1
1,0,9,6,0,3,1,1,190363,19,0,42,1137.59,354042.02,56.0,3
1,0,9,6,0,3,1,1,80261,8,0,31,1253.18,375272.42,56.0,2
1,0,9,6,0,3,1,1,20355,2,0,42,786.45,218343.57,56.0,2
1,1,9,55,1,1,0,2,160211,16,0,26,1458.08,429318.55,57.0,1
1,1,9,55,1,1,0,2,50110,5,0,13,791.13,278539.81,57.0,2
1,1,9,55,1,1,0,2,100422,10,0,50,1138.32,369834.68,57.0,1
1,1,9,3,1,5,0,1,150303,15,0,35,745.49,200227.78,35.0,3
1,1,9,3,1,5,0,1,100003,10,0,1,1006.89,334266.66,35.0,2
1,1,9,3,1,5,0,1,40105,4,0,13,809.06,253352.93,35.0,2
1,0,9,55,0,5,0,0,40411,4,0,47,805.88,244393.48,56.0,2
1,0,9,55,0,5,0,0,100293,10,0,34,1435.44,387981.26,56.0,1
1,0,9,55,0,5,0,0,160071,16,0,9,1524.04,461651.6,56.0,1
1,1,9,43,0,3,0,2,90295,9,0,36,1582.79,496038.87,56.0,1
1,1,9,43,0,3,0,2,200460,20,0,51,1062.33,315514.31,56.0,3
1,1,9,43,0,3,0,2,30385,3,0,47,691.09,213289.95,56.0,2
1,1,9,43,0,3,0,2,150053,15,0,9,565.48,155811.47,56.0,3
1,1,9,1,1,2,1,0,180147,18,0,20,1631.48,487388.83,56.0,1
1,1,9,1,1,2,1,0,120228,12,0,24,1306.75,409681.61,56.0,1
1,1,9,1,1,2,1,0,60437,6,0,51,1476.63,426236.07,56.0,1
1,1,2,0,0,5,1,0,30383,3,0,47,691.09,234934.93,51.0,2
1,1,2,0,0,5,1,0,90292,9,0,36,1582.79,448348.86,51.0,1
1,1,2,0,0,5,1,0,150050,15,0,8,1056.46,360765.64,51.0,3
1,1,2,0,0,5,1,0,200457,20,0,51,1062.33,336243.13,51.0,3
1,1,9,3,1,4,0,2,140080,14,0,11,1431.42,447757.81,56.0,1
1,1,9,3,1,4,0,2,190410,19,1,46,1926.19,578726.68,56.0,1
1,1,9,3,1,4,0,2,20404,2,0,47,708.32,232033.87,56.0,2
1,1,9,3,1,4,0,2,80315,8,0,37,890.65,231059.65,56.0,2
1,0,9,55,0,4,1,2,90344,9,0,40,1090.32,294967.99,56.0,2
1,0,9,55,0,4,1,2,150100,15,0,15,522.71,177455.16,56.0,3
1,0,9,55,0,4,1,2,30434,3,0,50,713.67,191594.66,56.0,2
1,0,9,49,0,4,0,2,190258,19,0,29,1657.84,477048.94,56.0,1
1,0,9,49,0,4,0,2,80134,8,0,16,424.09,121543.19,56.0,2
1,0,9,49,0,4,0,2,130524,13,0,60,1401.81,400639.2,56.0,1
1,0,9,49,0,4,0,2,20248,2,0,27,1211.51,338051.96,56.0,2
1,1,9,55,1,3,1,0,100202,10,0,26,1294.85,457406.52,56.0,1
1,1,9,55,1,3,1,0,40308,4,0,37,800.13,202671.27,56.0,2
1,1,9,55,1,3,1,0,150500,15,0,59,1286.47,381719.77,56.0,1
1,0,9,3,1,2,0,0,130483,13,0,56,606.9,192486.8,51.0,3
1,0,9,3,1,2,0,0,80092,8,0,10,737.92,192499.0,51.0,2
1,0,9,3,1,2,0,0,190220,19,1,26,668.24,213075.1,51.0,3
1,0,9,3,1,2,0,0,20214,2,0,24,785.12,237035.97,51.0,2
1,0,9,55,1,1,0,0,60128,6,1,10,942.08,316622.87,39.0,2
1,0,9,55,1,1,0,0,110471,11,1,56,724.8,219128.51,39.0,3
1,0,9,55,1,1,0,0,170283,17,1,34,1672.99,512206.73,39.0,1
1,1,9,49,1,5,1,0,60436,6,0,51,1476.63,387086.2,30.0,1
1,1,9,49,1,5,1,0,120227,12,0,24,1306.75,377248.32,30.0,1
1,1,9,49,1,5,1,0,180146,18,0,19,1268.1,463019.11,30.0,1
1,1,9,18,1,2,1,2,70248,7,0,28,694.55,155369.51,56.0,2
1,1,9,18,1,2,1,2,130093,13,1,11,1678.3,521531.29,56.0,1
1,1,9,18,1,2,1,2,180429,18,0,49,1457.92,425688.05,56.0,1
1,1,9,18,1,2,1,2,10267,1,0,29,757.2,261721.6,56.0,2
1,0,9,55,0,5,1,0,30170,3,0,19,1602.22,501931.91,60.0,1
1,0,9,55,0,5,1,0,90090,9,1,15,1732.33,586460.03,60.0,1
1,0,9,55,0,5,1,0,140321,14,0,38,1170.11,350292.46,60.0,3
1,0,9,55,0,5,1,0,200247,20,0,30,1703.94,467957.38,60.0,1
1,0,9,31,1,2,1,2,50020,5,0,4,799.1,240782.75,44.0,2
1,0,9,31,1,2,1,2,160124,16,0,14,660.84,195270.55,44.0,3
1,0,9,31,1,2,1,2,100341,10,0,41,1750.64,565457.28,44.0,1
1,0,9,55,0,5,0,1,90244,9,0,34,1577.36,469331.42,77.0,1
1,0,9,55,0,5,0,1,200410,20,0,47,590.12,175837.18,77.0,3
1,0,9,55,0,5,0,1,30340,3,0,41,965.5,314641.73,77.0,2
1,0,9,55,0,5,0,1,150003,15,1,1,1596.51,411781.07,77.0,1
1,0,9,55,1,5,0,2,90236,9,0,33,973.52,263309.05,56.0,2
1,0,9,55,1,5,0,2,200401,20,0,46,1227.49,360930.49,56.0,3
1,0,9,55,1,5,0,2,30329,3,1,40,678.71,213999.9,56.0,2
1,0,9,55,1,5,0,2,140469,14,0,55,1415.9,472750.27,56.0,1
1,0,9,55,0,2,1,2,120011,12,0,1,839.95,238111.34,57.0,3
1,0,9,55,0,2,1,2,170394,17,0,48,1833.96,596755.57,57.0,1
1,0,9,55,0,2,1,2,60228,6,0,21,833.23,261951.73,57.0,2
0,1,9,18,0,4,1,2,20235,2,0,26,1577.79,480760.06,56.0,0
0,1,9,18,0,4,1,2,130509,13,0,59,1434.04,365230.54,56.0,0
0,1,9,18,0,4,1,2,80120,8,1,14,685.93,222588.56,56.0,0
0,1,9,18,0,4,1,2,190244,19,0,29,1657.84,463761.47,56.0,0
0,1,9,3,0,5,0,2,200393,20,1,43,1697.49,528732.35,37.0,0
0,1,9,3,0,5,0,2,30319,3,0,39,1598.95,473117.57,37.0,0
0,1,9,3,0,5,0,2,90225,9,0,33,973.52,292852.5,37.0,0
0,1,9,3,0,5,0,2,140461,14,0,55,1415.9,451347.51,37.0,0
1,0,9,3,0,5,1,2,110183,11,0,20,570.62,137803.15,56.0,3
1,0,9,3,0,5,1,2,160386,16,0,44,1695.03,432814.05,56.0,1
1,0,9,3,0,5,1,2,50295,5,0,39,591.14,186077.63,56.0,2
1,0,9,55,0,1,1,0,30475,3,0,56,1179.42,392025.92,56.0,2
1,0,9,55,0,1,1,0,150147,15,0,18,567.74,176372.47,56.0,3
1,0,9,55,0,1,1,0,90394,9,0,47,1262.78,354323.8,56.0,1
1,0,2,30,0,5,0,0,50172,5,0,23,1006.65,272070.17,56.0,2
1,0,2,30,0,5,0,0,110060,11,0,7,1734.79,503297.17,56.0,1
1,0,2,30,0,5,0,0,160289,16,0,34,743.19,229781.3,56.0,3
1,1,9,6,0,1,0,0,70329,7,0,38,1755.26,531318.81,56.0,1
1,1,9,6,0,1,0,0,130171,13,0,20,516.72,151275.21,56.0,3
1,1,9,6,0,1,0,0,180502,18,0,55,930.04,278811.89,56.0,3
1,1,9,6,0,1,0,0,10349,1,0,38,1355.85,358085.01,56.0,2
1,0,9,42,0,5,0,2,90501,9,0,58,838.34,236365.7,56.0,2
1,0,9,42,0,5,0,2,40070,4,1,7,786.36,229822.2,56.0,2
1,0,9,42,0,5,0,2,150260,15,0,30,1523.22,476279.51,56.0,1
0,0,9,3,1,4,0,0,150311,15,0,35,745.49,251330.42,56.0,0
0,0,9,3,1,4,0,0,40113,4,1,14,1322.66,402065.13,56.0,0
0,0,9,3,1,4,0,0,100010,10,1,3,1197.61,384227.84,56.0,0
1,1,9,49,0,2,0,1,100326,10,0,39,1188.51,361601.95,56.0,1
1,1,9,49,0,2,0,1,50008,5,0,2,795.91,264187.44,56.0,2
1,1,9,49,0,2,0,1,160111,16,0,11,1288.42,375916.09,56.0,1
1,1,9,31,0,4,1,1,100408,10,0,48,1421.82,398340.41,56.0,1
1,1,9,31,0,4,1,1,160195,16,0,24,1077.77,324556.46,56.0,3
1,1,9,31,0,4,1,1,50094,5,0,11,1058.56,298413.06,56.0,2
1,0,9,46,1,3,0,2,100378,10,1,44,1224.71,313612.06,56.0,1
1,0,9,46,1,3,0,2,160163,16,0,21,837.95,214050.49,56.0,3
1,0,9,46,1,3,0,2,50062,5,0,9,793.56,245523.79,56.0,2
1,0,5,8,0,5,0,2,140159,14,0,17,686.6,187049.47,56.0,3
1,0,5,8,0,5,0,2,20486,2,0,56,722.22,213732.45,56.0,2
1,0,5,8,0,5,0,2,200073,20,0,9,576.96,181667.23,56.0,3
1,0,5,8,0,5,0,2,80408,8,0,47,543.08,160847.73,56.0,2
1,0,0,39,0,2,0,1,180262,18,0,30,1795.66,482951.02,56.0,1
1,0,0,39,0,2,0,1,10111,1,0,14,1181.69,337234.57,56.0,2
1,0,0,39,0,2,0,1,120344,12,0,38,1157.23,319615.17,56.0,3
1,0,0,39,0,2,0,1,70087,7,0,12,804.65,260656.65,56.0,2
1,1,9,55,0,2,1,0,110560,11,1,65,1427.09,415621.37,56.0,1
1,1,9,55,0,2,1,0,170376,17,0,46,1582.61,490828.61,56.0,1
1,1,9,55,0,2,1,0,60212,6,0,20,1897.17,629513.2,56.0,1
1,0,2,0,0,1,0,0,160018,16,0,3,466.91,142187.57,56.0,3
1,0,2,0,0,1,0,0,100239,10,0,29,486.78,133442.26,56.0,3
1,0,2,0,0,1,0,0,40349,4,0,42,738.34,256968.41,56.0,2
1,1,9,6,0,5,0,2,60189,6,0,19,1542.71,389622.67,85.0,1
1,1,9,6,0,5,0,2,110541,11,1,62,1938.82,693830.82,85.0,1
1,1,9,6,0,5,0,2,170352,17,0,45,1574.3,462346.45,85.0,1
1,0,9,55,1,2,1,1,60220,6,0,20,1897.17,565996.94,56.0,1
1,0,9,55,1,2,1,1,120004,12,0,1,839.95,252295.18,56.0,3
1,0,9,55,1,2,1,1,170386,17,1,48,1833.96,427154.66,56.0,1
1,1,9,31,1,4,0,0,110392,11,0,46,1798.85,615554.68,56.0,1
1,1,9,31,1,4,0,0,60048,6,0,4,1925.28,521054.42,56.0,1
1,1,9,31,1,4,0,0,170200,17,0,22,1221.66,353628.52,56.0,3
1,0,9,55,0,5,1,2,50253,5,0,33,1787.13,617600.77,39.0,1
1,0,9,55,0,5,1,2,160353,16,0,41,1001.72,285360.69,39.0,3
1,0,9,55,0,5,1,2,110132,11,0,14,524.68,174422.08,39.0,3
1,1,9,42,0,4,0,0,110024,11,1,3,1479.84,442609.68,83.0,1
1,1,9,42,0,4,0,0,160251,16,0,29,489.49,139220.68,83.0,3
1,1,9,42,0,4,0,0,50140,5,0,18,1267.03,383350.47,83.0,2
1,1,9,46,0,3,0,0,80158,8,0,20,774.16,240718.43,56.0,2
1,1,9,46,0,3,0,0,190279,19,0,32,1048.61,326363.04,56.0,3
1,1,9,46,0,3,0,0,20270,2,0,32,925.63,255847.44,56.0,2
1,1,9,46,0,3,0,0,130549,13,0,63,1623.8,558406.39,56.0,1
1,1,9,46,0,4,0,0,60132,6,0,10,942.08,312462.36,56.0,2
1,1,9,46,0,4,0,0,170286,17,0,35,1667.01,490050.27,56.0,1
1,1,9,46,0,4,0,0,110476,11,0,56,724.8,198493.91,56.0,3
1,0,9,55,0,3,0,1,90240,9,0,34,1577.36,411333.06,56.0,1
1,0,9,55,0,3,0,1,200406,20,1,46,1227.49,377643.05,56.0,3
1,0,9,55,0,3,0,1,30336,3,0,41,965.5,314592.39,56.0,2
1,0,9,55,0,3,0,1,140475,14,0,55,1415.9,425691.8,56.0,1
1,0,9,55,1,1,1,0,140168,14,0,17,686.6,206669.27,56.0,3
1,0,9,55,1,1,1,0,80421,8,0,48,480.99,153410.17,56.0,2
1,0,9,55,1,1,1,0,30005,3,0,1,689.75,189856.09,56.0,2
1,0,9,55,1,1,1,0,200084,20,0,11,1722.28,443196.31,56.0,1
1,1,9,7,0,5,1,0,10264,1,0,29,757.2,237620.45,45.0,2
1,1,9,7,0,5,1,0,180426,18,0,48,564.59,162372.88,45.0,3
1,1,9,7,0,5,1,0,70245,7,0,27,768.05,241050.67,45.0,2
1,1,9,7,0,5,1,0,130089,13,1,11,1678.3,468875.36,45.0,1
1,0,9,55,1,1,0,2,130175,13,0,20,516.72,136913.45,56.0,3
1,0,9,55,1,1,0,2,180505,18,0,56,1311.59,361624.36,56.0,3
1,0,9,55,1,1,0,2,10351,1,0,38,1355.85,327248.98,56.0,2
1,0,9,55,1,1,0,2,70331,7,0,39,1298.32,375792.14,56.0,2
1,0,1,54,1,5,1,2,180248,18,0,30,1795.66,549656.89,56.0,1
1,0,1,54,1,5,1,2,10102,1,0,13,719.47,191700.01,56.0,2
1,0,1,54,1,5,1,2,70074,7,0,11,834.5,275248.14,56.0,2
1,0,1,54,1,5,1,2,120329,12,0,35,1690.62,427288.98,56.0,1
1,1,9,55,0,1,0,2,180085,18,0,12,1692.5,568157.47,56.0,1
1,1,9,55,0,1,0,2,60356,6,0,40,1640.68,407646.04,56.0,1
1,1,9,55,0,1,0,2,120161,12,0,18,1702.66,512721.62,56.0,1
1,0,5,34,0,2,0,1,40053,4,1,5,786.98,276785.44,73.0,2
1,0,5,34,0,2,0,1,90480,9,0,58,838.34,247507.53,73.0,2
1,0,5,34,0,2,0,1,150242,15,0,29,1748.18,511596.53,73.0,1
1,1,9,55,0,5,1,1,130129,13,0,15,458.29,148440.79,56.0,3
1,1,9,55,0,5,1,1,180463,18,1,52,1424.54,494843.93,56.0,1
1,1,9,55,0,5,1,1,70286,7,1,34,1487.05,508149.11,56.0,1
1,1,9,55,0,5,1,1,10303,1,0,32,800.77,227545.66,56.0,2
1,1,4,53,0,4,1,0,190247,19,0,29,1657.84,461132.73,42.0,1
1,1,4,53,0,4,1,0,80122,8,0,14,685.93,218880.85,42.0,2
1,1,4,53,0,4,1,0,130511,13,0,59,1434.04,353752.57,42.0,1
1,1,4,53,0,4,1,0,20237,2,0,26,1577.79,581627.97,42.0,1
1,1,9,3,1,1,0,0,80095,8,0,11,742.87,229209.8,61.0,2
1,1,9,3,1,1,0,0,20216,2,0,24,785.12,234080.49,61.0,2
1,1,9,3,1,1,0,0,130485,13,0,56,606.9,164608.18,61.0,3
1,1,9,3,1,1,0,0,190223,19,0,26,668.24,206760.76,61.0,3
1,1,8,4,0,2,1,2,80464,8,0,55,1300.05,293754.17,56.0,2
1,1,8,4,0,2,1,2,200128,20,0,16,645.44,189778.78,56.0,3
1,1,8,4,0,2,1,2,140206,14,0,22,1148.66,312372.65,56.0,3
1,1,8,4,0,2,1,2,30043,3,0,5,701.19,240775.59,56.0,2
1,0,9,49,1,2,0,2,90500,9,0,58,838.34,248810.04,56.0,2
1,0,9,49,1,2,0,2,40069,4,0,7,786.36,231660.78,56.0,2
1,0,9,49,1,2,0,2,150259,15,0,30,1523.22,394401.98,56.0,1
1,0,9,55,0,3,1,2,160277,16,0,33,881.17,320824.87,33.0,3
1,0,9,55,0,3,1,2,50165,5,0,22,1059.78,344895.35,33.0,2
1,0,9,55,0,3,1,2,110052,11,0,6,1724.08,609943.05,33.0,1
0,1,4,10,0,3,1,0,110272,11,1,33,1632.55,525078.29,56.0,0
0,1,4,10,0,3,1,0,50389,5,0,46,1272.95,343500.43,56.0,0
0,1,4,10,0,3,1,0,170083,17,0,10,1059.07,362011.56,56.0,0
1,0,9,55,1,4,1,0,140136,14,1,15,784.04,245547.57,56.0,3
1,0,9,55,1,4,1,0,80380,8,0,45,1185.72,316429.2,56.0,2
1,0,9,55,1,4,1,0,20466,2,0,55,579.26,149623.91,56.0,2
1,0,9,55,1,4,1,0,200051,20,0,6,1401.0,385581.71,56.0,3
1,0,9,1,1,3,1,0,170413,17,1,48,1833.96,540188.44,56.0,1
1,0,9,1,1,3,1,0,120035,12,0,4,1559.34,424519.13,56.0,1
1,0,9,1,1,3,1,0,60248,6,0,25,1086.43,307679.73,56.0,2
1,0,9,43,1,2,0,2,160174,16,0,21,837.95,288299.66,42.0,3
1,0,9,43,1,2,0,2,100390,10,0,45,1119.1,333823.75,42.0,2
1,0,9,43,1,2,0,2,50075,5,0,10,629.27,206318.0,42.0,2
1,0,9,55,1,1,0,2,50123,5,0,15,1050.95,320250.05,56.0,2
1,0,9,55,1,1,0,2,110007,11,0,1,1902.88,657622.51,56.0,1
1,0,9,55,1,1,0,2,160234,16,0,28,1440.71,421867.31,56.0,1
1,1,8,38,0,2,0,2,30508,3,0,59,1353.02,353529.48,56.0,2
1,1,8,38,0,2,0,2,150178,15,0,23,1279.23,327686.08,56.0,3
1,1,8,38,0,2,0,2,90421,9,0,53,599.72,146552.13,56.0,2
1,1,2,0,1,4,0,2,40396,4,0,45,1160.48,348106.05,56.0,2
1,1,2,0,1,4,0,2,160058,16,0,8,986.18,315292.46,56.0,3
1,1,2,0,1,4,0,2,100280,10,1,33,1010.7,349143.67,56.0,3
1,1,5,9,0,3,1,2,60288,6,0,32,793.11,276441.24,56.0,2
1,1,5,9,0,3,1,2,170449,17,0,52,1742.3,537510.16,56.0,1
1,1,5,9,0,3,1,2,120079,12,0,9,857.88,268688.51,56.0,3
1,1,9,31,0,2,0,2,30403,3,0,49,1174.48,334121.61,56.0,2
1,1,9,31,0,2,0,2,90311,9,0,38,1260.31,348186.07,56.0,1
1,1,9,31,0,2,0,2,150067,15,0,10,1072.95,315265.89,56.0,3
1,1,9,31,0,2,0,2,200477,20,0,54,589.61,179336.56,56.0,3
1,1,9,55,0,2,0,0,100404,10,1,47,1047.27,340376.82,33.0,1
1,1,9,55,0,2,0,0,160192,16,0,23,594.14,185581.94,33.0,3
1,1,9,55,0,2,0,0,50091,5,0,11,1058.56,338810.07,33.0,2
1,0,9,55,0,2,1,0,100370,10,0,43,1093.67,296758.78,38.0,3
1,0,9,55,0,2,1,0,50052,5,0,9,793.56,264639.92,38.0,2
1,0,9,55,0,2,1,0,160153,16,0,19,1163.06,344081.34,38.0,3
1,1,9,55,0,1,0,0,110494,11,0,58,1159.31,317901.09,80.0,3
1,1,9,55,0,1,0,0,170304,17,0,38,721.83,198833.21,80.0,3
1,1,9,55,0,1,0,0,60147,6,1,12,1678.17,666248.73,80.0,1
1,1,9,49,0,4,1,2,90360,9,1,43,1908.91,551266.41,56.0,1
1,1,9,49,0,4,1,2,30446,3,0,51,693.85,199163.2,56.0,2
1,1,9,49,0,4,1,2,150114,15,0,16,1692.61,533937.17,56.0,1
1,1,5,8,1,4,0,2,90355,9,0,41,1488.32,463001.84,56.0,1
1,1,5,8,1,4,0,2,30441,3,0,51,693.85,172998.05,56.0,2
1,1,5,8,1,4,0,2,150109,15,0,15,522.71,168550.58,56.0,3
1,0,9,49,0,3,0,2,120159,12,0,18,1702.66,567781.4,56.0,1
1,0,9,49,0,3,0,2,180082,18,0,11,507.04,131544.5,56.0,3
1,0,9,49,0,3,0,2,60354,6,0,40,1640.68,483705.16,56.0,1
1,1,8,38,0,2,0,2,30265,3,0,29,666.0,218049.7,74.0,2
1,1,8,38,0,2,0,2,140400,14,0,48,1941.78,705388.85,74.0,1
1,1,8,38,0,2,0,2,200333,20,1,36,1484.99,511551.83,74.0,1
1,1,8,38,0,2,0,2,90171,9,0,26,1038.39,307532.45,74.0,2
1,0,9,18,0,3,0,2,100143,10,1,18,1244.03,378139.97,56.0,1
1,0,9,18,0,3,0,2,150440,15,0,55,892.75,284965.13,56.0,3
1,0,9,18,0,3,0,2,40247,4,0,29,776.79,243387.09,56.0,2
1,0,9,43,0,1,0,2,10164,1,0,20,1146.24,362045.2,52.0,2
1,0,9,43,0,1,0,2,70135,7,0,16,1239.87,305375.05,52.0,2
1,0,9,43,0,1,0,2,120391,12,0,45,1898.75,578903.12,52.0,1
1,0,9,43,0,1,0,2,180315,18,0,36,1089.77,333304.61,52.0,3
1,1,9,3,0,4,1,0,130447,13,1,50,1469.09,520703.06,36.0,1
1,1,9,3,0,4,1,0,190183,19,0,22,935.25,303814.9,36.0,3
1,1,9,3,0,4,1,0,20177,2,0,20,727.55,218055.03,36.0,2
1,1,9,3,0,4,1,0,80064,8,0,6,1370.17,392405.21,36.0,1
1,0,6,12,1,1,0,0,80285,8,0,33,1809.87,459972.28,45.0,1
1,0,6,12,1,1,0,0,20383,2,0,46,697.74,220293.24,45.0,2
1,0,6,12,1,1,0,0,140059,14,0,8,618.89,196546.06,45.0,3
1,0,6,12,1,1,0,0,190388,19,0,44,982.8,310988.41,45.0,3
1,0,9,18,0,4,0,2,200339,20,0,37,632.35,200206.9,56.0,3
1,0,9,18,0,4,0,2,140406,14,0,49,1231.75,439396.11,56.0,1
1,0,9,18,0,4,0,2,30273,3,0,30,796.57,261361.16,56.0,2
1,0,9,18,0,4,0,2,90179,9,0,27,1207.33,424440.43,56.0,1
1,0,2,0,1,4,0,2,140071,14,0,9,803.5,228660.27,56.0,3
1,0,2,0,1,4,0,2,80302,8,1,34,1684.75,486694.78,56.0,1
1,0,2,0,1,4,0,2,20395,2,0,46,697.74,233644.34,56.0,2
1,0,2,0,1,4,0,2,190401,19,0,46,1926.19,548965.53,56.0,1
1,1,2,15,1,3,1,2,100289,10,0,34,1435.44,451060.97,55.0,1
1,1,2,15,1,3,1,2,160069,16,0,8,986.18,306939.29,55.0,3
1,1,2,15,1,3,1,2,40409,4,0,47,805.88,219069.86,55.0,2
1,0,9,18,0,4,0,2,140215,14,0,23,1610.37,583905.11,43.0,1
1,0,9,18,0,4,0,2,200138,20,0,17,1089.33,341503.37,43.0,3
1,0,9,18,0,4,0,2,30051,3,0,5,701.19,203257.42,43.0,2
1,0,9,18,0,4,0,2,80470,8,0,55,1300.05,422703.93,43.0,1
1,1,9,55,0,5,1,2,60110,6,0,9,1194.12,285826.45,56.0,2
1,1,9,55,0,5,1,2,110454,11,0,52,1397.58,338606.44,56.0,1
1,1,9,55,0,5,1,2,170262,17,0,32,954.54,302112.82,56.0,3
1,0,2,45,0,5,0,0,30148,3,0,15,1230.25,319403.26,56.0,2
1,0,2,45,0,5,0,0,200217,20,0,26,1941.62,619157.65,56.0,1
1,0,2,45,0,5,0,0,140294,14,0,34,513.06,157775.85,56.0,3
1,0,2,45,0,5,0,0,90064,9,0,11,559.6,163278.2,56.0,2
1,0,8,25,0,4,0,1,200367,20,0,40,428.03,131115.08,56.0,3
1,0,8,25,0,4,0,1,90204,9,0,30,1250.17,363862.74,56.0,1
1,0,8,25,0,4,0,1,140433,14,0,51,1346.3,426811.39,56.0,1
1,0,8,25,0,4,0,1,30300,3,0,36,733.45,224405.33,56.0,2
1,0,9,46,1,1,0,2,70017,7,0,3,888.5,278826.18,56.0,2
1,0,9,46,1,1,0,2,10051,1,0,6,740.75,225076.85,56.0,2
1,0,9,46,1,1,0,2,120283,12,1,31,1245.29,368829.15,56.0,1
1,0,9,46,1,1,0,2,180204,18,1,26,1147.71,350791.53,56.0,3
1,0,9,43,0,3,0,0,140450,14,0,53,1493.72,491592.98,56.0,1
1,0,9,43,0,3,0,0,200383,20,0,42,811.56,270501.66,56.0,3
1,0,9,43,0,3,0,0,90217,9,0,31,1052.27,328063.42,56.0,2
1,0,9,43,0,3,0,0,30312,3,0,38,1173.4,304001.87,56.0,2
1,0,9,31,0,2,0,2,10193,1,0,23,1201.5,363926.58,56.0,2
1,0,9,31,0,2,0,2,70169,7,0,19,751.07,235505.29,56.0,2
1,0,9,31,0,2,0,2,130008,13,0,1,1899.92,607483.38,56.0,1
1,0,9,31,0,2,0,2,180351,18,0,40,990.46,256435.44,56.0,3
1,0,9,55,0,4,0,0,200479,20,0,54,589.61,181148.12,56.0,3
1,0,9,55,0,4,0,0,90314,9,0,38,1260.31,368901.23,56.0,1
1,0,9,55,0,4,0,0,30406,3,0,49,1174.48,325999.89,56.0,2
1,0,9,55,0,4,0,0,150070,15,0,10,1072.95,317628.8,56.0,3
1,1,9,31,0,5,0,0,110500,11,0,60,1295.04,364614.8,71.0,1
1,1,9,31,0,5,0,0,60152,6,0,12,1678.17,556748.94,71.0,1
1,1,9,31,0,5,0,0,170314,17,1,39,1341.67,385358.62,71.0,1
1,0,9,55,0,3,0,2,150028,15,0,3,748.99,226867.23,55.0,3
1,0,9,55,0,3,0,2,90273,9,0,35,1376.88,441956.77,55.0,1
1,0,9,55,0,3,0,2,30367,3,0,46,1599.81,474806.32,55.0,1
1,0,9,55,0,3,0,2,200437,20,1,49,880.76,220783.13,55.0,3
1,0,9,55,0,1,0,0,20449,2,1,52,914.01,253110.2,56.0,2
1,0,9,55,0,1,0,0,80363,8,1,43,1490.59,517271.54,56.0,1
1,0,9,55,0,1,0,0,140119,14,0,13,442.74,159112.85,56.0,3
1,0,9,55,0,1,0,0,200032,20,0,3,1645.93,500222.5,56.0,1
0,0,9,55,0,2,0,0,10400,1,0,46,1153.16,352499.47,56.0,0
0,0,9,55,0,2,0,0,70378,7,0,43,498.61,149009.47,56.0,0
0,0,9,55,0,2,0,0,180556,18,0,64,893.66,248257.94,56.0,0
0,0,9,55,0,2,0,0,130227,13,0,26,1867.78,595268.86,56.0,0
1,0,9,31,1,2,0,2,160224,16,1,27,1164.55,395005.44,69.0,3
1,0,9,31,1,2,0,2,100429,10,0,50,1138.32,347148.29,69.0,1
1,0,9,31,1,2,0,2,50116,5,0,15,1050.95,330647.39,69.0,2
1,0,9,18,0,2,0,0,200228,20,0,29,1844.16,577676.3,56.0,1
1,0,9,18,0,2,0,0,30155,3,0,18,706.68,213673.14,56.0,2
1,0,9,18,0,2,0,0,90073,9,0,12,952.38,293944.69,56.0,2
1,0,9,18,0,2,0,0,140301,14,0,35,1152.84,353902.36,56.0,3
1,1,9,55,0,2,0,1,190302,19,1,36,855.94,276512.82,39.0,3
1,1,9,55,0,2,0,1,80187,8,0,26,1625.38,461367.86,39.0,1
1,1,9,55,0,2,0,1,130571,13,0,67,524.97,165302.78,39.0,3
1,1,9,55,0,2,0,1,20294,2,0,35,1391.68,415639.7,39.0,2
0,0,9,18,0,2,0,0,150020,15,0,2,1522.89,451659.51,56.0,0
0,0,9,18,0,2,0,0,90264,9,1,34,1577.36,573336.74,56.0,0
0,0,9,18,0,2,0,0,30360,3,0,44,673.86,207942.28,56.0,0
0,0,9,18,0,2,0,0,200429,20,0,48,860.8,265186.67,56.0,0
1,0,9,55,0,4,0,0,140420,14,0,51,1346.3,336483.03,56.0,1
1,0,9,55,0,4,0,0,90192,9,0,28,1931.82,530069.18,56.0,1
1,0,9,55,0,4,0,0,200353,20,0,38,1499.47,342484.01,56.0,3
1,0,9,55,0,4,0,0,30289,3,0,35,925.48,280028.94,56.0,2
1,0,9,6,0,4,0,2,20167,2,1,19,795.52,272400.92,51.0,2
1,0,9,6,0,4,0,2,190169,19,1,21,477.75,179270.66,51.0,3
1,0,9,6,0,4,0,2,130438,13,0,48,1728.84,479065.61,51.0,1
1,0,9,6,0,4,0,2,80052,8,0,5,887.23,257981.51,51.0,2
1,1,9,55,1,1,0,2,110072,11,1,8,1001.41,318935.71,56.0,3
1,1,9,55,1,1,0,2,50181,5,0,23,1006.65,268561.28,56.0,2
1,1,9,55,1,1,0,2,160298,16,0,35,629.97,161300.27,56.0,3
1,1,9,31,0,2,0,0,60017,6,0,1,1720.95,606381.67,72.0,1
1,1,9,31,0,2,0,0,110348,11,0,42,808.59,250716.18,72.0,3
1,1,9,31,0,2,0,0,170170,17,0,17,1827.25,560968.54,72.0,1
1,1,8,38,0,5,0,2,170278,17,0,33,1532.89,575664.65,56.0,1
1,1,8,38,0,5,0,2,110469,11,0,56,724.8,195152.94,56.0,3
1,1,8,38,0,5,0,2,60126,6,0,10,942.08,252203.89,56.0,2
1,1,9,29,1,2,0,2,40007,4,0,1,1615.98,542134.93,72.0,1
1,1,9,29,1,2,0,2,90429,9,0,54,1693.18,540205.3,72.0,1
1,1,9,29,1,2,0,2,150188,15,0,23,1279.23,360894.66,72.0,1
1,1,5,8,1,4,1,2,30391,3,1,48,783.39,295212.95,54.0,2
1,1,5,8,1,4,1,2,90299,9,0,37,731.44,216241.14,54.0,2
1,1,5,8,1,4,1,2,200465,20,0,52,1634.67,451642.29,54.0,1
1,1,5,8,1,4,1,2,150057,15,1,9,565.48,180509.34,54.0,3
0,1,8,47,0,5,0,2,180277,18,0,33,1191.96,371990.04,56.0,0
0,1,8,47,0,5,0,2,120360,12,1,38,1157.23,431727.12,56.0,0
0,1,8,47,0,5,0,2,70101,7,1,13,604.6,172730.12,56.0,0
0,1,8,47,0,5,0,2,10124,1,1,15,765.0,220409.41,56.0,0
1,1,9,3,0,1,0,2,110457,11,0,52,1397.58,396446.03,56.0,1
1,1,9,3,0,1,0,2,60114,6,0,10,942.08,274210.46,56.0,2
1,1,9,3,0,1,0,2,170266,17,0,32,954.54,267900.7,56.0,3
1,1,9,6,1,1,1,2,90088,9,0,14,1445.3,473439.58,56.0,1
1,1,9,6,1,1,1,2,140315,14,0,37,1469.73,427134.73,56.0,1
1,1,9,6,1,1,1,2,200242,20,0,30,1703.94,649524.31,56.0,1
1,1,9,6,1,1,1,2,30167,3,0,19,1602.22,482466.49,56.0,1
1,1,8,25,0,4,1,2,200211,20,0,26,1941.62,532651.76,56.0,1
1,1,8,25,0,4,1,2,30141,3,0,14,788.59,232882.7,56.0,2
1,1,8,25,0,4,1,2,90055,9,1,9,1391.22,469019.71,56.0,1
1,1,8,25,0,4,1,2,140287,14,0,33,1894.96,588224.19,56.0,1
1,0,9,43,0,2,1,0,170291,17,0,35,1667.01,486946.4,72.0,1
1,0,9,43,0,2,1,0,60136,6,0,11,1719.85,602654.49,72.0,1
1,0,9,43,0,2,1,0,110480,11,0,57,1008.58,293155.68,72.0,3
1,1,1,5,0,3,0,2,110104,11,1,12,1754.75,543741.11,56.0,1
1,1,1,5,0,3,0,2,50215,5,0,28,1247.24,329008.0,56.0,2
1,1,1,5,0,3,0,2,160330,16,0,39,1562.93,576814.21,56.0,1
1,0,9,49,0,2,0,2,90096,9,0,16,924.6,241264.21,56.0,2
1,0,9,49,0,2,0,2,30177,3,0,19,1602.22,507717.69,56.0,1
1,0,9,49,0,2,0,2,200255,20,0,30,1703.94,503479.89,56.0,1
1,0,9,49,0,2,0,2,140329,14,0,39,1811.84,456636.39,56.0,1
1,0,0,44,0,5,0,2,80311,8,1,36,673.86,244195.59,71.0,2
1,0,0,44,0,5,0,2,190408,19,0,46,1926.19,487252.76,71.0,1
1,0,0,44,0,5,0,2,140078,14,0,11,1431.42,437447.15,71.0,1
1,0,0,44,0,5,0,2,20402,2,0,47,708.32,209740.71,71.0,2
1,0,9,31,0,4,1,0,10409,1,0,47,771.08,230895.04,72.0,2
1,0,9,31,0,4,1,0,70384,7,0,43,498.61,155195.53,72.0,2
1,0,9,31,0,4,1,0,130233,13,0,27,885.68,275412.14,72.0,3
1,0,9,31,0,4,1,0,180566,18,1,66,1631.24,474549.83,72.0,1
1,1,9,18,1,5,0,0,90223,9,1,33,973.52,258281.48,34.0,2
1,1,9,18,1,5,0,0,200392,20,0,43,1697.49,488991.11,34.0,1
1,1,9,18,1,5,0,0,140458,14,0,55,1415.9,451042.71,34.0,1
1,1,9,18,1,5,0,0,30318,3,1,39,1598.95,499234.71,34.0,1
1,1,9,18,0,4,0,2,60345,6,0,39,744.54,232653.03,62.0,2
1,1,9,18,0,4,0,2,180072,18,0,9,894.92,257213.45,62.0,3
1,1,9,18,0,4,0,2,120147,12,0,17,1428.55,438596.72,62.0,1
1,0,5,9,0,3,1,2,70080,7,0,12,804.65,219643.49,83.0,2
1,0,5,9,0,3,1,2,180255,18,0,30,1795.66,567788.73,83.0,1
1,0,5,9,0,3,1,2,120338,12,0,37,1681.78,463430.97,83.0,1
1,0,5,9,0,3,1,2,10107,1,1,14,1181.69,369296.54,83.0,2
1,1,9,43,0,3,0,0,110417,11,1,49,1095.85,290170.99,56.0,3
1,1,9,43,0,3,0,0,170223,17,0,26,929.59,301035.57,56.0,3
1,1,9,43,0,3,0,0,60070,6,0,7,1075.42,272177.18,56.0,2
1,1,5,8,0,4,0,2,170417,17,0,48,1833.96,626692.98,73.0,1
1,1,5,8,0,4,0,2,60251,6,0,25,1086.43,339295.67,73.0,2
1,1,5,8,0,4,0,2,120039,12,0,4,1559.34,392122.42,73.0,1
0,0,9,55,1,5,0,0,140167,14,0,17,686.6,179985.88,56.0,0
0,0,9,55,1,5,0,0,200082,20,0,11,1722.28,531069.6,56.0,0
0,0,9,55,1,5,0,0,30003,3,0,1,689.75,204858.89,56.0,0
0,0,9,55,1,5,0,0,80419,8,0,48,480.99,122725.68,56.0,0
1,1,9,42,1,2,0,0,180165,18,0,22,1108.09,352780.59,59.0,3
1,1,9,42,1,2,0,0,60449,6,1,53,1170.96,410695.68,59.0,2
1,1,9,42,1,2,0,0,120241,12,0,26,557.9,140289.6,59.0,3
1,1,9,55,0,2,0,2,170222,17,0,26,929.59,301401.46,27.0,3
1,1,9,55,0,2,0,2,60069,6,0,6,951.22,363203.22,27.0,2
1,1,9,55,0,2,0,2,110416,11,1,49,1095.85,305312.51,27.0,3
1,1,9,1,1,5,0,0,20161,2,0,19,795.52,277015.0,29.0,2
1,1,9,1,1,5,0,0,190162,19,1,20,1772.03,508492.65,29.0,1
1,1,9,1,1,5,0,0,130430,13,0,47,1874.35,614304.54,29.0,1
1,1,9,1,1,5,0,0,80042,8,0,5,887.23,269136.39,29.0,2
1,1,9,55,0,2,1,0,150254,15,1,30,1523.22,574838.1,37.0,1
1,1,9,55,0,2,1,0,40062,4,0,6,1602.95,445333.44,37.0,1
1,1,9,55,0,2,1,0,90492,9,0,58,838.34,234943.46,37.0,2
1,0,9,46,0,2,0,0,110316,11,0,38,788.47,205406.56,56.0,3
1,0,9,46,0,2,0,0,50431,5,0,50,1261.07,420285.34,56.0,2
1,0,9,46,0,2,0,0,170133,17,0,15,1365.73,414990.91,56.0,1
1,0,9,3,1,2,0,0,50336,5,0,43,802.72,262212.19,56.0,2
1,0,9,3,1,2,0,0,170029,17,0,2,1738.5,472362.72,56.0,1
1,0,9,3,1,2,0,0,110218,11,1,26,490.37,166438.51,56.0,3
1,0,9,55,1,5,0,2,50155,5,0,21,1253.3,354747.82,80.0,2
1,0,9,55,1,5,0,2,110037,11,0,4,1414.25,422353.15,80.0,1
1,0,9,55,1,5,0,2,160264,16,0,31,1336.97,424676.81,80.0,1
1,1,9,3,0,2,1,1,100100,10,0,12,852.74,249297.36,56.0,3
1,1,9,3,0,2,1,1,40213,4,0,26,790.05,223944.32,56.0,2
1,1,9,3,0,2,1,1,150405,15,0,51,1689.08,534107.07,56.0,1
1,0,9,6,0,2,0,2,160126,16,0,14,660.84,197899.51,56.0,3
1,0,9,6,0,2,0,2,50022,5,0,4,799.1,229209.92,56.0,2
1,0,9,6,0,2,0,2,100345,10,0,42,1757.51,618238.68,56.0,1
1,1,9,3,0,3,0,2,160194,16,0,24,1077.77,387724.0,56.0,3
1,1,9,3,0,3,0,2,50093,5,0,11,1058.56,316043.31,56.0,2
1,1,9,3,0,3,0,2,100407,10,0,48,1421.82,385864.39,56.0,1
1,1,9,6,0,5,0,2,90148,9,0,23,901.21,293975.04,56.0,2
1,1,9,6,0,5,0,2,200309,20,0,33,630.53,154906.87,56.0,3
1,1,9,6,0,5,0,2,30234,3,0,27,1117.14,395854.74,56.0,2
1,1,9,6,0,5,0,2,140377,14,0,46,1258.99,404402.26,56.0,1
1,0,9,29,0,4,0,2,180402,18,0,45,1627.52,368888.52,74.0,1
1,0,9,29,0,4,0,2,70218,7,0,24,852.99,268522.4,74.0,2
1,0,9,29,0,4,0,2,10242,1,0,28,1946.26,605564.38,74.0,1
1,0,9,29,0,4,0,2,130065,13,0,7,1115.82,307845.19,74.0,3
1,0,9,18,1,4,1,1,90271,9,0,35,1376.88,392258.56,56.0,1
1,0,9,18,1,4,1,1,30366,3,0,45,1598.85,470911.04,56.0,1
1,0,9,18,1,4,1,1,200436,20,0,49,880.76,279388.09,56.0,3
1,0,9,18,1,4,1,1,150027,15,0,3,748.99,229851.21,56.0,3
1,1,7,41,0,1,0,2,140137,14,1,15,784.04,230382.24,56.0,3
1,1,7,41,0,1,0,2,20468,2,0,55,579.26,189388.07,56.0,2
1,1,7,41,0,1,0,2,200052,20,0,6,1401.0,456799.28,56.0,1
1,1,7,41,0,1,0,2,80381,8,0,46,1175.51,344735.03,56.0,2
1,0,9,55,1,5,0,2,160279,16,0,33,881.17,260142.62,56.0,3
1,0,9,55,1,5,0,2,110053,11,0,6,1724.08,543452.8,56.0,1
1,0,9,55,1,5,0,2,50166,5,0,22,1059.78,306962.07,56.0,2
1,0,9,46,0,5,0,2,40395,4,0,45,1160.48,374768.98,30.0,2
1,0,9,46,0,5,0,2,100279,10,0,33,1010.7,354490.38,30.0,2
1,0,9,46,0,5,0,2,160057,16,0,7,941.57,299250.24,30.0,3
1,0,9,55,0,1,0,2,70503,7,0,58,1629.83,476397.0,56.0,1
1,0,9,55,0,1,0,2,190102,19,0,14,630.47,213497.85,56.0,3
1,0,9,55,0,1,0,2,130370,13,0,41,1168.7,356090.1,56.0,3
1,0,9,55,0,1,0,2,20105,2,0,12,1610.5,483688.37,56.0,2
1,0,1,48,0,3,0,1,60243,6,0,24,1159.75,343592.86,32.0,2
1,0,1,48,0,3,0,1,120025,12,0,3,1469.27,430665.65,32.0,1
1,0,1,48,0,3,0,1,170408,17,0,48,1833.96,545747.26,32.0,1
1,1,9,55,0,2,0,0,120064,12,0,8,1803.36,526401.55,44.0,1
1,1,9,55,0,2,0,0,60275,6,0,30,552.59,153396.33,44.0,2
1,1,9,55,0,2,0,0,170440,17,0,51,1375.52,465247.02,44.0,1
1,0,9,55,1,1,0,1,150253,15,0,30,1523.22,478984.35,56.0,1
1,0,9,55,1,1,0,1,90491,9,0,58,838.34,262057.47,56.0,2
1,0,9,55,1,1,0,1,40061,4,0,6,1602.95,447783.62,56.0,1
1,0,9,3,0,3,1,0,100162,10,1,20,1264.43,472251.6,56.0,1
1,0,9,3,0,3,1,0,150455,15,0,55,892.75,244256.2,56.0,3
1,0,9,3,0,3,1,0,40262,4,0,31,793.1,269484.63,56.0,2
0,0,9,31,1,1,1,2,80348,8,0,39,1290.89,398487.78,56.0,0
0,0,9,31,1,1,1,2,140108,14,0,12,459.44,145299.39,56.0,0
0,0,9,31,1,1,1,2,20438,2,0,50,1604.8,468241.5,56.0,0
0,0,9,31,1,1,1,2,200015,20,0,1,1898.39,586824.88,56.0,0
1,0,9,55,0,3,1,0,80279,8,1,33,1809.87,538355.66,56.0,1
1,0,9,55,0,3,1,0,190379,19,0,43,1697.72,518931.48,56.0,1
1,0,9,55,0,3,1,0,20375,2,0,45,782.2,262249.92,56.0,2
1,0,9,55,0,3,1,0,140054,14,1,8,618.89,217668.0,56.0,3
1,1,9,1,0,1,0,2,100110,10,0,14,1318.01,344813.48,56.0,1
1,1,9,1,0,1,0,2,150416,15,0,52,829.2,283362.29,56.0,3
1,1,9,1,0,1,0,2,40224,4,1,26,790.05,289745.77,56.0,2
1,1,9,1,0,5,0,2,70217,7,0,24,852.99,260906.28,56.0,2
1,1,9,1,0,5,0,2,180401,18,0,45,1627.52,485373.77,56.0,1
1,1,9,1,0,5,0,2,10240,1,0,28,1946.26,530674.29,56.0,1
1,1,9,1,0,5,0,2,130064,13,0,7,1115.82,279299.14,56.0,3
1,0,8,4,0,1,1,0,70187,7,0,21,1528.62,498875.48,53.0,1
1,0,8,4,0,1,1,0,130032,13,0,2,1651.02,517417.7,53.0,1
1,0,8,4,0,1,1,0,180371,18,0,41,852.83,275046.94,53.0,3
1,0,8,4,0,1,1,0,10209,1,0,24,1146.11,278050.57,53.0,2
1,0,9,55,0,5,0,2,180368,18,0,41,852.83,280416.46,56.0,3
1,0,9,55,0,5,0,2,70185,7,0,21,1528.62,355573.01,56.0,1
1,0,9,55,0,5,0,2,10206,1,0,24,1146.11,333730.54,56.0,2
1,0,9,55,0,5,0,2,130028,13,0,2,1651.02,538246.86,56.0,1
1,0,5,8,1,3,0,0,60474,6,0,55,562.37,173084.07,56.0,2
1,0,5,8,1,3,0,0,10027,1,0,3,788.73,219973.45,56.0,2
1,0,5,8,1,3,0,0,180187,18,1,25,911.94,263752.65,56.0,3
1,0,5,8,1,3,0,0,120263,12,1,28,1563.65,563520.95,56.0,1
1,1,9,55,0,2,1,2,90190,9,0,28,1931.82,560165.35,56.0,1
1,1,9,55,0,2,1,2,200352,20,0,38,1499.47,368567.45,56.0,1
1,1,9,55,0,2,1,2,30286,3,0,34,768.76,259647.03,56.0,2
1,1,9,55,0,2,1,2,140419,14,0,51,1346.3,450664.17,56.0,1
1,1,9,1,0,1,0,2,160258,16,0,30,1024.75,324503.53,56.0,3
1,1,9,1,0,1,0,2,110031,11,0,4,1414.25,516866.8,56.0,1
1,1,9,1,0,1,0,2,50146,5,0,19,819.72,253448.35,56.0,2
1,1,9,29,0,3,1,2,60385,6,0,44,842.69,256117.85,36.0,2
1,1,9,29,0,3,1,2,120185,12,0,20,1802.21,561841.89,36.0,1
1,1,9,29,0,3,1,2,180112,18,0,15,1728.6,494231.73,36.0,1
1,0,1,5,1,2,0,2,200123,20,0,16,645.44,214159.01,56.0,3
1,0,1,5,1,2,0,2,80459,8,0,54,1699.02,536046.25,56.0,1
1,0,1,5,1,2,0,2,140198,14,0,22,1148.66,425275.93,56.0,1
1,0,1,5,1,2,0,2,30038,3,0,4,719.96,212345.96,56.0,2
1,0,9,55,0,5,0,1,110252,11,0,30,642.72,195607.16,56.0,3
1,0,9,55,0,5,0,1,50372,5,0,45,608.89,190719.01,56.0,2
1,0,9,55,0,5,0,1,170065,17,0,8,1297.3,375027.09,56.0,3
1,1,2,15,0,3,0,2,110035,11,1,4,1414.25,438900.24,56.0,1
1,1,2,15,0,3,0,2,160262,16,1,31,1336.97,431255.44,56.0,1
1,1,2,15,0,3,0,2,50151,5,0,20,804.84,202296.39,56.0,2
1,1,9,3,0,1,0,2,180105,18,0,14,1742.3,581837.55,56.0,1
1,1,9,3,0,1,0,2,60374,6,0,43,1492.81,477598.19,56.0,1
1,1,9,3,0,1,0,2,120177,12,0,19,1381.22,452685.9,56.0,1
1,1,9,3,1,3,1,0,60164,6,0,14,1890.0,494576.31,56.0,1
1,1,9,3,1,3,1,0,110513,11,0,61,1299.46,390999.79,56.0,1
1,1,9,3,1,3,1,0,170327,17,0,40,1583.13,555106.11,56.0,1
1,0,8,25,0,1,1,2,140244,14,0,28,486.35,171063.35,56.0,3
1,0,8,25,0,1,1,2,30094,3,0,9,1125.84,354725.76,56.0,2
1,0,8,25,0,1,1,2,90008,9,0,1,832.35,267376.53,56.0,2
1,0,8,25,0,1,1,2,200169,20,1,19,759.72,255423.12,56.0,3
1,1,9,49,0,1,0,2,180362,18,0,40,990.46,297021.88,56.0,3
1,1,9,49,0,1,0,2,130020,13,0,2,1651.02,566227.62,56.0,1
1,1,9,49,0,1,0,2,10201,1,0,24,1146.11,357161.43,56.0,2
1,1,9,49,0,1,0,2,70178,7,0,20,1160.82,389909.94,56.0,2
1,0,9,55,0,2,0,0,140097,14,0,12,459.44,152649.29,56.0,3
1,0,9,55,0,2,0,0,200001,20,0,1,1898.39,736652.27,56.0,1
1,0,9,55,0,2,0,0,80334,8,0,37,890.65,293037.28,56.0,2
1,0,9,55,0,2,0,0,20423,2,0,48,788.44,232961.9,56.0,2
1,1,9,31,0,3,0,2,130200,13,0,22,1811.36,517206.46,57.0,1
1,1,9,31,0,3,0,2,70351,7,0,41,1093.92,335850.0,57.0,2
1,1,9,31,0,3,0,2,180531,18,0,60,1488.67,482626.46,57.0,1
1,1,9,31,0,3,0,2,10374,1,0,41,835.25,227751.55,57.0,2
1,1,6,11,0,4,1,0,80495,8,0,57,1949.35,661652.26,82.0,1
1,1,6,11,0,4,1,0,140232,14,0,25,586.85,161280.03,82.0,3
1,1,6,11,0,4,1,0,200155,20,0,18,1868.01,550183.0,82.0,1
1,1,6,11,0,4,1,0,30080,3,0,7,744.01,206070.96,82.0,2
1,1,9,18,0,1,0,0,180523,18,0,58,955.23,292435.58,26.0,3
1,1,9,18,0,1,0,0,70345,7,0,41,1093.92,356161.33,26.0,2
1,1,9,18,0,1,0,0,10368,1,0,41,835.25,246579.07,26.0,2
1,1,9,18,0,1,0,0,130193,13,1,21,1680.5,610193.44,26.0,1
0,0,9,55,1,1,0,0,120410,12,0,47,1528.05,458559.81,58.0,0
0,0,9,55,1,1,0,0,70156,7,0,19,751.07,193701.86,58.0,0
0,0,9,55,1,1,0,0,180342,18,0,39,662.88,191623.18,58.0,0
0,0,9,55,1,1,0,0,10180,1,1,22,740.83,207582.07,58.0,0
1,0,2,45,1,1,0,0,110086,11,0,10,1519.64,398549.19,67.0,1
1,0,2,45,1,1,0,0,160313,16,0,37,922.03,285774.24,67.0,3
1,0,2,45,1,1,0,0,50193,5,0,24,807.02,281449.31,67.0,2
1,1,9,55,1,1,0,2,10183,1,0,22,740.83,240139.8,56.0,2
1,1,9,55,1,1,0,2,120415,12,0,48,1919.31,612698.53,56.0,1
1,1,9,55,1,1,0,2,180345,18,0,39,662.88,185282.56,56.0,3
1,1,9,55,1,1,0,2,70159,7,0,19,751.07,237334.62,56.0,2
1,0,9,46,1,3,0,1,200115,20,0,16,645.44,194146.19,41.0,3
1,0,9,46,1,3,0,1,80449,8,0,53,1891.72,573332.74,41.0,1
1,0,9,46,1,3,0,1,140190,14,1,21,1560.87,446243.8,41.0,1
1,0,9,46,1,3,0,1,30027,3,0,3,783.65,252745.06,41.0,2
0,0,9,1,1,3,0,2,130443,13,1,49,572.01,196398.29,41.0,0
0,0,9,1,1,3,0,2,80058,8,1,6,1370.17,367368.12,41.0,0
0,0,9,1,1,3,0,2,190176,19,0,22,935.25,277608.69,41.0,0
0,0,9,1,1,3,0,2,20173,2,1,20,727.55,218325.78,41.0,0
1,0,9,31,0,2,1,2,190207,19,0,25,996.38,334332.79,56.0,3
1,0,9,31,0,2,1,2,80080,8,1,9,1869.81,610377.15,56.0,1
1,0,9,31,0,2,1,2,20202,2,0,23,1416.33,411480.9,56.0,2
1,0,9,31,0,2,1,2,130467,13,0,53,968.77,308824.33,56.0,3
1,1,9,3,0,3,1,0,180488,18,0,54,1756.12,496516.32,51.0,1
1,1,9,3,0,3,1,0,70317,7,0,38,1755.26,532979.3,51.0,1
1,1,9,3,0,3,1,0,130156,13,0,18,1820.34,623318.65,51.0,1
1,1,9,3,0,3,1,0,10338,1,0,36,613.59,178955.35,51.0,2
1,0,9,3,0,3,0,1,130249,13,0,29,568.7,160520.27,54.0,3
1,0,9,3,0,3,0,1,180578,18,0,66,1631.24,452777.15,54.0,1
1,0,9,3,0,3,0,1,10424,1,0,49,629.24,165204.11,54.0,2
1,0,9,3,0,3,0,1,70397,7,0,45,1150.93,338690.28,54.0,2
1,0,9,49,1,4,0,2,90094,9,1,16,924.6,238207.62,56.0,2
1,0,9,49,1,4,0,2,30174,3,0,19,1602.22,526180.38,56.0,1
1,0,9,49,1,4,0,2,200253,20,0,30,1703.94,494574.08,56.0,1
1,0,9,49,1,4,0,2,140325,14,0,38,1170.11,345923.44,56.0,3
1,0,8,47,0,5,1,2,60297,6,1,33,1131.0,327382.45,56.0,2
1,0,8,47,0,5,1,2,120089,12,0,12,959.05,275447.01,56.0,3
1,0,8,47,0,5,1,2,180006,18,0,1,1379.64,416556.23,56.0,1
1,0,9,20,0,3,0,0,130033,13,0,2,1651.02,506031.7,60.0,1
1,0,9,20,0,3,0,0,180373,18,0,41,852.83,253379.8,60.0,3
1,0,9,20,0,3,0,0,70188,7,0,21,1528.62,482573.13,60.0,1
1,0,9,20,0,3,0,0,10210,1,0,24,1146.11,311548.88,60.0,2
1,1,9,6,1,2,0,2,40186,4,0,23,1110.99,363974.2,50.0,2
1,1,9,6,1,2,0,2,150386,15,0,49,460.17,110967.48,50.0,3
1,1,9,6,1,2,0,2,100079,10,0,9,1849.4,554297.11,50.0,1
1,0,9,1,0,5,0,0,160046,16,0,6,1062.34,295791.28,56.0,3
1,0,9,1,0,5,0,0,100268,10,0,31,1499.0,344108.77,56.0,1
1,0,9,1,0,5,0,0,40382,4,1,45,1160.48,416649.42,56.0,2
1,1,8,47,1,5,1,1,150293,15,0,35,745.49,241073.25,31.0,3
1,1,8,47,1,5,1,1,40097,4,0,13,809.06,262390.52,31.0,2
1,1,8,47,1,5,1,1,90529,9,0,62,1263.44,357655.99,31.0,1
1,0,9,7,0,4,0,0,80061,8,0,6,1370.17,415532.62,29.0,1
1,0,9,7,0,4,0,0,190179,19,0,22,935.25,256486.59,29.0,3
1,0,9,7,0,4,0,0,130446,13,0,49,572.01,180013.62,29.0,3
1,0,9,7,0,4,0,0,20176,2,0,20,727.55,204717.2,29.0,2
1,0,5,23,0,2,0,0,160025,16,0,4,1561.55,395742.9,56.0,1
1,0,5,23,0,2,0,0,40356,4,0,43,1616.99,441147.68,56.0,1
1,0,5,23,0,2,0,0,100248,10,0,30,1559.4,472764.91,56.0,1
1,1,9,49,0,4,1,0,100029,10,0,4,1765.37,449252.81,56.0,1
1,1,9,49,0,4,1,0,150330,15,0,38,585.57,173559.11,56.0,3
1,1,9,49,0,4,1,0,40129,4,0,15,760.39,241793.69,56.0,2
1,1,9,20,0,1,0,1,120192,12,0,22,892.67,308919.06,30.0,3
1,1,9,20,0,1,0,1,60397,6,0,47,550.99,179671.47,30.0,2
1,1,9,20,0,1,0,1,180119,18,0,16,1360.96,424747.54,30.0,1
1,1,3,56,0,1,0,2,130426,13,0,47,1874.35,552935.09,34.0,1
1,1,3,56,0,1,0,2,190157,19,1,20,1772.03,631156.09,34.0,1
1,1,3,56,0,1,0,2,20155,2,0,18,784.76,225010.98,34.0,2
1,1,3,56,0,1,0,2,80036,8,0,4,1934.75,650190.52,34.0,1
1,1,9,6,0,5,0,0,40093,4,1,12,789.38,243288.52,56.0,2
1,1,9,6,0,5,0,0,90526,9,0,60,1919.77,617811.07,56.0,1
1,1,9,6,0,5,0,0,150290,15,0,35,745.49,257914.02,56.0,3
1,1,9,55,1,4,0,0,100126,10,0,16,1169.15,355085.18,56.0,1
1,1,9,55,1,4,0,0,40237,4,1,29,776.79,227118.11,56.0,2
1,1,9,55,1,4,0,0,150430,15,0,53,696.04,212562.05,56.0,3
1,0,6,33,1,5,0,2,190083,19,0,13,766.61,253393.14,59.0,3
1,0,6,33,1,5,0,2,70485,7,0,57,1347.67,431607.68,59.0,1
1,0,6,33,1,5,0,2,130349,13,0,38,656.42,180340.51,59.0,3
1,0,6,33,1,5,0,2,20088,2,0,10,788.79,277290.5,59.0,2
1,0,7,37,0,3,1,0,170387,17,0,48,1833.96,516604.4,28.0,1
1,0,7,37,0,3,1,0,120005,12,0,1,839.95,239395.32,28.0,3
1,0,7,37,0,3,1,0,60221,6,0,20,1897.17,565905.82,28.0,1
1,0,0,44,0,2,0,0,20422,2,0,48,788.44,259070.5,31.0,2
1,0,0,44,0,2,0,0,190432,19,0,50,1227.01,363010.65,31.0,3
1,0,0,44,0,2,0,0,80333,8,0,37,890.65,270409.23,31.0,2
1,0,0,44,0,2,0,0,140095,14,0,12,459.44,127809.54,31.0,3
1,0,9,31,1,4,0,0,40325,4,1,39,743.73,188265.35,56.0,2
1,0,9,31,1,4,0,0,150513,15,1,60,1033.2,340778.92,56.0,3
1,0,9,31,1,4,0,0,100218,10,0,27,777.35,232234.81,56.0,3
1,0,8,47,0,5,1,2,70511,7,0,59,765.3,250106.9,56.0,2
1,0,8,47,0,5,1,2,190109,19,0,15,538.06,160523.29,56.0,3
1,0,8,47,0,5,1,2,20115,2,0,14,1296.39,352637.6,56.0,2
1,0,8,47,0,5,1,2,130379,13,0,42,1044.42,282504.55,56.0,3
0,1,9,1,1,5,0,2,180501,18,1,55,930.04,262939.01,56.0,0
0,1,9,1,1,5,0,2,70328,7,0,38,1755.26,570156.97,56.0,0
0,1,9,1,1,5,0,2,10348,1,0,37,758.3,240860.6,56.0,0
0,1,9,1,1,5,0,2,130168,13,1,19,758.69,226014.9,56.0,0
1,1,9,55,0,4,0,2,150414,15,0,52,829.2,232663.21,56.0,3
1,1,9,55,0,4,0,2,100108,10,0,14,1318.01,384006.83,56.0,1
1,1,9,55,0,4,0,2,40222,4,0,26,790.05,255135.92,56.0,2
1,1,9,46,0,3,0,0,30394,3,0,48,783.39,260404.56,56.0,2
1,1,9,46,0,3,0,0,200469,20,0,53,1119.38,380365.78,56.0,3
1,1,9,46,0,3,0,0,150060,15,1,9,565.48,139259.7,56.0,3
1,1,9,46,0,3,0,0,90302,9,1,37,731.44,232892.02,56.0,2
1,1,9,43,1,3,0,2,120115,12,0,14,1369.96,369810.4,76.0,1
1,1,9,43,1,3,0,2,180029,18,1,4,1096.58,349185.44,76.0,3
1,1,9,43,1,3,0,2,60318,6,0,35,999.85,291113.56,76.0,2
1,0,9,6,0,3,0,0,10343,1,0,36,613.59,175243.75,56.0,2
1,0,9,6,0,3,0,0,180492,18,0,54,1756.12,572514.83,56.0,1
1,0,9,6,0,3,0,0,70322,7,0,38,1755.26,558904.53,56.0,1
1,0,9,6,0,3,0,0,130161,13,0,19,758.69,193003.33,56.0,3
1,1,8,38,0,3,0,0,10021,1,0,3,788.73,285972.38,31.0,2
1,1,8,38,0,3,0,0,180185,18,0,25,911.94,234310.7,31.0,3
1,1,8,38,0,3,0,0,120261,12,1,27,871.52,288985.79,31.0,3
1,1,8,38,0,3,0,0,60472,6,0,55,562.37,156014.92,31.0,2
1,0,9,55,0,3,0,2,200113,20,0,15,1805.12,534868.97,56.0,1
1,0,9,55,0,3,0,2,30024,3,0,2,672.64,225149.08,56.0,2
1,0,9,55,0,3,0,2,80447,8,0,53,1891.72,601608.38,56.0,1
1,0,9,55,0,3,0,2,140187,14,0,21,1560.87,460286.44,56.0,1
0,1,9,55,0,5,0,0,160342,16,0,41,1001.72,309531.73,63.0,0
0,1,9,55,0,5,0,0,110118,11,0,13,474.93,138440.15,63.0,0
0,1,9,55,0,5,0,0,50241,5,0,32,1051.39,356271.34,63.0,0
1,0,4,32,0,2,1,2,90515,9,1,59,1697.13,556945.98,56.0,1
1,0,4,32,0,2,1,2,150275,15,0,33,958.02,280402.3,56.0,3
1,0,4,32,0,2,1,2,40083,4,0,11,802.79,255732.58,56.0,2
1,0,9,18,0,4,1,1,200386,20,0,42,811.56,259226.88,56.0,3
1,0,9,18,0,4,1,1,30314,3,1,38,1173.4,339686.19,56.0,2
1,0,9,18,0,4,1,1,140453,14,0,53,1493.72,387618.51,56.0,1
1,0,9,18,0,4,1,1,90219,9,0,32,707.0,222525.37,56.0,2
1,0,9,6,0,2,0,2,60373,6,0,43,1492.81,461758.65,31.0,1
1,0,9,6,0,2,0,2,120176,12,0,19,1381.22,438017.28,31.0,1
1,0,9,6,0,2,0,2,180103,18,0,14,1742.3,552490.44,31.0,1
1,0,9,20,0,4,0,2,160180,16,0,22,1575.06,458308.65,39.0,1
1,0,9,20,0,4,0,2,100396,10,0,46,1525.34,434337.24,39.0,1
1,0,9,20,0,4,0,2,50082,5,1,11,1058.56,319262.64,39.0,2
1,0,9,18,1,5,0,2,80282,8,0,33,1809.87,499781.62,56.0,1
1,0,9,18,1,5,0,2,190386,19,0,43,1697.72,481623.94,56.0,1
1,0,9,18,1,5,0,2,20380,2,1,45,782.2,268510.94,56.0,2
1,0,9,18,1,5,0,2,140057,14,0,8,618.89,183787.02,56.0,3
1,0,9,42,0,4,0,2,30466,3,1,56,1179.42,355876.81,56.0,2
1,0,9,42,0,4,0,2,90386,9,0,46,662.32,181906.01,56.0,2
1,0,9,42,0,4,0,2,150134,15,0,17,562.64,152674.09,56.0,3
1,1,9,55,1,2,0,0,20034,2,0,4,1281.85,442491.43,56.0,2
1,1,9,55,1,2,0,0,190024,19,0,5,1408.42,410069.43,56.0,1
1,1,9,55,1,2,0,0,130286,13,0,32,1114.07,299263.58,56.0,3
1,1,9,55,1,2,0,0,70428,7,1,50,502.02,176868.98,56.0,2
1,0,0,44,0,5,1,0,180538,18,0,61,1019.7,276712.17,31.0,3
1,0,0,44,0,5,1,0,10384,1,0,44,779.24,205819.02,31.0,2
1,0,0,44,0,5,1,0,70362,7,0,42,702.08,198825.02,31.0,2
1,0,0,44,0,5,1,0,130210,13,0,24,1044.69,280586.67,31.0,3
1,1,9,55,0,1,0,0,190212,19,0,26,668.24,213645.72,56.0,3
1,1,9,55,0,1,0,0,20207,2,0,24,785.12,258831.53,56.0,2
1,1,9,55,0,1,0,0,130474,13,0,53,968.77,264045.95,56.0,3
1,1,9,55,0,1,0,0,80086,8,0,9,1869.81,630466.93,56.0,1
1,1,9,43,0,1,0,2,120314,12,0,34,1817.64,556062.8,80.0,1
1,1,9,43,0,1,0,2,180236,18,0,29,578.36,168573.3,80.0,3
1,1,9,43,0,1,0,2,70059,7,0,9,926.11,274985.8,80.0,2
1,1,9,43,0,1,0,2,10086,1,0,11,1429.46,425847.12,80.0,2
1,1,9,18,0,4,0,0,110246,11,0,29,993.51,340093.67,56.0,3
1,1,9,18,0,4,0,0,170061,17,0,8,1297.3,346864.73,56.0,3
1,1,9,18,0,4,0,0,50366,5,0,44,806.03,226621.01,56.0,2
1,0,9,49,0,5,0,2,190053,19,1,8,974.77,279169.46,56.0,3
1,0,9,49,0,5,0,2,70452,7,0,54,1940.69,568937.95,56.0,1
1,0,9,49,0,5,0,2,130314,13,0,35,1867.34,524863.71,56.0,1
1,0,9,49,0,5,0,2,20059,2,0,7,733.14,225333.86,56.0,2
0,1,0,44,1,3,0,2,200488,20,0,56,1333.01,443597.74,56.0,0
0,1,0,44,1,3,0,2,90331,9,0,39,1839.34,563972.46,56.0,0
0,1,0,44,1,3,0,2,30416,3,0,49,1174.48,352375.03,56.0,0
0,1,0,44,1,3,0,2,150080,15,0,12,992.68,292138.69,56.0,0
1,1,9,46,0,2,0,1,200234,20,1,29,1844.16,582397.59,56.0,1
1,1,9,46,0,2,0,1,90079,9,1,12,952.38,320191.49,56.0,2
1,1,9,46,0,2,0,1,30160,3,0,18,706.68,232965.64,56.0,2
1,1,9,46,0,2,0,1,140307,14,0,35,1152.84,298653.58,56.0,3
1,1,9,55,0,1,0,0,90402,9,0,48,1264.94,312096.7,56.0,2
1,1,9,55,0,1,0,0,30487,3,0,57,1607.94,480579.28,56.0,1
1,1,9,55,0,1,0,0,150156,15,0,20,1662.01,544081.2,56.0,1
1,0,9,55,0,3,0,2,110535,11,0,62,1938.82,559747.82,69.0,1
1,0,9,55,0,3,0,2,170346,17,0,44,1176.0,358774.09,69.0,3
1,0,9,55,0,3,0,2,60181,6,0,16,1687.92,510808.24,69.0,1
1,0,9,55,0,1,0,0,160053,16,0,7,941.57,256919.71,56.0,3
1,0,9,55,0,1,0,0,100275,10,0,31,1499.0,403651.55,56.0,1
1,0,9,55,0,1,0,0,40391,4,0,45,1160.48,332875.8,56.0,2
1,0,5,8,0,1,1,2,110167,11,1,18,1562.55,522641.04,28.0,1
1,0,5,8,0,1,1,2,160374,16,0,43,1185.4,361775.45,28.0,3
1,0,5,8,0,1,1,2,50277,5,0,36,627.56,174036.19,28.0,2
0,1,9,55,0,4,0,2,130153,13,0,17,1278.95,355143.03,56.0,0
0,1,9,55,0,4,0,2,70316,7,0,38,1755.26,505133.36,56.0,0
0,1,9,55,0,4,0,2,180486,18,0,54,1756.12,559177.67,56.0,0
0,1,9,55,0,4,0,2,10336,1,0,36,613.59,195068.84,56.0,0
1,0,9,55,0,2,0,2,100392,10,0,45,1119.1,284280.68,56.0,2
1,0,9,55,0,2,0,2,50078,5,0,10,629.27,220388.67,56.0,2
1,0,9,55,0,2,0,2,160176,16,0,22,1575.06,506418.4,56.0,1
1,1,4,53,1,2,0,2,80356,8,0,42,1473.68,442814.98,56.0,1
1,1,4,53,1,2,0,2,20446,2,0,51,699.31,170898.56,56.0,2
1,1,4,53,1,2,0,2,140116,14,1,13,442.74,149389.92,56.0,3
1,1,4,53,1,2,0,2,200028,20,1,3,1645.93,509367.59,56.0,1
1,0,9,42,0,3,1,2,140308,14,0,35,1152.84,399680.68,56.0,1
1,0,9,42,0,3,1,2,90080,9,0,12,952.38,287245.48,56.0,2
1,0,9,42,0,3,1,2,30161,3,0,18,706.68,205599.43,56.0,2
1,0,9,42,0,3,1,2,200235,20,0,29,1844.16,553937.2,56.0,1
1,1,2,45,0,4,0,0,140439,14,0,52,571.74,192674.34,37.0,3
1,1,2,45,0,4,0,0,90210,9,1,30,1250.17,479088.84,37.0,1
1,1,2,45,0,4,0,0,200374,20,1,40,428.03,157369.37,37.0,3
1,1,2,45,0,4,0,0,30305,3,0,37,659.12,189994.54,37.0,2
1,0,9,55,0,4,1,2,170115,17,0,13,916.9,274356.57,30.0,3
1,0,9,55,0,4,1,2,110297,11,0,36,1752.38,552866.95,30.0,1
1,0,9,55,0,4,1,2,50413,5,0,47,1241.14,368136.36,30.0,2
1,1,8,4,1,3,0,0,190156,19,0,20,1772.03,621748.81,31.0,1
1,1,8,4,1,3,0,0,130425,13,0,47,1874.35,573428.65,31.0,1
1,1,8,4,1,3,0,0,20154,2,0,18,784.76,250182.28,31.0,2
1,1,8,4,1,3,0,0,80035,8,0,4,1934.75,521645.72,31.0,1
1,0,9,49,0,3,0,2,110374,11,0,44,434.38,125951.48,44.0,3
1,0,9,49,0,3,0,2,170189,17,0,20,792.27,263038.44,44.0,3
1,0,9,49,0,3,0,2,60035,6,1,4,1925.28,687894.92,44.0,1
1,0,9,1,0,5,0,2,40354,4,1,43,1616.99,581950.52,26.0,1
1,0,9,1,0,5,0,2,100245,10,0,30,1559.4,546710.43,26.0,1
1,0,9,1,0,5,0,2,160023,16,0,4,1561.55,508639.46,26.0,1
1,0,9,55,1,5,0,2,50220,5,1,29,786.28,236804.87,79.0,2
1,0,9,55,1,5,0,2,160333,16,0,39,1562.93,394524.62,79.0,1
1,0,9,55,1,5,0,2,110109,11,0,13,474.93,144215.29,79.0,3
1,1,9,18,0,1,0,0,60065,6,0,6,951.22,251909.19,56.0,2
1,1,9,18,0,1,0,0,170217,17,0,25,939.46,278299.85,56.0,3
1,1,9,18,0,1,0,0,110412,11,0,49,1095.85,281239.32,56.0,3
1,1,9,55,0,2,1,1,150104,15,0,15,522.71,159782.74,68.0,3
1,1,9,55,0,2,1,1,90348,9,0,41,1488.32,433230.74,68.0,1
1,1,9,55,0,2,1,1,30437,3,0,50,713.67,249497.22,68.0,2
1,1,9,55,0,2,0,2,10423,1,1,49,629.24,217823.42,56.0,2
1,1,9,55,0,2,0,2,70396,7,0,45,1150.93,378118.43,56.0,2
1,1,9,55,0,2,0,2,180577,18,0,66,1631.24,412683.22,56.0,1
1,1,9,55,0,2,0,2,130248,13,0,29,568.7,164991.39,56.0,3
1,1,9,18,0,1,1,2,50275,5,0,36,627.56,192979.14,56.0,2
1,1,9,18,0,1,1,2,110164,11,0,17,1946.06,589311.2,56.0,1
1,1,9,18,0,1,1,2,160372,16,0,42,1496.62,479358.58,56.0,1
1,0,9,20,1,3,0,0,170121,17,0,14,1646.02,586216.96,70.0,1
1,0,9,20,1,3,0,0,50420,5,0,48,788.04,222662.14,70.0,2
1,0,9,20,1,3,0,0,110303,11,1,37,1368.16,390611.21,70.0,1
1,0,7,41,0,3,0,2,180107,18,0,14,1742.3,553861.15,56.0,1
1,0,7,41,0,3,0,2,60376,6,0,43,1492.81,401408.97,56.0,1
1,0,7,41,0,3,0,2,120179,12,0,20,1802.21,596353.18,56.0,1
1,0,9,55,1,1,1,2,160055,16,0,7,941.57,281344.37,56.0,3
1,0,9,55,1,1,1,2,100277,10,0,32,1661.46,494550.09,56.0,1
1,0,9,55,1,1,1,2,40393,4,0,45,1160.48,325916.69,56.0,2
1,0,6,33,0,4,1,0,190004,19,1,2,1550.33,519316.1,60.0,1
1,0,6,33,0,4,1,0,20014,2,0,2,788.72,263129.48,60.0,2
1,0,6,33,0,4,1,0,70410,7,0,48,533.35,175165.7,60.0,2
1,0,6,33,0,4,1,0,130264,13,0,31,627.57,203411.23,60.0,3
1,0,9,6,0,2,1,0,10297,1,0,31,619.78,231461.08,51.0,2
1,0,9,6,0,2,1,0,130126,13,0,15,458.29,142219.93,51.0,3
1,0,9,6,0,2,1,0,70282,7,0,34,1487.05,455404.07,51.0,1
1,0,9,6,0,2,1,0,180460,18,1,52,1424.54,370252.38,51.0,1
0,1,9,55,0,2,1,2,30462,3,0,55,688.14,177394.92,56.0,0
0,1,9,55,0,2,1,2,150129,15,0,17,562.64,188067.0,56.0,0
0,1,9,55,0,2,1,2,90382,9,0,45,786.13,249761.11,56.0,0
1,1,6,27,0,4,0,1,40260,4,0,31,793.1,244330.47,56.0,2
1,1,6,27,0,4,0,1,150452,15,0,55,892.75,258561.18,56.0,3
1,1,6,27,0,4,0,1,100159,10,0,20,1264.43,334152.7,56.0,1
1,1,9,55,0,2,0,0,140304,14,0,35,1152.84,349385.29,27.0,3
1,1,9,55,0,2,0,0,200232,20,0,29,1844.16,579944.58,27.0,1
1,1,9,55,0,2,0,0,90077,9,0,12,952.38,244096.92,27.0,2
1,1,9,55,0,2,0,0,30158,3,0,18,706.68,195341.0,27.0,2
1,1,9,55,0,2,0,0,110503,11,0,60,1295.04,423474.91,56.0,1
1,1,9,55,0,2,0,0,60154,6,1,12,1678.17,487577.71,56.0,1
1,1,9,55,0,2,0,0,170316,17,0,39,1341.67,341188.07,56.0,3
1,1,9,55,1,2,1,0,80391,8,0,46,1175.51,393274.68,56.0,2
1,1,9,55,1,2,1,0,140146,14,0,15,784.04,256044.78,56.0,3
1,1,9,55,1,2,1,0,20476,2,1,55,579.26,136944.18,56.0,2
1,1,9,55,1,2,1,0,200058,20,0,7,1757.4,570187.06,56.0,1
0,1,9,43,0,4,0,0,180069,18,0,9,894.92,279700.41,56.0,0
0,1,9,43,0,4,0,0,120146,12,0,16,1523.02,505829.79,56.0,0
0,1,9,43,0,4,0,0,60344,6,0,38,698.21,194006.16,56.0,0
1,1,5,23,0,1,0,2,90380,9,0,45,786.13,293555.19,28.0,2
1,1,5,23,0,1,0,2,150128,15,0,17,562.64,190102.41,28.0,3
1,1,5,23,0,1,0,2,30461,3,0,55,688.14,258376.64,28.0,2
1,0,8,4,0,5,0,2,130567,13,0,67,524.97,177305.61,56.0,3
1,0,8,4,0,5,0,2,20290,2,0,34,800.26,259806.48,56.0,2
1,0,8,4,0,5,0,2,80183,8,0,26,1625.38,488976.07,56.0,1
1,0,8,4,0,5,0,2,190296,19,0,35,1099.62,307764.22,56.0,3
1,0,9,3,1,2,0,0,80402,8,0,46,1175.51,283442.68,56.0,2
1,0,9,3,1,2,0,0,200068,20,0,8,1268.45,410418.36,56.0,3
1,0,9,3,1,2,0,0,20483,2,0,56,722.22,219431.86,56.0,2
1,0,9,3,1,2,0,0,140156,14,0,16,915.37,302441.81,56.0,3
1,0,9,20,0,2,1,2,100344,10,0,42,1757.51,528144.96,56.0,1
1,0,9,20,0,2,1,2,160125,16,0,14,660.84,181790.56,56.0,3
1,0,9,20,0,2,1,2,50021,5,0,4,799.1,245118.66,56.0,2
1,1,6,12,0,4,0,2,110552,11,0,64,1916.26,440168.38,82.0,1
1,1,6,12,0,4,0,2,170364,17,1,46,1582.61,463208.89,82.0,1
1,1,6,12,0,4,0,2,60200,6,1,19,1542.71,578692.29,82.0,1
1,0,8,4,0,2,0,2,180086,18,0,12,1692.5,496160.88,56.0,1
1,0,8,4,0,2,0,2,120162,12,0,18,1702.66,527049.84,56.0,1
1,0,8,4,0,2,0,2,60358,6,0,41,940.72,322598.15,56.0,2
1,0,9,55,0,4,1,1,150441,15,0,55,892.75,289323.48,56.0,3
1,0,9,55,0,4,1,1,40248,4,1,30,1307.35,415366.42,56.0,2
1,0,9,55,0,4,1,1,100144,10,0,18,1244.03,347987.67,56.0,1
1,1,6,27,1,5,0,0,60041,6,0,4,1925.28,661640.07,56.0,1
1,1,6,27,1,5,0,0,110384,11,0,44,434.38,113212.24,56.0,3
1,1,6,27,1,5,0,0,170195,17,0,22,1221.66,360442.2,56.0,3
1,0,9,55,0,4,0,1,150281,15,0,34,1304.22,396890.26,39.0,1
1,0,9,55,0,4,0,1,90520,9,0,59,1697.13,534178.9,39.0,1
1,0,9,55,0,4,0,1,40087,4,0,11,802.79,248706.16,39.0,2
1,0,9,43,0,5,0,2,60310,6,0,34,1353.81,392854.2,56.0,2
1,0,9,43,0,5,0,2,180021,18,0,3,524.48,158850.09,56.0,3
1,0,9,43,0,5,0,2,120105,12,1,13,1394.03,428024.76,56.0,1
1,1,9,49,1,5,0,2,170374,17,0,46,1582.61,465014.45,61.0,1
1,1,9,49,1,5,0,2,60209,6,0,20,1897.17,634070.07,61.0,1
1,1,9,49,1,5,0,2,110559,11,0,65,1427.09,496840.91,61.0,1
1,1,6,11,0,4,0,0,190370,19,0,42,1137.59,276356.31,45.0,3
1,1,6,11,0,4,0,0,20359,2,0,42,786.45,248975.66,45.0,2
1,1,6,11,0,4,0,0,80266,8,1,32,1410.88,422684.36,45.0,1
1,1,6,11,0,4,0,0,140041,14,0,7,641.37,192882.89,45.0,3
1,1,9,55,0,3,0,2,200140,20,0,17,1089.33,285954.4,31.0,3
1,1,9,55,0,3,0,2,80473,8,0,55,1300.05,385361.66,31.0,1
1,1,9,55,0,3,0,2,30053,3,0,5,701.19,248159.95,31.0,2
1,1,9,55,0,3,0,2,140217,14,0,23,1610.37,530764.64,31.0,1
1,1,9,7,0,4,0,1,30344,3,1,42,1343.96,384762.61,48.0,2
1,1,9,7,0,4,0,1,150006,15,0,1,1596.51,537350.96,48.0,1
1,1,9,7,0,4,0,1,200412,20,0,47,590.12,164834.69,48.0,3
1,1,9,7,0,4,0,1,90246,9,0,34,1577.36,507504.36,48.0,1
1,0,9,55,0,5,0,2,150208,15,0,24,924.36,241356.6,36.0,3
1,0,9,55,0,5,0,2,90451,9,1,56,1516.4,570859.46,36.0,1
1,0,9,55,0,5,0,2,40023,4,0,3,1630.82,561592.03,36.0,1
1,0,9,55,1,1,1,2,40232,4,0,27,1130.51,337265.88,32.0,2
1,0,9,55,1,1,1,2,150425,15,0,53,696.04,213043.96,32.0,3
1,0,9,55,1,1,1,2,100117,10,0,15,1948.32,624932.71,32.0,1
1,0,9,29,0,5,0,2,30119,3,0,10,784.09,245282.25,56.0,2
1,0,9,29,0,5,0,2,140265,14,0,29,1618.34,425122.86,56.0,1
1,0,9,29,0,5,0,2,200189,20,0,20,1110.23,305301.94,56.0,3
1,0,9,29,0,5,0,2,90030,9,0,6,1821.59,493931.35,56.0,1
1,1,9,55,0,2,0,2,70426,7,0,49,1383.05,396729.97,48.0,1
1,1,9,55,0,2,0,2,190021,19,0,4,1225.38,305943.58,48.0,3
1,1,9,55,0,2,0,2,20030,2,0,3,645.84,233677.77,48.0,2
1,1,9,55,0,2,0,2,130283,13,0,32,1114.07,307088.64,48.0,3
1,1,0,36,0,3,0,0,10032,1,0,4,633.61,179987.43,66.0,2
1,1,0,36,0,3,0,0,70003,7,0,1,759.04,227804.43,66.0,2
1,1,0,36,0,3,0,0,120269,12,0,29,688.73,194179.75,66.0,3
1,1,0,36,0,3,0,0,180190,18,0,25,911.94,284177.91,66.0,3
1,0,9,55,0,1,0,2,180334,18,1,38,1219.8,410772.92,80.0,1
1,0,9,55,0,1,0,2,10177,1,0,22,740.83,208869.86,80.0,2
1,0,9,55,0,1,0,2,70152,7,1,19,751.07,195740.81,80.0,2
1,0,9,55,0,1,0,2,120407,12,0,47,1528.05,360456.35,80.0,1
1,1,9,55,0,4,0,2,60418,6,0,51,1476.63,488398.75,56.0,1
1,1,9,55,0,4,0,2,180135,18,0,17,1195.81,365604.56,56.0,3
1,1,9,55,0,4,0,2,120211,12,0,23,1094.46,341221.59,56.0,3
1,1,9,55,0,2,0,2,200424,20,0,48,860.8,289841.72,56.0,3
1,1,9,55,0,2,0,2,150014,15,0,2,1522.89,494892.28,56.0,1
1,1,9,55,0,2,0,2,30356,3,0,44,673.86,202812.57,56.0,2
1,1,9,55,0,2,0,2,90257,9,0,34,1577.36,407520.59,56.0,1
1,0,9,18,1,3,1,2,150051,15,1,8,1056.46,368058.42,56.0,3
1,0,9,18,1,3,1,2,200459,20,0,51,1062.33,272335.56,56.0,3
1,0,9,18,1,3,1,2,30384,3,0,47,691.09,202725.25,56.0,2
1,0,9,18,1,3,1,2,90293,9,0,36,1582.79,516417.01,56.0,1
1,1,5,23,0,3,0,2,90439,9,0,56,1516.4,429206.12,56.0,1
1,1,5,23,0,3,0,2,40016,4,1,2,1620.07,574268.12,56.0,1
1,1,5,23,0,3,0,2,150196,15,0,23,1279.23,424459.34,56.0,1
1,1,9,55,1,2,0,2,180116,18,0,16,1360.96,334041.57,30.0,3
1,1,9,55,1,2,0,2,120189,12,0,22,892.67,262270.44,30.0,3
1,1,9,55,1,2,0,2,60394,6,0,47,550.99,169119.0,30.0,2
1,1,9,1,1,4,0,2,200314,20,0,34,858.93,246938.23,80.0,3
1,1,9,1,1,4,0,2,30239,3,0,27,1117.14,266757.35,80.0,2
1,1,9,1,1,4,0,2,90153,9,1,24,914.61,300464.18,80.0,2
1,1,9,1,1,4,0,2,140384,14,0,47,917.53,287593.83,80.0,3
1,1,9,7,1,1,1,2,130333,13,0,37,1555.67,458458.71,28.0,1
1,1,9,7,1,1,1,2,190072,19,0,10,747.71,216518.11,28.0,3
1,1,9,7,1,1,1,2,20077,2,1,9,584.19,180025.94,28.0,2
1,1,9,7,1,1,1,2,70472,7,0,55,601.23,153831.9,28.0,2
1,1,9,55,1,1,0,2,40316,4,0,39,743.73,231799.35,75.0,2
1,1,9,55,1,1,0,2,100209,10,1,26,1294.85,518409.3,75.0,1
1,1,9,55,1,1,0,2,150508,15,1,60,1033.2,373155.57,75.0,3
1,1,4,10,0,4,1,1,170241,17,1,27,677.24,201016.28,56.0,3
1,1,4,10,0,4,1,1,110439,11,0,52,1397.58,446919.96,56.0,1
1,1,4,10,0,4,1,1,60093,6,0,7,1075.42,382332.77,56.0,2
1,1,9,55,0,2,0,0,20276,2,0,33,931.4,306514.94,58.0,2
1,1,9,55,0,2,0,0,190283,19,0,33,1454.84,456061.7,58.0,1
1,1,9,55,0,2,0,0,130556,13,1,64,792.66,205474.2,58.0,3
1,1,9,55,0,2,0,0,80167,8,0,21,1501.64,409979.77,58.0,1
0,1,4,53,1,1,1,2,180054,18,0,6,840.25,266282.79,40.0,0
0,1,4,53,1,1,1,2,120134,12,0,16,1523.02,441676.48,40.0,0
0,1,4,53,1,1,1,2,60337,6,0,37,1721.96,491267.17,40.0,0
1,1,2,30,0,5,0,2,130573,13,0,67,524.97,144901.21,65.0,3
1,1,2,30,0,5,0,2,190304,19,0,37,1565.26,449976.95,65.0,1
1,1,2,30,0,5,0,2,80189,8,0,26,1625.38,478106.01,65.0,1
1,1,2,30,0,5,0,2,20296,2,0,35,1391.68,407027.74,65.0,2
1,0,5,34,0,3,0,2,170248,17,0,28,1201.04,366605.62,56.0,3
1,0,5,34,0,3,0,2,110444,11,0,52,1397.58,419816.08,56.0,1
1,0,5,34,0,3,0,2,60096,6,0,7,1075.42,330158.13,56.0,2
1,1,2,35,1,4,1,0,110188,11,0,21,1389.63,358380.74,82.0,1
1,1,2,35,1,4,1,0,170003,17,0,1,530.28,177408.39,82.0,3
1,1,2,35,1,4,1,0,50305,5,0,41,630.83,207268.0,82.0,2
1,0,9,43,1,5,0,2,50249,5,0,33,1787.13,503642.95,56.0,1
1,0,9,43,1,5,0,2,110127,11,0,14,524.68,152470.27,56.0,3
1,0,9,43,1,5,0,2,160348,16,0,41,1001.72,301088.09,56.0,3
1,0,9,55,1,4,0,0,110451,11,1,52,1397.58,488040.25,72.0,1
1,0,9,55,1,4,0,0,60106,6,0,8,986.97,298751.02,72.0,2
1,0,9,55,1,4,0,0,170258,17,0,31,1806.06,593745.43,72.0,1
0,0,9,31,0,1,0,2,140273,14,0,30,1746.48,497116.96,56.0,0
0,0,9,31,0,1,0,2,90040,9,1,7,697.68,242154.43,56.0,0
0,0,9,31,0,1,0,2,30129,3,0,11,1283.1,361971.44,56.0,0
0,0,9,31,0,1,0,2,200201,20,0,24,1188.07,369160.77,56.0,0
1,0,9,55,1,4,0,2,150001,15,0,1,1596.51,523585.37,56.0,1
1,0,9,55,1,4,0,2,30337,3,0,41,965.5,276837.25,56.0,2
1,0,9,55,1,4,0,2,90242,9,0,34,1577.36,481949.2,56.0,1
1,0,9,55,1,4,0,2,200407,20,0,46,1227.49,393941.16,56.0,3
1,0,9,42,1,2,1,0,30015,3,0,1,689.75,177365.95,51.0,2
1,0,9,42,1,2,1,0,140177,14,0,18,500.17,170526.78,51.0,3
1,0,9,42,1,2,1,0,200104,20,1,14,837.37,256581.18,51.0,3
1,0,9,42,1,2,1,0,80437,8,0,50,913.15,273978.28,51.0,2
1,1,9,55,0,1,0,2,130441,13,0,49,572.01,139828.56,50.0,3
1,1,9,55,0,1,0,2,190174,19,0,21,477.75,158607.61,50.0,3
1,1,9,55,0,1,0,2,20170,2,0,20,727.55,247073.99,50.0,2
1,1,9,55,0,1,0,2,80056,8,0,5,887.23,280450.33,50.0,2
1,0,9,3,0,2,0,0,130371,13,0,41,1168.7,351482.71,56.0,3
1,0,9,3,0,2,0,0,190103,19,1,14,630.47,215808.72,56.0,3
1,0,9,3,0,2,0,0,20106,2,0,12,1610.5,430917.22,56.0,2
1,0,9,3,0,2,0,0,70504,7,0,58,1629.83,524785.88,56.0,1
1,1,9,55,0,5,0,2,30138,3,0,13,754.84,193299.59,56.0,2
1,1,9,55,0,5,0,2,200208,20,0,25,780.74,215914.27,56.0,3
1,1,9,55,0,5,0,2,90050,9,0,8,1315.55,317799.98,56.0,2
1,1,9,55,0,5,0,2,140283,14,0,33,1894.96,583134.02,56.0,1
1,1,5,34,1,4,0,2,60283,6,0,31,1768.9,634487.77,46.0,1
1,1,5,34,1,4,0,2,170445,17,0,51,1375.52,374278.05,46.0,1
1,1,5,34,1,4,0,2,120073,12,0,8,1803.36,634188.62,46.0,1
1,0,9,18,1,4,1,2,120291,12,0,33,1232.2,356644.67,56.0,1
1,0,9,18,1,4,1,2,10063,1,0,8,763.88,274165.11,56.0,2
1,0,9,18,1,4,1,2,180213,18,0,27,650.82,199115.19,56.0,3
1,0,9,18,1,4,1,2,70027,7,0,5,1144.09,325853.23,56.0,2
1,0,9,7,0,4,1,0,160367,16,0,42,1496.62,442773.17,56.0,1
1,0,9,7,0,4,1,0,50266,5,0,35,605.55,197165.85,56.0,2
1,0,9,7,0,4,1,0,110153,11,0,16,1829.02,523992.65,56.0,1
1,0,9,46,1,5,1,2,50328,5,0,42,791.2,253398.7,56.0,2
1,0,9,46,1,5,1,2,170022,17,0,2,1738.5,584321.85,56.0,1
1,0,9,46,1,5,1,2,110207,11,0,24,1481.82,483310.62,56.0,1
1,0,1,48,0,5,0,2,80395,8,0,46,1175.51,362891.42,56.0,2
1,0,1,48,0,5,0,2,20478,2,0,55,579.26,180470.85,56.0,2
1,0,1,48,0,5,0,2,200063,20,0,8,1268.45,430028.88,56.0,3
1,0,1,48,0,5,0,2,140148,14,0,16,915.37,263773.21,56.0,3
1,0,7,14,0,3,0,2,60303,6,0,33,1131.0,298567.95,56.0,2
1,0,7,14,0,3,0,2,180012,18,0,2,650.96,205928.65,56.0,3
1,0,7,14,0,3,0,2,120097,12,0,12,959.05,324581.41,56.0,3
1,1,9,18,1,4,0,2,120322,12,0,35,1690.62,476620.78,39.0,1
1,1,9,18,1,4,0,2,180241,18,0,30,1795.66,534260.23,39.0,1
1,1,9,18,1,4,0,2,10095,1,0,13,719.47,196031.15,39.0,2
1,1,9,18,1,4,0,2,70069,7,0,10,1495.37,469951.83,39.0,1
1,0,8,4,0,5,0,2,70414,7,1,48,533.35,160290.77,63.0,2
1,0,8,4,0,5,0,2,20019,2,0,2,788.72,263962.33,63.0,2
1,0,8,4,0,5,0,2,130270,13,1,32,1114.07,281918.15,63.0,3
1,0,8,4,0,5,0,2,190010,19,0,3,1468.68,371548.46,63.0,3
1,1,9,42,0,4,0,2,170442,17,1,51,1375.52,351201.87,76.0,1
1,1,9,42,0,4,0,2,60277,6,0,30,552.59,159532.71,76.0,2
1,1,9,42,0,4,0,2,120067,12,0,8,1803.36,539529.66,76.0,1
1,1,8,4,1,4,1,2,130266,13,1,31,627.57,179443.23,56.0,3
1,1,8,4,1,4,1,2,20015,2,0,2,788.72,267893.43,56.0,2
1,1,8,4,1,4,1,2,70411,7,0,48,533.35,149462.76,56.0,2
1,1,8,4,1,4,1,2,190005,19,1,2,1550.33,573983.92,56.0,1
1,1,9,49,0,1,1,0,110241,11,1,29,993.51,267233.83,56.0,3
1,1,9,49,0,1,1,0,50360,5,0,44,806.03,253742.21,56.0,2
1,1,9,49,0,1,1,0,170053,17,0,7,1300.91,396586.67,56.0,1
1,0,9,55,0,3,0,0,100417,10,0,50,1138.32,345524.63,63.0,1
1,0,9,55,0,3,0,0,160205,16,0,25,853.37,269027.59,63.0,3
1,0,9,55,0,3,0,0,50106,5,0,13,791.13,214742.35,63.0,2
1,0,8,4,0,4,1,2,110214,11,0,25,1802.24,606301.47,56.0,1
1,0,8,4,0,4,1,2,50335,5,0,43,802.72,216010.59,56.0,2
1,0,8,4,0,4,1,2,170028,17,1,2,1738.5,609069.59,56.0,1
1,1,9,55,1,2,0,2,170233,17,0,27,677.24,239724.77,61.0,3
1,1,9,55,1,2,0,2,60083,6,0,7,1075.42,327614.46,61.0,2
1,1,9,55,1,2,0,2,110427,11,0,50,948.72,237505.2,61.0,3
1,1,9,55,1,3,0,2,190099,19,0,14,630.47,168566.58,56.0,3
1,1,9,55,1,3,0,2,70501,7,1,58,1629.83,464148.93,56.0,1
1,1,9,55,1,3,0,2,130367,13,0,40,571.5,172816.68,56.0,3
1,1,9,55,1,3,0,2,20103,2,0,11,1625.05,443635.55,56.0,2
1,0,9,18,1,4,0,2,30245,3,0,28,679.93,217963.49,50.0,2
1,0,9,18,1,4,0,2,200317,20,0,34,858.93,300261.31,50.0,3
1,0,9,18,1,4,0,2,90156,9,0,24,914.61,288228.27,50.0,2
1,0,9,18,1,4,0,2,140387,14,0,47,917.53,265736.45,50.0,3
1,1,9,55,0,1,0,0,50398,5,0,47,1241.14,389142.71,56.0,2
1,1,9,55,0,1,0,0,170094,17,0,11,596.22,178359.16,56.0,3
1,1,9,55,0,1,0,0,110279,11,0,34,680.07,199052.69,56.0,3
1,1,3,40,0,2,1,0,70064,7,0,10,1495.37,447358.85,28.0,1
1,1,3,40,0,2,1,0,120318,12,0,35,1690.62,536339.3,28.0,1
1,1,3,40,0,2,1,0,180239,18,1,30,1795.66,454622.46,28.0,1
1,1,3,40,0,2,1,0,10090,1,0,12,621.14,170047.61,28.0,2
1,0,9,43,1,4,0,2,100401,10,0,46,1525.34,375800.81,56.0,1
1,0,9,43,1,4,0,2,50087,5,0,11,1058.56,273851.27,56.0,2
1,0,9,43,1,4,0,2,160185,16,0,23,594.14,172502.97,56.0,3
1,1,9,43,0,5,0,0,150482,15,0,57,429.34,146531.33,63.0,3
1,1,9,43,0,5,0,0,100187,10,0,25,1487.17,475179.93,63.0,1
1,1,9,43,0,5,0,0,40290,4,0,34,795.1,235414.26,63.0,2
1,1,8,47,1,5,1,2,70062,7,0,10,1495.37,432295.29,34.0,1
1,1,8,47,1,5,1,2,10088,1,0,12,621.14,198416.21,34.0,2
1,1,8,47,1,5,1,2,120316,12,0,34,1817.64,542250.95,34.0,1
1,1,8,47,1,5,1,2,180237,18,0,29,578.36,171091.26,34.0,3
1,0,9,55,0,3,0,2,110278,11,0,34,680.07,210801.14,73.0,3
1,0,9,55,0,3,0,2,50397,5,0,47,1241.14,389944.98,73.0,2
1,0,9,55,0,3,0,2,170093,17,0,11,596.22,175259.38,73.0,3
1,0,9,49,0,2,1,2,180555,18,1,64,893.66,281995.9,56.0,3
1,0,9,49,0,2,1,2,70377,7,0,43,498.61,144307.67,56.0,2
1,0,9,49,0,2,1,2,130225,13,0,26,1867.78,567758.66,56.0,1
1,0,9,49,0,2,1,2,10399,1,0,46,1153.16,362593.45,56.0,2
1,1,1,48,0,2,0,2,200236,20,0,29,1844.16,466648.29,56.0,1
1,1,1,48,0,2,0,2,90081,9,1,12,952.38,335629.91,56.0,2
1,1,1,48,0,2,0,2,30162,3,0,18,706.68,204218.36,56.0,2
1,1,1,48,0,2,0,2,140309,14,1,35,1152.84,383709.9,56.0,1
1,1,9,55,0,1,1,2,150415,15,0,52,829.2,215779.63,82.0,3
1,1,9,55,0,1,1,2,40223,4,1,26,790.05,266440.01,82.0,2
1,1,9,55,0,1,1,2,100109,10,0,14,1318.01,306030.71,82.0,2
1,1,9,31,1,2,0,0,150435,15,0,54,1495.13,330239.65,56.0,1
1,1,9,31,1,2,0,0,100132,10,0,17,647.35,152799.46,56.0,3
1,1,9,31,1,2,0,0,40241,4,0,29,776.79,256700.86,56.0,2
1,0,9,31,0,1,1,2,160177,16,0,22,1575.06,466599.16,65.0,1
1,0,9,31,0,1,1,2,100393,10,0,45,1119.1,366955.61,65.0,1
1,0,9,31,0,1,1,2,50079,5,0,10,629.27,220638.59,65.0,2
1,0,9,31,0,4,0,2,110477,11,0,56,724.8,240507.75,32.0,3
1,0,9,31,0,4,0,2,170287,17,0,35,1667.01,508317.94,32.0,1
1,0,9,31,0,4,0,2,60133,6,0,10,942.08,311407.77,32.0,2
1,0,9,55,0,4,1,2,130384,13,0,43,1875.83,663848.64,75.0,1
1,0,9,55,0,4,1,2,20119,2,0,15,1603.33,455712.93,75.0,2
1,0,9,55,0,4,1,2,70515,7,0,60,1219.54,329030.02,75.0,2
1,0,9,55,0,4,1,2,190115,19,0,16,1711.98,494772.35,75.0,1
1,1,0,50,0,4,0,0,180077,18,0,10,1111.43,302479.22,26.0,3
1,1,0,50,0,4,0,0,120150,12,0,17,1428.55,437096.17,26.0,1
1,1,0,50,0,4,0,0,60349,6,0,39,744.54,171012.46,26.0,2
1,0,4,32,0,2,1,2,160233,16,0,28,1440.71,387494.05,56.0,1
1,0,4,32,0,2,1,2,110006,11,0,1,1902.88,506351.81,56.0,1
1,0,4,32,0,2,1,2,50122,5,0,15,1050.95,331811.36,56.0,2
1,1,9,55,1,1,0,2,40138,4,0,16,1128.21,311009.93,56.0,2
1,1,9,55,1,1,0,2,150341,15,0,39,1713.42,476819.19,56.0,1
1,1,9,55,1,1,0,2,100042,10,0,5,1741.96,487397.65,56.0,1
0,0,4,21,0,4,1,2,150131,15,0,17,562.64,174634.6,56.0,0
0,0,4,21,0,4,1,2,90384,9,1,45,786.13,255671.55,56.0,0
0,0,4,21,0,4,1,2,30464,3,0,56,1179.42,369992.93,56.0,0
1,0,9,43,0,5,0,0,160002,16,0,1,637.07,167175.36,56.0,3
1,0,9,43,0,5,0,0,40337,4,1,40,780.74,251534.87,56.0,2
1,0,9,43,0,5,0,0,100227,10,0,28,1606.58,370439.82,56.0,1
0,0,9,46,1,1,1,2,180092,18,1,12,1692.5,439842.21,32.0,0
0,0,9,46,1,1,1,2,60364,6,0,41,940.72,300750.03,32.0,0
0,0,9,46,1,1,1,2,120167,12,0,19,1381.22,466289.68,32.0,0
1,0,8,25,0,5,0,2,140039,14,1,6,1733.36,605216.52,60.0,1
1,0,8,25,0,5,0,2,80264,8,0,32,1410.88,413926.67,60.0,1
1,0,8,25,0,5,0,2,190366,19,0,42,1137.59,390859.32,60.0,3
1,0,8,25,0,5,0,2,20357,2,0,42,786.45,273717.69,60.0,2
1,0,9,55,1,3,1,0,20079,2,0,9,584.19,184956.85,63.0,2
1,0,9,55,1,3,1,0,70476,7,0,55,601.23,153965.78,63.0,2
1,0,9,55,1,3,1,0,130335,13,0,37,1555.67,498455.15,63.0,1
1,0,9,55,1,3,1,0,190074,19,0,11,1869.93,587752.9,63.0,1
1,0,2,30,0,2,0,2,180041,18,0,4,1096.58,267154.02,49.0,3
1,0,2,30,0,2,0,2,120121,12,0,14,1369.96,430268.83,49.0,1
1,0,2,30,0,2,0,2,60326,6,1,36,463.91,149767.48,49.0,2
1,0,9,7,1,2,0,2,20076,2,0,9,584.19,194033.05,82.0,2
1,0,9,7,1,2,0,2,130332,13,0,37,1555.67,444069.92,82.0,1
1,0,9,7,1,2,0,2,70471,7,0,55,601.23,180777.41,82.0,2
1,0,9,7,1,2,0,2,190071,19,0,10,747.71,225336.63,82.0,3
1,1,4,53,0,1,0,2,10308,1,0,32,800.77,242998.88,56.0,2
1,1,4,53,0,1,0,2,130134,13,0,15,458.29,132839.83,56.0,3
1,1,4,53,0,1,0,2,70292,7,0,35,613.21,171388.38,56.0,2
1,1,4,53,0,1,0,2,180467,18,0,53,1806.7,557253.35,56.0,1
0,0,9,1,0,5,1,2,160032,16,1,5,749.15,244913.49,39.0,0
0,0,9,1,0,5,1,2,40360,4,0,43,1616.99,445861.0,39.0,0
0,0,9,1,0,5,1,2,100253,10,0,30,1559.4,480665.23,39.0,0
1,1,6,27,0,5,0,0,40165,4,0,20,1609.62,508674.04,57.0,1
1,1,6,27,0,5,0,0,150368,15,0,45,1911.06,558806.02,57.0,1
1,1,6,27,0,5,0,0,100062,10,0,8,1054.86,265540.4,57.0,2
1,0,4,28,1,1,1,0,50170,5,1,22,1059.78,333147.15,56.0,2
1,0,4,28,1,1,1,0,110058,11,0,6,1724.08,487075.17,56.0,1
1,0,4,28,1,1,1,0,160287,16,1,34,743.19,227673.39,56.0,3
1,1,9,3,0,1,0,2,30388,3,0,47,691.09,223528.63,56.0,2
1,1,9,3,0,1,0,2,200462,20,0,51,1062.33,283430.39,56.0,3
1,1,9,3,0,1,0,2,150055,15,0,9,565.48,147313.66,56.0,3
1,1,9,3,0,1,0,2,90297,9,0,36,1582.79,434288.76,56.0,1
1,0,9,55,0,1,1,2,120405,12,0,47,1528.05,383671.53,59.0,1
1,0,9,55,0,1,1,2,10174,1,0,22,740.83,187644.88,59.0,2
1,0,9,55,0,1,1,2,180330,18,0,38,1219.8,377847.0,59.0,3
1,0,9,55,0,1,1,2,70150,7,0,18,703.28,222983.24,59.0,2
1,1,9,43,0,1,0,0,90054,9,0,9,1391.22,446754.19,56.0,1
1,1,9,43,0,1,0,0,30140,3,0,14,788.59,235179.49,56.0,2
1,1,9,43,0,1,0,0,200210,20,1,26,1941.62,649429.33,56.0,1
1,1,9,43,0,1,0,0,140285,14,1,33,1894.96,567515.07,56.0,1
1,0,2,45,0,5,0,2,140218,14,1,23,1610.37,590849.87,56.0,1
1,0,2,45,0,5,0,2,30056,3,0,6,668.89,179708.55,56.0,2
1,0,2,45,0,5,0,2,200141,20,0,17,1089.33,251758.14,56.0,3
1,0,2,45,0,5,0,2,80474,8,1,55,1300.05,419469.06,56.0,1
1,1,4,10,0,4,0,0,150121,15,0,16,1692.61,522875.6,48.0,1
1,1,4,10,0,4,0,0,90369,9,0,44,1351.57,348631.72,48.0,1
1,1,4,10,0,4,0,0,30453,3,0,52,1361.9,311382.6,48.0,2
1,0,9,55,0,1,0,1,30408,3,0,49,1174.48,406698.29,56.0,2
1,0,9,55,0,1,0,1,90317,9,0,38,1260.31,385383.39,56.0,1
1,0,9,55,0,1,0,1,200481,20,0,54,589.61,173347.8,56.0,3
1,0,9,55,0,1,0,1,150072,15,0,10,1072.95,347392.69,56.0,3
1,0,0,19,1,1,0,2,120257,12,1,27,871.52,254211.77,31.0,3
1,0,0,19,1,1,0,2,60463,6,0,54,1633.19,503034.95,31.0,1
1,0,0,19,1,1,0,2,180180,18,0,23,1659.02,498617.7,31.0,1
1,0,0,19,1,1,0,2,10014,1,0,3,788.73,248108.79,31.0,2
1,1,9,49,1,4,1,0,160059,16,0,8,986.18,298117.48,28.0,3
1,1,9,49,1,4,1,0,100281,10,0,33,1010.7,317118.28,28.0,2
1,1,9,49,1,4,1,0,40397,4,0,45,1160.48,356950.7,28.0,2
1,1,9,29,0,4,1,0,90437,9,0,56,1516.4,440730.74,56.0,1
1,1,9,29,0,4,1,0,40013,4,0,2,1620.07,474177.38,56.0,1
1,1,9,29,0,4,1,0,150194,15,0,23,1279.23,401460.83,56.0,1
1,0,0,19,0,3,0,2,60268,6,0,29,1691.02,515026.76,56.0,1
1,0,0,19,0,3,0,2,120057,12,1,6,1347.8,428839.15,56.0,1
1,0,0,19,0,3,0,2,170434,17,0,50,1392.01,339080.79,56.0,3
1,0,9,31,0,4,1,0,70205,7,1,23,1222.69,423809.45,44.0,1
1,0,9,31,0,4,1,0,180392,18,0,44,1334.77,412457.5,44.0,1
1,0,9,31,0,4,1,0,10225,1,0,26,828.98,263940.6,44.0,2
1,0,9,31,0,4,1,0,130048,13,0,4,1629.74,440680.26,44.0,1
1,1,9,49,1,2,0,2,170211,17,1,24,894.72,311703.16,57.0,3
1,1,9,49,1,2,0,2,110406,11,0,48,661.7,179875.05,57.0,3
1,1,9,49,1,2,0,2,60061,6,0,5,1617.43,573660.29,57.0,1
1,1,9,55,1,4,0,2,100124,10,0,16,1169.15,453763.04,56.0,1
1,1,9,55,1,4,0,2,40236,4,0,29,776.79,248289.51,56.0,2
1,1,9,55,1,4,0,2,150429,15,0,53,696.04,260013.87,56.0,3
1,1,9,18,1,4,1,1,30505,3,0,58,1588.14,442306.09,56.0,1
1,1,9,18,1,4,1,1,150175,15,1,22,1317.29,468522.56,56.0,1
1,1,9,18,1,4,1,1,90418,9,0,53,599.72,168105.15,56.0,2
1,0,9,3,1,4,1,2,10254,1,0,29,757.2,226296.24,51.0,2
1,0,9,3,1,4,1,2,130076,13,0,9,1448.68,394592.34,51.0,1
1,0,9,3,1,4,1,2,70234,7,0,26,717.0,175221.24,51.0,2
1,0,9,3,1,4,1,2,180417,18,0,47,520.85,160996.66,51.0,3
1,0,9,55,0,1,0,2,80186,8,1,26,1625.38,579412.56,58.0,1
1,0,9,55,0,1,0,2,20293,2,0,34,800.26,242793.49,58.0,2
1,0,9,55,0,1,0,2,190301,19,0,36,855.94,245493.58,58.0,3
1,0,9,55,0,1,0,2,130570,13,0,67,524.97,182365.75,58.0,3
1,0,9,42,1,2,0,2,40114,4,0,14,1322.66,398928.35,56.0,2
1,0,9,42,1,2,0,2,100011,10,1,3,1197.61,341197.28,56.0,1
1,0,9,42,1,2,0,2,150312,15,0,35,745.49,234624.17,56.0,3
1,1,1,48,1,4,1,2,30341,3,0,41,965.5,282714.64,35.0,2
1,1,1,48,1,4,1,2,200411,20,1,47,590.12,151178.64,35.0,3
1,1,1,48,1,4,1,2,150005,15,0,1,1596.51,531573.93,35.0,1
1,1,1,48,1,4,1,2,90245,9,0,34,1577.36,436190.63,35.0,1
1,1,9,55,0,2,0,2,190035,19,0,6,1067.81,304055.72,56.0,3
1,1,9,55,0,2,0,2,70437,7,1,51,648.27,212701.42,56.0,2
1,1,9,55,0,2,0,2,130294,13,0,33,1445.84,487604.6,56.0,1
1,1,9,55,0,2,0,2,20045,2,0,5,933.95,312262.95,56.0,2
1,1,9,55,0,5,0,0,200284,20,0,32,1630.81,488058.16,55.0,1
1,1,9,55,0,5,0,0,140355,14,0,43,520.49,167318.39,55.0,3
1,1,9,55,0,5,0,0,90120,9,0,18,860.97,299547.84,55.0,2
1,1,9,55,0,5,0,0,30207,3,0,23,924.21,288254.21,55.0,2
1,1,3,52,0,4,0,2,130199,13,0,22,1811.36,536988.38,79.0,1
1,1,3,52,0,4,0,2,180530,18,0,60,1488.67,461412.78,79.0,1
1,1,3,52,0,4,0,2,10373,1,0,41,835.25,255581.25,79.0,2
1,1,3,52,0,4,0,2,70350,7,0,41,1093.92,322434.46,79.0,2
1,1,9,18,0,4,1,2,80007,8,0,1,1109.29,316502.81,56.0,2
1,1,9,18,0,4,1,2,130399,13,0,45,986.91,295710.16,56.0,3
1,1,9,18,0,4,1,2,20129,2,0,15,1603.33,529448.55,56.0,1
1,1,9,18,0,4,1,2,190126,19,0,17,574.75,188384.96,56.0,3
1,1,9,49,0,4,0,0,170196,17,0,22,1221.66,393104.03,56.0,3
1,1,9,49,0,4,0,0,110385,11,0,45,1651.09,490981.35,56.0,1
1,1,9,49,0,4,0,0,60042,6,1,4,1925.28,626977.89,56.0,1
1,1,7,41,0,4,0,2,190333,19,0,40,893.49,240304.86,56.0,3
1,1,7,41,0,4,0,2,140002,14,0,1,1750.63,491311.61,56.0,1
1,1,7,41,0,4,0,2,80224,8,1,29,1848.51,536177.39,56.0,1
1,1,7,41,0,4,0,2,20325,2,0,39,788.77,238068.88,56.0,2
1,1,9,3,1,3,0,0,40314,4,1,38,800.08,208482.23,56.0,2
1,1,9,3,1,3,0,0,150505,15,0,60,1033.2,317869.59,56.0,3
1,1,9,3,1,3,0,0,100205,10,0,26,1294.85,399712.39,56.0,1
1,0,4,28,1,5,0,0,120163,12,0,18,1702.66,559963.06,56.0,1
1,0,4,28,1,5,0,0,180089,18,0,12,1692.5,451978.85,56.0,1
1,0,4,28,1,5,0,0,60359,6,1,41,940.72,378059.82,56.0,2
1,1,9,1,0,5,0,2,180519,18,0,58,955.23,260647.46,56.0,3
1,1,9,1,0,5,0,2,130188,13,0,20,516.72,159770.01,56.0,3
1,1,9,1,0,5,0,2,70340,7,0,41,1093.92,324550.9,56.0,2
1,1,9,1,0,5,0,2,10362,1,0,39,742.93,222002.82,56.0,2
1,0,9,29,0,2,0,2,110362,11,0,43,810.65,272425.15,63.0,3
1,0,9,29,0,2,0,2,170182,17,0,20,792.27,244945.04,63.0,3
1,0,9,29,0,2,0,2,60029,6,0,3,605.21,189133.4,63.0,2
1,0,9,55,1,4,0,0,150234,15,0,26,961.01,312521.87,56.0,3
1,0,9,55,1,4,0,0,40049,4,0,5,786.98,258340.9,56.0,2
1,0,9,55,1,4,0,0,90475,9,0,58,838.34,260948.75,56.0,2
1,1,0,44,0,5,0,2,20074,2,0,9,584.19,199444.82,68.0,2
1,1,0,44,0,5,0,2,130329,13,0,37,1555.67,439078.0,68.0,1
1,1,0,44,0,5,0,2,190067,19,0,10,747.71,220548.69,68.0,3
1,1,0,44,0,5,0,2,70469,7,0,55,601.23,187791.7,68.0,2
1,1,2,0,1,3,1,0,180520,18,0,58,955.23,262721.0,66.0,3
1,1,2,0,1,3,1,0,10364,1,1,40,784.22,192318.09,66.0,2
1,1,2,0,1,3,1,0,70341,7,0,41,1093.92,330897.08,66.0,2
1,1,2,0,1,3,1,0,130189,13,1,20,516.72,162335.17,66.0,3
1,0,9,3,0,3,1,2,70431,7,0,50,502.02,149925.94,55.0,2
1,0,9,3,0,3,1,2,20037,2,0,4,1281.85,407225.63,55.0,2
1,0,9,3,0,3,1,2,190026,19,0,5,1408.42,441253.62,55.0,1
1,0,9,3,0,3,1,2,130288,13,1,32,1114.07,357615.84,55.0,3
1,0,9,55,0,3,0,0,10353,1,0,38,1355.85,415465.29,56.0,2
1,0,9,55,0,3,0,0,70333,7,0,39,1298.32,442394.76,56.0,1
1,0,9,55,0,3,0,0,130179,13,1,20,516.72,126443.98,56.0,3
1,0,9,55,0,3,0,0,180510,18,0,56,1311.59,344932.72,56.0,3
1,0,9,18,1,4,0,2,100174,10,0,23,912.32,241562.75,52.0,2
1,0,9,18,1,4,0,2,150470,15,0,57,429.34,125572.05,52.0,3
1,0,9,18,1,4,0,2,40275,4,0,32,1328.09,361228.37,52.0,2
1,0,9,49,0,1,1,2,80484,8,0,56,1874.7,726903.51,34.0,1
1,0,9,49,0,1,1,2,30067,3,0,7,744.01,222946.88,34.0,2
1,0,9,49,0,1,1,2,140224,14,0,24,1205.25,337423.76,34.0,3
1,0,9,49,0,1,1,2,200147,20,1,18,1868.01,516360.61,34.0,1
1,0,9,55,0,5,1,2,70144,7,0,17,1586.15,551658.47,56.0,1
1,0,9,55,0,5,1,2,180326,18,0,38,1219.8,381620.77,56.0,3
1,0,9,55,0,5,1,2,120402,12,0,47,1528.05,433439.63,56.0,1
1,0,9,55,0,5,1,2,10171,1,1,22,740.83,247904.66,56.0,2
1,0,2,0,1,5,0,2,160152,16,0,19,1163.06,362023.29,41.0,3
1,0,2,0,1,5,0,2,100369,10,0,43,1093.67,348445.05,41.0,3
1,0,2,0,1,5,0,2,50051,5,0,8,782.15,207569.34,41.0,2
1,0,9,49,0,2,0,2,20265,2,0,31,629.92,186157.43,56.0,2
1,0,9,49,0,2,0,2,130544,13,0,63,1623.8,474039.53,56.0,1
1,0,9,49,0,2,0,2,80153,8,0,20,774.16,249418.11,56.0,2
1,0,9,49,0,2,0,2,190275,19,0,32,1048.61,342021.93,56.0,3
1,1,9,42,0,1,1,2,50114,5,0,14,624.96,211361.79,56.0,2
1,1,9,42,0,1,1,2,100426,10,0,50,1138.32,380233.97,56.0,1
1,1,9,42,0,1,1,2,160220,16,0,27,1164.55,351319.42,56.0,3
1,1,9,55,0,1,1,0,100060,10,0,7,1628.71,462676.04,65.0,1
1,1,9,55,0,1,1,0,150364,15,1,44,1713.09,501738.52,65.0,1
1,1,9,55,0,1,1,0,40163,4,0,20,1609.62,413239.73,65.0,2
1,0,9,18,1,4,0,2,40086,4,0,11,802.79,199370.74,56.0,2
1,0,9,18,1,4,0,2,90518,9,1,59,1697.13,587797.99,56.0,1
1,0,9,18,1,4,0,2,150280,15,0,34,1304.22,407450.17,56.0,1
1,0,9,55,1,4,0,0,150471,15,0,57,429.34,139826.6,56.0,3
1,0,9,55,1,4,0,0,100175,10,0,23,912.32,278456.63,56.0,2
1,0,9,55,1,4,0,0,40277,4,0,33,734.73,246795.54,56.0,2
1,1,9,31,0,3,1,1,200442,20,0,49,880.76,254985.85,56.0,3
1,1,9,31,0,3,1,1,150033,15,0,5,769.6,227720.97,56.0,3
1,1,9,31,0,3,1,1,30370,3,1,46,1599.81,484626.56,56.0,1
1,1,9,31,0,3,1,1,90277,9,0,35,1376.88,440971.56,56.0,1
1,0,9,18,0,2,0,2,10344,1,0,37,758.3,250392.67,39.0,2
1,0,9,18,0,2,0,2,130163,13,0,19,758.69,241091.13,39.0,3
1,0,9,18,0,2,0,2,180494,18,0,54,1756.12,485852.2,39.0,1
1,0,9,18,0,2,0,2,70323,7,0,38,1755.26,492569.41,39.0,1
1,0,9,31,1,1,0,1,90025,9,1,5,1416.81,423694.55,56.0,1
1,0,9,31,1,1,0,1,140256,14,0,29,1618.34,533570.63,56.0,1
1,0,9,31,1,1,0,1,200182,20,0,19,759.72,223726.64,56.0,3
1,0,9,31,1,1,0,1,30110,3,1,10,784.09,229122.78,56.0,2
1,0,9,3,1,4,0,2,130212,13,0,24,1044.69,357429.62,49.0,3
1,0,9,3,1,4,0,2,180539,18,0,61,1019.7,312674.39,49.0,3
1,0,9,3,1,4,0,2,10386,1,0,45,767.46,231141.19,49.0,2
1,0,9,3,1,4,0,2,70363,7,0,42,702.08,208194.97,49.0,2
1,0,9,55,0,5,0,0,150489,15,0,58,1750.89,496154.56,56.0,1
1,0,9,55,0,5,0,0,100192,10,0,26,1294.85,390975.34,56.0,1
1,0,9,55,0,5,0,0,40299,4,0,35,777.82,222493.85,56.0,2
1,1,9,55,1,2,1,0,90237,9,0,33,973.52,285383.07,56.0,2
1,1,9,55,1,2,1,0,200402,20,0,46,1227.49,356609.27,56.0,3
1,1,9,55,1,2,1,0,140470,14,0,55,1415.9,407908.02,56.0,1
1,1,9,55,1,2,1,0,30331,3,1,40,678.71,164477.46,56.0,2
1,1,9,55,0,4,1,2,140165,14,1,17,686.6,252539.96,56.0,3
1,1,9,55,0,4,1,2,80417,8,0,47,543.08,152252.04,56.0,2
1,1,9,55,0,4,1,2,200080,20,0,11,1722.28,420273.62,56.0,1
1,1,9,55,0,4,1,2,20494,2,0,57,789.52,201052.0,56.0,2
1,0,9,31,0,5,0,1,150496,15,0,58,1750.89,578952.08,56.0,1
1,0,9,31,0,5,0,1,40306,4,0,37,800.13,279019.73,56.0,2
1,0,9,31,0,5,0,1,100198,10,0,26,1294.85,456412.46,56.0,1
1,0,9,31,1,1,1,1,100135,10,0,17,647.35,200717.88,56.0,3
1,0,9,31,1,1,1,1,40242,4,0,29,776.79,254041.58,56.0,2
1,0,9,31,1,1,1,1,150436,15,1,54,1495.13,441341.34,56.0,1
1,1,3,22,0,2,1,0,110328,11,0,39,1816.63,527323.78,56.0,1
1,1,3,22,0,2,1,0,170146,17,0,16,1693.0,536802.3,56.0,1
1,1,3,22,0,2,1,0,50446,5,0,52,1755.18,598512.98,56.0,1
1,1,9,1,0,5,0,2,140145,14,0,15,784.04,245553.02,56.0,3
1,1,9,1,0,5,0,2,20475,2,0,55,579.26,164554.88,56.0,2
1,1,9,1,0,5,0,2,80390,8,0,46,1175.51,352357.82,56.0,2
1,1,9,1,0,5,0,2,200057,20,0,6,1401.0,450265.88,56.0,1
1,1,2,30,0,5,1,0,200056,20,0,6,1401.0,504544.59,35.0,1
1,1,2,30,0,5,1,0,80388,8,0,46,1175.51,275770.45,35.0,2
1,1,2,30,0,5,1,0,20474,2,0,55,579.26,186508.92,35.0,2
1,1,2,30,0,5,1,0,140142,14,0,15,784.04,198795.95,35.0,3
1,1,1,5,0,1,0,2,200278,20,0,31,1414.44,464582.73,56.0,1
1,1,1,5,0,1,0,2,90114,9,1,17,1481.32,404286.98,56.0,1
1,1,1,5,0,1,0,2,140350,14,1,42,1350.7,361293.73,56.0,1
1,1,1,5,0,1,0,2,30202,3,0,21,1122.15,326871.64,56.0,2
1,0,9,46,0,5,0,0,130021,13,0,2,1651.02,522366.74,56.0,1
1,0,9,46,0,5,0,0,70180,7,0,20,1160.82,337242.59,56.0,2
1,0,9,46,0,5,0,0,180364,18,0,41,852.83,267144.13,56.0,3
1,0,9,46,0,5,0,0,10202,1,0,24,1146.11,330642.27,56.0,2
1,0,1,5,0,5,0,2,60131,6,0,10,942.08,255614.83,56.0,2
1,0,1,5,0,5,0,2,170285,17,0,35,1667.01,491123.63,56.0,1
1,0,1,5,0,5,0,2,110475,11,0,56,724.8,229127.73,56.0,3
1,0,9,6,0,1,0,2,130282,13,0,32,1114.07,381358.57,56.0,3
1,0,9,6,0,1,0,2,20029,2,0,3,645.84,205863.07,56.0,2
1,0,9,6,0,1,0,2,70424,7,0,49,1383.05,382303.57,56.0,1
1,0,9,6,0,1,0,2,190020,19,0,4,1225.38,346500.14,56.0,3
1,0,1,54,0,2,0,1,130487,13,0,56,606.9,170509.9,45.0,3
1,0,1,54,0,2,0,1,80097,8,0,11,742.87,234850.32,45.0,2
1,0,1,54,0,2,0,1,190225,19,0,26,668.24,206090.56,45.0,3
1,0,1,54,0,2,0,1,20218,2,0,24,785.12,191362.48,45.0,2
1,1,8,25,0,4,1,2,30439,3,0,51,693.85,221020.03,75.0,2
1,1,8,25,0,4,1,2,90352,9,0,41,1488.32,362728.99,75.0,1
1,1,8,25,0,4,1,2,150105,15,0,15,522.71,180780.95,75.0,3
1,1,0,50,0,3,1,0,10408,1,0,47,771.08,216275.25,56.0,2
1,1,0,50,0,3,1,0,180565,18,1,66,1631.24,480048.34,56.0,1
1,1,0,50,0,3,1,0,130232,13,0,27,885.68,292667.0,56.0,3
1,1,0,50,0,3,1,0,70383,7,0,43,498.61,172980.65,56.0,2
1,1,9,18,0,3,0,2,70327,7,1,38,1755.26,564037.73,82.0,1
1,1,9,18,0,3,0,2,180500,18,0,55,930.04,291612.26,82.0,3
1,1,9,18,0,3,0,2,130167,13,0,19,758.69,248982.96,82.0,3
1,1,9,18,0,3,0,2,10347,1,1,37,758.3,189015.42,82.0,2
1,0,9,1,0,1,0,2,40219,4,0,26,790.05,250104.08,56.0,2
1,0,9,1,0,1,0,2,100106,10,0,14,1318.01,417201.93,56.0,1
1,0,9,1,0,1,0,2,150412,15,1,52,829.2,248737.71,56.0,3
1,1,9,49,1,5,1,2,60214,6,1,20,1897.17,505472.65,36.0,1
1,1,9,49,1,5,1,2,110563,11,0,65,1427.09,453651.73,36.0,1
1,1,9,49,1,5,1,2,170381,17,1,47,1106.83,300057.11,36.0,3
1,1,9,42,1,4,0,0,40037,4,0,4,783.03,233531.67,56.0,2
1,1,9,42,1,4,0,0,90464,9,0,57,1198.57,358849.76,56.0,1
1,1,9,42,1,4,0,0,150222,15,0,26,961.01,276284.34,56.0,3
1,0,3,56,0,4,0,0,150216,15,0,24,924.36,270962.44,56.0,3
1,0,3,56,0,4,0,0,40031,4,0,3,1630.82,419373.26,56.0,2
1,0,3,56,0,4,0,0,90459,9,1,57,1198.57,441154.94,56.0,1
1,1,9,46,1,3,1,2,150258,15,0,30,1523.22,482341.23,56.0,1
1,1,9,46,1,3,1,2,90497,9,0,58,838.34,301410.9,56.0,2
1,1,9,46,1,3,1,2,40067,4,0,7,786.36,248235.55,56.0,2
1,1,9,55,0,3,1,2,180558,18,0,65,996.32,302341.1,56.0,3
1,1,9,55,0,3,1,2,70379,7,0,43,498.61,154582.17,56.0,2
1,1,9,55,0,3,1,2,10402,1,0,46,1153.16,369366.53,56.0,2
1,1,9,55,0,3,1,2,130228,13,0,26,1867.78,590931.68,56.0,1
1,1,9,7,0,1,1,2,170269,17,0,32,954.54,272169.11,56.0,3
1,1,9,7,0,1,1,2,110461,11,0,54,802.65,232185.85,56.0,3
1,1,9,7,0,1,1,2,60116,6,0,10,942.08,266254.66,56.0,2
1,0,5,9,0,1,1,0,100388,10,0,44,1224.71,399400.23,39.0,1
1,0,5,9,0,1,1,0,50073,5,0,10,629.27,208186.63,39.0,2
1,0,5,9,0,1,1,0,160172,16,0,21,837.95,246839.66,39.0,3
1,0,9,1,1,3,0,0,170154,17,0,16,1693.0,502269.25,79.0,1
1,0,9,1,1,3,0,0,110336,11,0,41,1125.56,353854.21,79.0,3
1,0,9,1,1,3,0,0,60003,6,0,1,1720.95,480292.7,79.0,1
1,1,2,0,1,2,1,2,60141,6,0,12,1678.17,455861.82,56.0,1
1,1,2,0,1,2,1,2,110486,11,1,57,1008.58,364600.4,56.0,3
1,1,2,0,1,2,1,2,170295,17,0,36,781.49,207455.9,56.0,3
1,0,9,55,1,3,1,2,10145,1,1,18,716.85,191842.01,56.0,2
1,0,9,55,1,3,1,2,120379,12,0,41,938.23,308266.76,56.0,3
1,0,9,55,1,3,1,2,180299,18,0,36,1089.77,330207.8,56.0,3
1,0,9,55,1,3,1,2,70119,7,0,15,602.92,185296.54,56.0,2
1,1,4,28,0,5,0,2,150041,15,0,6,938.57,315848.16,55.0,3
1,1,4,28,0,5,0,2,200446,20,0,50,493.06,115337.65,55.0,3
1,1,4,28,0,5,0,2,30374,3,1,46,1599.81,465704.47,55.0,1
1,1,4,28,0,5,0,2,90282,9,0,35,1376.88,383351.87,55.0,1
1,0,9,31,0,1,0,2,30135,3,0,13,754.84,233701.51,45.0,2
1,0,9,31,0,1,0,2,140281,14,0,33,1894.96,537445.29,45.0,1
1,0,9,31,0,1,0,2,200206,20,0,25,780.74,241644.79,45.0,3
1,0,9,31,0,1,0,2,90046,9,0,8,1315.55,388878.86,45.0,1
1,1,9,3,0,3,0,2,140181,14,1,20,1224.91,413091.69,78.0,1
1,1,9,3,0,3,0,2,200108,20,0,14,837.37,254752.28,78.0,3
1,1,9,3,0,3,0,2,30020,3,0,2,672.64,205608.05,78.0,2
1,1,9,3,0,3,0,2,80441,8,0,52,559.73,180837.56,78.0,2
1,0,9,6,0,3,1,0,190356,19,0,42,1137.59,315841.36,56.0,3
1,0,9,6,0,3,1,0,20349,2,0,42,786.45,257788.12,56.0,2
1,0,9,6,0,3,1,0,80253,8,1,31,1253.18,300033.75,56.0,2
1,0,9,6,0,3,1,0,140026,14,0,5,424.34,113550.95,56.0,3
1,0,9,55,0,1,0,2,160208,16,0,26,1458.08,420929.08,56.0,1
1,0,9,55,0,1,0,2,50108,5,0,13,791.13,246068.77,56.0,2
1,0,9,55,0,1,0,2,100419,10,0,50,1138.32,360288.63,56.0,1
1,0,9,55,0,4,1,2,150228,15,0,26,961.01,265442.27,56.0,3
1,0,9,55,0,4,1,2,90470,9,0,57,1198.57,370077.4,56.0,1
1,0,9,55,0,4,1,2,40041,4,0,4,783.03,280086.4,56.0,2
1,0,9,55,0,1,0,2,130595,13,0,69,736.95,201663.74,31.0,3
1,0,9,55,0,1,0,2,80212,8,0,29,1848.51,577483.25,31.0,1
1,0,9,55,0,1,0,2,20314,2,0,37,780.46,241560.55,31.0,2
1,0,9,55,0,1,0,2,190321,19,0,39,1237.04,341413.93,31.0,3
0,1,9,6,0,2,0,0,90512,9,0,58,838.34,246465.48,66.0,0
0,1,9,6,0,2,0,0,40080,4,0,10,1614.62,557392.74,66.0,0
0,1,9,6,0,2,0,0,150272,15,1,32,1338.63,374901.66,66.0,0
1,0,9,55,0,5,1,2,130461,13,0,53,968.77,263567.44,29.0,3
1,0,9,55,0,5,1,2,190202,19,0,25,996.38,305776.06,29.0,3
1,0,9,55,0,5,1,2,80075,8,0,9,1869.81,659880.36,29.0,1
1,0,9,55,0,5,1,2,20197,2,0,22,653.41,167447.91,29.0,2
1,1,9,18,0,2,0,0,200311,20,0,34,858.93,304644.38,39.0,3
1,1,9,18,0,2,0,0,90150,9,0,23,901.21,267578.12,39.0,2
1,1,9,18,0,2,0,0,30235,3,0,27,1117.14,331425.23,39.0,2
1,1,9,18,0,2,0,0,140379,14,0,46,1258.99,379081.98,39.0,1
1,0,9,18,0,3,0,2,180529,18,0,60,1488.67,467587.82,56.0,1
1,0,9,18,0,3,0,2,130198,13,0,22,1811.36,605522.07,56.0,1
1,0,9,18,0,3,0,2,10372,1,0,41,835.25,232493.29,56.0,2
1,0,9,18,0,3,0,2,70349,7,0,41,1093.92,370762.54,56.0,2
1,0,2,35,0,2,1,0,190360,19,0,42,1137.59,318648.6,28.0,3
1,0,2,35,0,2,1,0,80258,8,0,31,1253.18,399164.03,28.0,1
1,0,2,35,0,2,1,0,140031,14,0,5,424.34,132481.59,28.0,3
1,0,2,35,0,2,1,0,20353,2,0,42,786.45,234308.2,28.0,2
1,1,9,46,0,4,0,2,130236,13,0,28,1173.72,379531.13,56.0,1
1,1,9,46,0,4,0,2,10411,1,0,47,771.08,217942.69,56.0,2
1,1,9,46,0,4,0,2,70386,7,0,44,1859.83,478602.47,56.0,1
1,1,9,46,0,4,0,2,180569,18,0,66,1631.24,570262.07,56.0,1
1,0,9,18,0,3,1,2,190046,19,0,8,974.77,291671.99,67.0,3
1,0,9,18,0,3,1,2,130308,13,0,33,1445.84,460172.3,67.0,1
1,0,9,18,0,3,1,2,20053,2,0,6,967.84,251007.77,67.0,2
1,0,9,18,0,3,1,2,70445,7,0,52,1281.14,349648.17,67.0,2
1,0,8,25,0,3,0,2,60040,6,0,4,1925.28,669506.11,56.0,1
1,0,8,25,0,3,0,2,110383,11,1,44,434.38,138741.01,56.0,3
1,0,8,25,0,3,0,2,170194,17,0,22,1221.66,332860.12,56.0,3
1,0,9,20,0,3,0,2,130010,13,0,1,1899.92,619055.13,80.0,1
1,0,9,20,0,3,0,2,180353,18,0,40,990.46,314671.53,80.0,3
1,0,9,20,0,3,0,2,10195,1,0,23,1201.5,400787.83,80.0,2
1,0,9,20,0,3,0,2,70171,7,0,19,751.07,229319.93,80.0,2
1,0,9,31,0,3,1,1,130590,13,0,68,1590.69,429908.37,82.0,1
1,0,9,31,0,3,1,1,190318,19,0,39,1237.04,381910.97,82.0,3
1,0,9,31,0,3,1,1,80208,8,0,28,1431.61,429778.33,82.0,1
1,0,9,31,0,3,1,1,20311,2,0,36,641.72,194714.91,82.0,2
1,1,2,45,0,3,1,2,60311,6,0,34,1353.81,404268.31,56.0,2
1,1,2,45,0,3,1,2,180022,18,0,3,524.48,158224.66,56.0,3
1,1,2,45,0,3,1,2,120107,12,0,13,1394.03,393863.57,56.0,1
1,1,6,33,1,5,1,0,160247,16,0,29,489.49,174809.5,56.0,3
1,1,6,33,1,5,1,0,50135,5,0,17,798.74,236197.69,56.0,2
1,1,6,33,1,5,1,0,110020,11,1,3,1479.84,385425.29,56.0,1
1,1,9,55,0,4,1,2,60454,6,0,53,1170.96,324077.45,56.0,2
1,1,9,55,0,4,1,2,120251,12,0,27,871.52,238611.29,56.0,3
1,1,9,55,0,4,1,2,180173,18,1,22,1108.09,389967.22,56.0,3
1,1,9,55,0,4,1,2,10009,1,0,2,715.67,219564.15,56.0,2
1,0,2,0,1,2,0,0,90365,9,0,43,1908.91,579686.7,56.0,1
1,0,2,0,1,2,0,0,30452,3,0,52,1361.9,373635.26,56.0,2
1,0,2,0,1,2,0,0,150118,15,0,16,1692.61,597681.88,56.0,1
1,0,9,55,0,3,1,0,70097,7,0,13,604.6,179048.25,56.0,2
1,0,9,55,0,3,1,0,120356,12,0,38,1157.23,331792.26,56.0,3
1,0,9,55,0,3,1,0,10120,1,0,15,765.0,236590.31,56.0,2
1,0,9,55,0,3,1,0,180273,18,1,32,1512.9,432544.27,56.0,1
1,1,9,55,0,5,0,2,160056,16,0,7,941.57,267559.14,56.0,3
1,1,9,55,0,5,0,2,40394,4,0,45,1160.48,348785.34,56.0,2
1,1,9,55,0,5,0,2,100278,10,0,32,1661.46,462160.46,56.0,1
1,0,9,43,1,3,0,2,40345,4,0,41,779.87,241306.2,56.0,2
1,0,9,43,1,3,0,2,160013,16,0,2,1388.75,406095.59,56.0,1
1,0,9,43,1,3,0,2,100237,10,0,28,1606.58,492594.19,56.0,1
1,0,9,55,1,4,1,2,190203,19,0,25,996.38,336027.12,56.0,3
1,0,9,55,1,4,1,2,20198,2,0,22,653.41,188370.61,56.0,2
1,0,9,55,1,4,1,2,80076,8,0,9,1869.81,606491.63,56.0,1
1,0,9,55,1,4,1,2,130462,13,0,53,968.77,351354.52,56.0,3
1,0,9,55,1,3,0,2,60308,6,0,34,1353.81,395125.68,56.0,2
1,0,9,55,1,3,0,2,120103,12,0,13,1394.03,520101.47,56.0,1
1,0,9,55,1,3,0,2,180019,18,0,3,524.48,145719.42,56.0,3
1,0,9,55,0,5,0,2,160155,16,0,19,1163.06,347283.41,56.0,3
1,0,9,55,0,5,0,2,100372,10,0,43,1093.67,282078.89,56.0,2
1,0,9,55,0,5,0,2,50054,5,0,9,793.56,231833.39,56.0,2
1,1,7,26,1,3,1,2,130331,13,0,37,1555.67,442624.97,56.0,1
1,1,7,26,1,3,1,2,70470,7,0,55,601.23,185349.98,56.0,2
1,1,7,26,1,3,1,2,20075,2,0,9,584.19,174150.21,56.0,2
1,1,7,26,1,3,1,2,190068,19,0,10,747.71,196219.32,56.0,3
1,0,9,55,0,5,1,2,200233,20,0,29,1844.16,561035.94,56.0,1
1,0,9,55,0,5,1,2,90078,9,0,12,952.38,291557.41,56.0,2
1,0,9,55,0,5,1,2,140305,14,0,35,1152.84,387012.23,56.0,3
1,0,9,55,0,5,1,2,30159,3,0,18,706.68,199407.76,56.0,2
1,1,9,46,0,5,0,2,90108,9,1,17,1481.32,454264.31,56.0,1
1,1,9,46,0,5,0,2,140344,14,0,41,543.61,154091.71,56.0,3
1,1,9,46,0,5,0,2,30194,3,0,21,1122.15,321062.01,56.0,2
1,1,9,46,0,5,0,2,200269,20,0,31,1414.44,381295.01,56.0,1
0,0,9,55,0,5,0,0,90361,9,0,43,1908.91,524488.63,56.0,0
0,0,9,55,0,5,0,0,30447,3,1,51,693.85,192247.67,56.0,0
0,0,9,55,0,5,0,0,150115,15,0,16,1692.61,461119.91,56.0,0
1,0,1,5,0,1,0,1,100172,10,0,23,912.32,273969.84,56.0,3
1,0,1,5,0,1,0,1,150468,15,0,56,939.93,283283.47,56.0,3
1,0,1,5,0,1,0,1,40272,4,0,31,793.1,281815.97,56.0,2
1,1,7,14,1,1,0,2,190014,19,0,4,1225.38,342245.42,56.0,3
1,1,7,14,1,1,0,2,20022,2,0,3,645.84,186825.58,56.0,2
1,1,7,14,1,1,0,2,70418,7,0,49,1383.05,415154.19,56.0,1
1,1,7,14,1,1,0,2,130276,13,0,32,1114.07,375777.23,56.0,3
1,0,9,55,0,1,0,2,120023,12,0,3,1469.27,367608.78,56.0,1
1,0,9,55,0,1,0,2,60242,6,0,24,1159.75,330327.79,56.0,2
1,0,9,55,0,1,0,2,170407,17,0,48,1833.96,563558.93,56.0,1
1,0,1,5,0,3,0,2,50017,5,0,4,799.1,259367.12,56.0,2
1,0,1,5,0,3,0,2,160119,16,0,13,500.49,145140.27,56.0,3
1,0,1,5,0,3,0,2,100337,10,0,40,1322.98,389328.46,56.0,1
1,1,9,3,0,5,0,1,160245,16,0,28,1440.71,468372.55,56.0,1
1,1,9,3,0,5,0,1,50134,5,1,17,798.74,232448.63,56.0,2
1,1,9,3,0,5,0,1,110018,11,0,2,938.0,315840.26,56.0,3
1,1,9,55,0,4,1,2,150491,15,0,58,1750.89,566107.2,75.0,1
1,1,9,55,0,4,1,2,100193,10,0,26,1294.85,358860.18,75.0,1
1,1,9,55,0,4,1,2,40300,4,1,35,777.82,187305.08,75.0,2
1,1,9,55,0,3,0,2,50076,5,0,10,629.27,194958.35,56.0,2
1,1,9,55,0,3,0,2,160175,16,0,21,837.95,248809.12,56.0,3
1,1,9,55,0,3,0,2,100391,10,0,45,1119.1,388898.15,56.0,1
0,1,9,3,0,3,0,2,90230,9,0,33,973.52,280634.41,35.0,0
0,1,9,3,0,3,0,2,30326,3,0,40,678.71,204319.7,35.0,0
0,1,9,3,0,3,0,2,200399,20,0,45,1532.67,509429.47,35.0,0
0,1,9,3,0,3,0,2,140467,14,0,55,1415.9,502780.15,35.0,0
1,0,9,29,0,5,0,2,190224,19,0,26,668.24,226669.36,56.0,3
1,0,9,29,0,5,0,2,80096,8,0,11,742.87,205370.02,56.0,2
1,0,9,29,0,5,0,2,20217,2,1,24,785.12,231620.61,56.0,2
1,0,9,29,0,5,0,2,130486,13,0,56,606.9,209460.48,56.0,3
1,1,9,55,1,1,1,2,60408,6,0,49,1167.52,421157.07,46.0,2
1,1,9,55,1,1,1,2,180128,18,0,17,1195.81,306003.32,46.0,3
1,1,9,55,1,1,1,2,120206,12,0,23,1094.46,392440.08,46.0,1
1,1,9,7,1,3,1,2,50347,5,0,44,806.03,214508.42,56.0,2
1,1,9,7,1,3,1,2,170040,17,0,4,448.67,130070.01,56.0,3
1,1,9,7,1,3,1,2,110228,11,0,27,1638.1,425499.05,56.0,1
1,1,9,46,0,2,1,2,40018,4,0,2,1620.07,467514.28,30.0,1
1,1,9,46,0,2,1,2,90441,9,0,56,1516.4,506527.22,30.0,1
1,1,9,46,0,2,1,2,150202,15,0,23,1279.23,387513.74,30.0,1
1,1,9,18,0,1,1,2,160357,16,0,41,1001.72,241353.22,56.0,3
1,1,9,18,0,1,1,2,110135,11,0,14,524.68,145565.84,56.0,3
1,1,9,18,0,1,1,2,50257,5,0,34,802.33,285197.86,56.0,2
1,1,9,43,0,1,0,2,70255,7,0,28,694.55,212583.8,56.0,2
1,1,9,43,0,1,0,2,180438,18,1,49,1457.92,521808.8,56.0,1
1,1,9,43,0,1,0,2,130100,13,0,11,1678.3,529820.54,56.0,1
1,1,9,43,0,1,0,2,10276,1,0,30,753.29,217191.25,56.0,2
1,1,5,23,0,3,0,1,170265,17,0,32,954.54,259309.56,41.0,3
1,1,5,23,0,3,0,1,110456,11,0,52,1397.58,477602.23,41.0,1
1,1,5,23,0,3,0,1,60111,6,0,9,1194.12,388454.83,41.0,2
1,1,9,31,1,4,1,0,30096,3,0,9,1125.84,321342.19,56.0,2
1,1,9,31,1,4,1,0,90010,9,0,1,832.35,274831.74,56.0,2
1,1,9,31,1,4,1,0,140245,14,1,28,486.35,180048.26,56.0,3
1,1,9,31,1,4,1,0,200170,20,0,19,759.72,230258.99,56.0,3
1,1,9,55,1,1,0,2,10126,1,0,15,765.0,234250.56,51.0,2
1,1,9,55,1,1,0,2,120362,12,0,38,1157.23,386654.16,51.0,1
1,1,9,55,1,1,0,2,70103,7,0,13,604.6,168102.17,51.0,2
1,1,9,55,1,1,0,2,180279,18,0,35,799.05,242910.33,51.0,3
1,0,1,54,0,2,0,2,190257,19,0,29,1657.84,483936.27,50.0,1
1,0,1,54,0,2,0,2,130522,13,0,60,1401.81,370900.47,50.0,1
1,0,1,54,0,2,0,2,20244,2,1,26,1577.79,484534.28,50.0,1
1,0,1,54,0,2,0,2,80133,8,1,16,424.09,114987.3,50.0,2
1,1,9,49,0,1,0,2,80047,8,0,5,887.23,252418.74,71.0,2
1,1,9,49,0,1,0,2,130435,13,0,48,1728.84,541585.04,71.0,1
1,1,9,49,0,1,0,2,20164,2,0,19,795.52,238133.99,71.0,2
1,1,9,49,0,1,0,2,190165,19,0,21,477.75,149634.66,71.0,3
1,1,9,46,0,1,0,2,160109,16,0,11,1288.42,399439.17,56.0,1
1,1,9,46,0,1,0,2,100325,10,0,39,1188.51,342681.32,56.0,1
1,1,9,46,0,1,0,2,50007,5,0,2,795.91,281231.73,56.0,2
1,0,9,20,0,3,0,2,130318,13,1,35,1867.34,654120.74,56.0,1
1,0,9,20,0,3,0,2,190057,19,0,8,974.77,308389.38,56.0,3
1,0,9,20,0,3,0,2,70457,7,1,54,1940.69,598695.66,56.0,1
1,0,9,20,0,3,0,2,20063,2,0,8,715.54,228175.89,56.0,2
1,0,9,18,0,2,0,0,80124,8,0,14,685.93,182975.25,79.0,2
1,0,9,18,0,2,0,0,130513,13,0,59,1434.04,422391.04,79.0,1
1,0,9,18,0,2,0,0,190249,19,1,29,1657.84,575177.72,79.0,1
1,0,9,18,0,2,0,0,20239,2,1,26,1577.79,487791.17,79.0,1
1,0,9,3,0,1,1,1,30089,3,0,9,1125.84,260798.04,29.0,2
1,0,9,3,0,1,1,1,140238,14,0,27,1866.49,550819.24,29.0,1
1,0,9,3,0,1,1,1,200163,20,0,18,1868.01,477989.82,29.0,1
1,0,9,3,0,1,1,1,80502,8,0,58,1448.59,444560.41,29.0,1
1,0,9,55,0,4,0,2,140115,14,0,13,442.74,134160.06,33.0,3
1,0,9,55,0,4,0,2,80355,8,0,42,1473.68,463480.05,33.0,1
1,0,9,55,0,4,0,2,20445,2,0,51,699.31,211377.64,33.0,2
1,0,9,55,0,4,0,2,200025,20,0,2,1669.84,562229.33,33.0,1
1,1,9,3,0,3,0,2,20452,2,0,52,914.01,306211.14,56.0,2
1,1,9,3,0,3,0,2,200036,20,1,3,1645.93,564116.06,56.0,1
1,1,9,3,0,3,0,2,80366,8,1,43,1490.59,488108.91,56.0,1
1,1,9,3,0,3,0,2,140122,14,0,13,442.74,97402.8,56.0,3
1,0,7,37,0,4,0,2,200380,20,0,41,541.22,156812.31,83.0,3
1,0,7,37,0,4,0,2,90215,9,0,31,1052.27,283937.37,83.0,2
1,0,7,37,0,4,0,2,30310,3,0,38,1173.4,377838.86,83.0,2
1,0,7,37,0,4,0,2,140448,14,0,52,571.74,166516.67,83.0,3
0,1,9,31,0,1,1,1,60057,6,0,5,1617.43,484144.21,56.0,0
0,1,9,31,0,1,1,1,170209,17,1,23,1025.52,281260.7,56.0,0
0,1,9,31,0,1,1,1,110404,11,0,48,661.7,220504.09,56.0,0
1,0,9,49,0,1,1,0,60051,6,0,4,1925.28,616403.86,56.0,1
1,0,9,49,0,1,1,0,110396,11,0,47,1456.74,429662.41,56.0,1
1,0,9,49,0,1,1,0,170205,17,0,23,1025.52,288705.15,56.0,3
0,1,9,7,0,3,1,1,150400,15,0,50,1841.5,556838.33,56.0,0
0,1,9,7,0,3,1,1,100094,10,0,11,1675.44,497015.99,56.0,0
0,1,9,7,0,3,1,1,40209,4,0,26,790.05,227041.65,56.0,0
0,0,2,0,1,5,1,0,10139,1,1,18,716.85,219508.45,56.0,0
0,0,2,0,1,5,1,0,120375,12,0,39,1653.93,401863.68,56.0,0
0,0,2,0,1,5,1,0,70114,7,0,15,602.92,162365.24,56.0,0
0,0,2,0,1,5,1,0,180292,18,0,36,1089.77,321544.55,56.0,0
1,1,9,18,1,3,1,0,140151,14,1,16,915.37,319620.31,56.0,3
1,1,9,18,1,3,1,0,80398,8,0,46,1175.51,445068.24,56.0,1
1,1,9,18,1,3,1,0,20480,2,0,55,579.26,177044.7,56.0,2
1,1,9,18,1,3,1,0,200065,20,0,8,1268.45,342407.94,56.0,3
1,1,9,31,0,4,0,0,80329,8,0,37,890.65,266626.12,56.0,2
1,1,9,31,0,4,0,0,20416,2,0,47,708.32,210817.61,56.0,2
1,1,9,31,0,4,0,0,140090,14,0,11,1431.42,399457.77,56.0,1
1,1,9,31,0,4,0,0,190425,19,0,49,1004.26,292433.99,56.0,3
1,0,9,55,0,3,0,0,70280,7,0,34,1487.05,445823.13,55.0,1
1,0,9,55,0,3,0,0,180456,18,0,51,1527.31,496847.34,55.0,1
1,0,9,55,0,3,0,0,10293,1,0,31,619.78,218721.31,55.0,2
1,0,9,55,0,3,0,0,130122,13,0,14,777.75,253385.21,55.0,3
1,0,4,28,0,1,0,2,100311,10,0,37,1177.85,413750.47,52.0,1
1,0,4,28,0,1,0,2,160094,16,0,10,1608.56,439467.59,52.0,1
1,0,4,28,0,1,0,2,40435,4,0,51,802.11,218500.34,52.0,2
1,1,9,55,1,5,0,1,110423,11,0,50,948.72,235489.44,56.0,3
1,1,9,55,1,5,0,1,170229,17,0,27,677.24,207636.64,56.0,3
1,1,9,55,1,5,0,1,60078,6,0,7,1075.42,341503.87,56.0,2
1,1,9,7,1,4,1,2,120131,12,0,15,1456.98,482509.93,32.0,1
1,1,9,7,1,4,1,2,180052,18,0,6,840.25,219795.98,32.0,3
1,1,9,7,1,4,1,2,60335,6,0,37,1721.96,514358.91,32.0,1
1,0,9,55,0,5,0,1,190293,19,0,35,1099.62,285903.69,56.0,3
1,0,9,55,0,5,0,1,20287,2,0,33,931.4,316411.41,56.0,2
1,0,9,55,0,5,0,1,130565,13,0,66,1283.8,365694.22,56.0,1
1,0,9,55,0,5,0,1,80180,8,0,25,1833.58,595227.23,56.0,1
1,1,9,43,1,1,0,2,150002,15,1,1,1596.51,481918.59,56.0,1
1,1,9,43,1,1,0,2,90243,9,1,34,1577.36,543401.76,56.0,1
1,1,9,43,1,1,0,2,30339,3,0,41,965.5,334240.7,56.0,2
1,1,9,43,1,1,0,2,200408,20,0,46,1227.49,375996.1,56.0,3
1,0,9,55,0,4,0,2,200230,20,0,29,1844.16,524713.99,57.0,1
1,0,9,55,0,4,0,2,30157,3,0,18,706.68,222032.52,57.0,2
1,0,9,55,0,4,0,2,90075,9,0,12,952.38,280193.32,57.0,2
1,0,9,55,0,4,0,2,140303,14,0,35,1152.84,356376.59,57.0,3
1,0,8,4,1,1,0,2,180186,18,0,25,911.94,241281.34,26.0,3
1,0,8,4,1,1,0,2,10024,1,0,3,788.73,223548.52,26.0,2
1,0,8,4,1,1,0,2,120262,12,0,27,871.52,281637.63,26.0,3
1,0,8,4,1,1,0,2,60473,6,0,55,562.37,151179.06,26.0,2
1,1,9,55,0,3,0,2,150093,15,1,15,522.71,198889.9,72.0,3
1,1,9,55,0,3,0,2,90340,9,0,40,1090.32,311714.97,72.0,2
1,1,9,55,0,3,0,2,200499,20,0,58,1208.52,387708.89,72.0,3
1,1,9,55,0,3,0,2,30429,3,0,50,713.67,238169.16,72.0,2
1,1,0,50,0,3,0,1,70356,7,0,41,1093.92,379238.43,56.0,2
1,1,0,50,0,3,0,1,180534,18,0,60,1488.67,441900.44,56.0,1
1,1,0,50,0,3,0,1,10378,1,0,42,800.21,251143.26,56.0,2
1,1,0,50,0,3,0,1,130205,13,0,24,1044.69,279992.4,56.0,3
1,0,9,3,0,1,1,2,60300,6,1,33,1131.0,357969.1,56.0,2
1,0,9,3,0,1,1,2,120093,12,0,12,959.05,278391.46,56.0,3
1,0,9,3,0,1,1,2,180008,18,0,1,1379.64,370207.67,56.0,3
1,1,9,55,0,1,0,2,30271,3,0,30,796.57,218357.69,31.0,2
1,1,9,55,0,1,0,2,200337,20,1,37,632.35,172701.3,31.0,3
1,1,9,55,0,1,0,2,90175,9,0,26,1038.39,274444.3,31.0,2
1,1,9,55,0,1,0,2,140403,14,0,48,1941.78,581591.93,31.0,1
1,1,9,7,1,5,0,0,130541,13,1,63,1623.8,528523.4,56.0,1
1,1,9,7,1,5,0,0,20264,2,1,31,629.92,207895.14,56.0,2
1,1,9,7,1,5,0,0,190274,19,0,31,1089.64,300577.88,56.0,3
1,1,9,7,1,5,0,0,80152,8,1,20,774.16,252589.0,56.0,2
1,1,9,55,0,3,0,2,30506,3,0,58,1588.14,495478.74,56.0,1
1,1,9,55,0,3,0,2,90419,9,0,53,599.72,191147.09,56.0,2
1,1,9,55,0,3,0,2,150176,15,0,23,1279.23,430250.98,56.0,1
1,1,9,3,0,5,1,0,40413,4,1,48,1621.39,432946.6,56.0,1
1,1,9,3,0,5,1,0,100295,10,0,34,1435.44,456005.52,56.0,1
1,1,9,3,0,5,1,0,160075,16,0,9,1524.04,470652.98,56.0,1
1,1,9,18,1,5,0,1,20255,2,0,29,1107.33,325010.71,56.0,2
1,1,9,18,1,5,0,1,80143,8,0,17,1109.27,315922.46,56.0,2
1,1,9,18,1,5,0,1,130533,13,0,61,1333.63,402189.34,56.0,1
1,1,9,18,1,5,0,1,190268,19,0,31,1089.64,292398.57,56.0,3
1,1,9,55,0,5,0,0,110434,11,0,52,1397.58,352401.08,56.0,1
1,1,9,55,0,5,0,0,170239,17,0,27,677.24,183228.95,56.0,3
1,1,9,55,0,5,0,0,60091,6,0,7,1075.42,358882.77,56.0,2
1,1,9,55,0,3,0,0,20148,2,0,17,1397.4,424589.45,56.0,2
1,1,9,55,0,3,0,0,190148,19,0,19,1697.73,426901.6,56.0,1
1,1,9,55,0,3,0,0,130418,13,0,47,1874.35,566173.43,56.0,1
1,1,9,55,0,3,0,0,80025,8,1,3,1736.05,530898.76,56.0,1
1,1,9,43,1,1,0,2,150039,15,0,6,938.57,251588.73,57.0,3
1,1,9,43,1,1,0,2,90280,9,0,35,1376.88,356213.53,57.0,1
1,1,9,43,1,1,0,2,200445,20,0,50,493.06,171624.15,57.0,3
1,1,9,43,1,1,0,2,30373,3,0,46,1599.81,538098.62,57.0,1
1,1,9,3,0,3,0,2,30193,3,0,21,1122.15,305315.5,56.0,2
1,1,9,3,0,3,0,2,140342,14,0,40,532.44,164304.6,56.0,3
1,1,9,3,0,3,0,2,200268,20,0,31,1414.44,460529.82,56.0,1
1,1,9,3,0,3,0,2,90107,9,0,17,1481.32,448326.14,56.0,1
1,1,9,55,0,5,1,2,180518,18,1,58,955.23,305203.86,80.0,3
1,1,9,55,0,5,1,2,130187,13,1,20,516.72,192246.55,80.0,3
1,1,9,55,0,5,1,2,70339,7,1,41,1093.92,334197.72,80.0,2
1,1,9,55,0,5,1,2,10360,1,0,39,742.93,226371.81,80.0,2
1,0,9,55,1,5,1,1,120087,12,0,11,1348.81,407336.9,56.0,1
1,0,9,55,1,5,1,1,180004,18,0,1,1379.64,425005.86,56.0,1
1,0,9,55,1,5,1,1,60294,6,0,33,1131.0,326577.18,56.0,2
1,0,9,31,0,3,1,2,170224,17,0,26,929.59,255120.03,56.0,3
1,0,9,31,0,3,1,2,60072,6,0,7,1075.42,317822.29,56.0,2
1,0,9,31,0,3,1,2,110418,11,0,49,1095.85,337603.6,56.0,3
1,1,9,1,1,1,1,2,30085,3,0,8,1152.39,395030.38,59.0,2
1,1,9,1,1,1,1,2,80498,8,0,58,1448.59,461206.0,59.0,1
1,1,9,1,1,1,1,2,200158,20,1,18,1868.01,575322.53,59.0,1
1,1,9,1,1,1,1,2,140235,14,1,25,586.85,169562.88,59.0,3
1,0,9,3,0,5,0,0,30021,3,0,2,672.64,231519.07,76.0,2
1,0,9,3,0,5,0,0,140185,14,0,20,1224.91,365006.8,76.0,3
1,0,9,3,0,5,0,0,200110,20,0,14,837.37,243435.57,76.0,3
1,0,9,3,0,5,0,0,80442,8,0,52,559.73,182831.05,76.0,2
1,1,9,31,0,1,0,1,50034,5,1,8,782.15,237346.84,56.0,2
1,1,9,31,0,1,0,1,100353,10,0,42,1757.51,539648.88,56.0,1
1,1,9,31,0,1,0,1,160132,16,0,15,1365.29,343967.38,56.0,3
1,1,9,55,0,5,1,2,160089,16,1,10,1608.56,512534.15,62.0,1
1,1,9,55,0,5,1,2,40429,4,0,49,739.7,225902.2,62.0,2
1,1,9,55,0,5,1,2,100306,10,0,36,1920.65,734629.38,62.0,1
1,1,9,18,1,1,0,1,30223,3,0,25,765.56,208271.84,56.0,2
1,1,9,18,1,1,0,1,200300,20,0,33,630.53,180667.53,56.0,3
1,1,9,18,1,1,0,1,140370,14,0,45,1388.61,386196.25,56.0,1
1,1,9,18,1,1,0,1,90139,9,0,21,1261.65,380843.87,56.0,1
1,0,2,35,1,5,0,0,50331,5,0,42,791.2,199373.42,56.0,2
1,0,2,35,1,5,0,0,110211,11,1,25,1802.24,588353.61,56.0,1
1,0,2,35,1,5,0,0,170026,17,0,2,1738.5,542001.16,56.0,1
1,1,9,55,0,1,0,2,200209,20,0,26,1941.62,563448.9,37.0,1
1,1,9,55,0,1,0,2,30139,3,0,14,788.59,256682.24,37.0,2
1,1,9,55,0,1,0,2,90051,9,0,9,1391.22,417103.42,37.0,1
1,1,9,55,0,1,0,2,140284,14,0,33,1894.96,498141.99,37.0,1
1,1,8,25,1,3,0,2,70304,7,0,36,1748.75,478202.61,73.0,1
1,1,8,25,1,3,0,2,130142,13,0,16,1772.88,457508.86,73.0,1
1,1,8,25,1,3,0,2,10317,1,0,34,1469.14,382707.57,73.0,2
1,1,8,25,1,3,0,2,180478,18,1,53,1806.7,553251.13,73.0,1
1,0,0,19,1,2,0,0,90495,9,0,58,838.34,276170.62,56.0,2
1,0,0,19,1,2,0,0,150257,15,0,30,1523.22,463318.62,56.0,1
1,0,0,19,1,2,0,0,40066,4,0,7,786.36,235332.62,56.0,2
1,0,4,53,0,5,0,2,170204,17,0,23,1025.52,301579.24,69.0,3
1,0,4,53,0,5,0,2,60050,6,1,4,1925.28,720719.85,69.0,1
1,0,4,53,0,5,0,2,110395,11,0,47,1456.74,498632.69,69.0,1
1,0,9,49,1,2,0,1,130354,13,0,39,1054.77,280107.39,36.0,3
1,0,9,49,1,2,0,1,190086,19,0,13,766.61,206694.75,36.0,3
1,0,9,49,1,2,0,1,20090,2,0,10,788.79,204957.28,36.0,2
1,0,9,49,1,2,0,1,70488,7,0,57,1347.67,411172.03,36.0,1
1,0,9,20,0,4,1,0,10012,1,0,2,715.67,199315.51,45.0,2
1,0,9,20,0,4,1,0,180178,18,0,23,1659.02,435031.56,45.0,1
1,0,9,20,0,4,1,0,120255,12,0,27,871.52,210380.12,45.0,3
1,0,9,20,0,4,1,0,60461,6,0,53,1170.96,376525.86,45.0,2
1,0,9,42,0,3,0,0,50430,5,0,50,1261.07,314928.35,81.0,2
1,0,9,42,0,3,0,0,110315,11,0,38,788.47,231783.95,81.0,3
1,0,9,42,0,3,0,0,170132,17,0,15,1365.73,445150.57,81.0,1
1,0,9,55,0,3,1,0,70508,7,0,58,1629.83,503113.61,56.0,1
1,0,9,55,0,3,1,0,20112,2,0,13,782.33,189716.04,56.0,2
1,0,9,55,0,3,1,0,130375,13,0,41,1168.7,354539.92,56.0,3
1,0,9,55,0,3,1,0,190107,19,0,15,538.06,142150.33,56.0,3
1,1,4,32,0,5,1,2,190289,19,1,34,783.42,238506.76,56.0,3
1,1,4,32,0,5,1,2,20280,2,0,33,931.4,271241.62,56.0,2
1,1,4,32,0,5,1,2,80170,8,0,22,1495.57,406648.6,56.0,1
1,1,4,32,0,5,1,2,130561,13,0,65,612.66,164483.02,56.0,3
1,1,5,8,1,3,1,2,10208,1,1,24,1146.11,347062.19,78.0,2
1,1,5,8,1,3,1,2,130031,13,0,2,1651.02,520934.42,78.0,1
1,1,5,8,1,3,1,2,180369,18,1,41,852.83,242946.74,78.0,3
1,1,5,8,1,3,1,2,70186,7,0,21,1528.62,441373.04,78.0,1
1,1,3,22,0,2,0,2,90198,9,0,29,1426.22,353758.33,39.0,1
1,1,3,22,0,2,0,2,200358,20,0,39,1106.36,291164.92,39.0,3
1,1,3,22,0,2,0,2,140427,14,0,51,1346.3,392801.93,39.0,1
1,1,3,22,0,2,0,2,30293,3,0,36,733.45,265536.81,39.0,2
1,1,9,55,0,5,0,0,10262,1,0,29,757.2,232300.88,56.0,2
1,1,9,55,0,5,0,0,70243,7,0,27,768.05,230070.22,56.0,2
1,1,9,55,0,5,0,0,130088,13,0,11,1678.3,549102.55,56.0,1
1,1,9,55,0,5,0,0,180425,18,1,48,564.59,171154.65,56.0,3
1,1,2,35,0,2,0,2,10020,1,0,3,788.73,241066.59,64.0,2
1,1,2,35,0,2,0,2,120260,12,0,27,871.52,279936.12,64.0,3
1,1,2,35,0,2,0,2,180184,18,0,24,1417.31,390892.15,64.0,1
1,1,2,35,0,2,0,2,60466,6,0,55,562.37,166982.01,64.0,2
1,0,9,46,0,1,0,0,100043,10,0,5,1741.96,559209.89,56.0,1
1,0,9,46,0,1,0,0,40139,4,0,17,780.68,234107.29,56.0,2
1,0,9,46,0,1,0,0,150343,15,0,39,1713.42,447350.47,56.0,1
1,0,9,49,1,5,1,2,150514,15,0,60,1033.2,309389.23,56.0,3
1,0,9,49,1,5,1,2,100219,10,0,27,777.35,262420.84,56.0,2
1,0,9,49,1,5,1,2,40326,4,0,39,743.73,242986.99,56.0,2
1,1,7,14,0,1,0,2,40146,4,0,18,1294.91,330128.52,63.0,2
1,1,7,14,0,1,0,2,100047,10,0,5,1741.96,405297.57,63.0,1
1,1,7,14,0,1,0,2,150347,15,0,40,982.37,332218.24,63.0,3
1,1,4,32,0,3,0,2,200492,20,0,57,445.15,131530.57,56.0,3
1,1,4,32,0,3,0,2,30419,3,0,49,1174.48,338313.48,56.0,2
1,1,4,32,0,3,0,2,90334,9,0,40,1090.32,310903.56,56.0,2
1,1,4,32,0,3,0,2,150085,15,0,13,653.54,189687.33,56.0,3
1,1,9,18,0,5,0,2,130502,13,1,58,1115.72,336314.86,56.0,3
1,1,9,18,0,5,0,2,190239,19,1,28,1599.78,662403.71,56.0,1
1,1,9,18,0,5,0,2,80116,8,0,14,685.93,175256.09,56.0,2
1,1,9,18,0,5,0,2,20230,2,0,26,1577.79,559717.96,56.0,1
1,1,9,31,1,5,1,2,200177,20,0,19,759.72,205910.43,56.0,3
1,1,9,31,1,5,1,2,90016,9,0,3,1577.09,474208.49,56.0,1
1,1,9,31,1,5,1,2,30105,3,0,10,784.09,219225.38,56.0,2
1,1,9,31,1,5,1,2,140250,14,0,29,1618.34,488803.45,56.0,1
1,1,9,31,0,4,1,2,40264,4,0,31,793.1,231977.76,58.0,2
1,1,9,31,0,4,1,2,100164,10,1,21,1251.45,454589.3,58.0,1
1,1,9,31,0,4,1,2,150458,15,0,56,939.93,307358.8,58.0,3
1,1,9,55,0,3,0,2,10285,1,0,30,753.29,220767.06,63.0,2
1,1,9,55,0,3,0,2,180447,18,0,50,854.74,263784.17,63.0,3
1,1,9,55,0,3,0,2,70264,7,1,30,1237.23,301253.43,63.0,2
1,1,9,55,0,3,0,2,130109,13,0,13,585.77,159232.31,63.0,3
1,1,6,27,0,2,0,0,70102,7,0,13,604.6,173890.35,56.0,2
1,1,6,27,0,2,0,0,10125,1,0,15,765.0,194962.4,56.0,2
1,1,6,27,0,2,0,0,180278,18,0,34,684.02,220432.21,56.0,3
1,1,6,27,0,2,0,0,120361,12,0,38,1157.23,359484.97,56.0,1
1,1,9,29,0,4,0,1,20039,2,0,4,1281.85,368876.36,75.0,2
1,1,9,29,0,4,0,1,130290,13,0,33,1445.84,402845.37,75.0,1
1,1,9,29,0,4,0,1,70433,7,1,50,502.02,169868.29,75.0,2
1,1,9,29,0,4,0,1,190030,19,0,5,1408.42,358445.19,75.0,3
1,1,9,20,0,5,1,2,10137,1,0,17,608.25,209028.7,53.0,2
1,1,9,20,0,5,1,2,70113,7,1,15,602.92,181279.77,53.0,2
1,1,9,20,0,5,1,2,180291,18,0,36,1089.77,347608.97,53.0,3
1,1,9,20,0,5,1,2,120374,12,0,39,1653.93,483612.33,53.0,1
1,1,9,55,1,2,1,2,20098,2,1,11,1625.05,395093.69,56.0,2
1,1,9,55,1,2,1,2,130362,13,0,40,571.5,138257.97,56.0,3
1,1,9,55,1,2,1,2,190094,19,0,14,630.47,165386.34,56.0,3
1,1,9,55,1,2,1,2,70496,7,0,58,1629.83,500475.25,56.0,1
1,0,9,55,0,5,1,0,110223,11,0,27,1638.1,450180.79,56.0,1
1,0,9,55,0,5,1,0,50340,5,0,44,806.03,199052.96,56.0,2
1,0,9,55,0,5,1,0,170033,17,1,2,1738.5,544862.08,56.0,1
1,0,9,1,0,3,0,2,170406,17,0,48,1833.96,518130.19,56.0,1
1,0,9,1,0,3,0,2,60241,6,1,24,1159.75,365063.85,56.0,2
1,0,9,1,0,3,0,2,120022,12,0,3,1469.27,480115.6,56.0,1
1,0,7,41,0,3,0,2,20168,2,0,19,795.52,203418.93,56.0,2
1,0,7,41,0,3,0,2,190171,19,0,21,477.75,152690.76,56.0,3
1,0,7,41,0,3,0,2,80054,8,0,5,887.23,232394.64,56.0,2
1,0,7,41,0,3,0,2,130439,13,0,48,1728.84,416215.94,56.0,1
1,1,9,31,1,1,1,2,130323,13,0,36,1061.26,295619.47,56.0,3
1,1,9,31,1,1,1,2,20069,2,0,8,715.54,214048.77,56.0,2
1,1,9,31,1,1,1,2,70464,7,0,54,1940.69,582747.93,56.0,1
1,1,9,31,1,1,1,2,190061,19,0,9,695.8,189974.77,56.0,3
1,0,9,1,1,1,1,2,90453,9,0,56,1516.4,395043.14,56.0,1
1,0,9,1,1,1,1,2,40024,4,0,3,1630.82,454723.5,56.0,1
1,0,9,1,1,1,1,2,150209,15,0,24,924.36,282320.19,56.0,3
1,1,1,5,1,5,0,0,80465,8,0,55,1300.05,484614.3,56.0,1
1,1,1,5,1,5,0,0,30045,3,1,5,701.19,217700.03,56.0,2
1,1,1,5,1,5,0,0,140208,14,0,22,1148.66,350042.48,56.0,3
1,1,1,5,1,5,0,0,200129,20,0,16,645.44,169917.79,56.0,3
1,0,2,0,1,4,1,0,50395,5,0,46,1272.95,362373.17,56.0,2
1,0,2,0,1,4,1,0,110276,11,0,34,680.07,195416.64,56.0,3
1,0,2,0,1,4,1,0,170090,17,0,11,596.22,181421.79,56.0,3
1,0,9,55,1,1,1,2,130531,13,0,60,1401.81,433286.92,65.0,1
1,0,9,55,1,1,1,2,190265,19,1,30,673.27,197900.76,65.0,3
1,0,9,55,1,1,1,2,80141,8,0,17,1109.27,357308.53,65.0,2
1,0,9,55,1,1,1,2,20253,2,0,28,650.67,225279.1,65.0,2
1,0,9,55,0,2,1,1,10074,1,0,10,1439.52,349187.69,76.0,2
1,0,9,55,0,2,1,1,70047,7,0,8,1561.28,491819.7,76.0,1
1,0,9,55,0,2,1,1,120301,12,0,34,1817.64,523732.73,76.0,1
1,0,9,55,0,2,1,1,180225,18,0,28,514.67,142843.57,76.0,3
1,0,2,0,1,1,0,0,20033,2,0,4,1281.85,394185.4,56.0,2
1,0,2,0,1,1,0,0,130285,13,0,32,1114.07,324092.48,56.0,3
1,0,2,0,1,1,0,0,190022,19,1,4,1225.38,392120.81,56.0,3
1,0,2,0,1,1,0,0,70427,7,0,50,502.02,155945.89,56.0,2
1,1,9,55,1,2,0,0,20421,2,0,47,708.32,199377.29,56.0,2
1,1,9,55,1,2,0,0,80332,8,0,37,890.65,285851.51,56.0,2
1,1,9,55,1,2,0,0,140093,14,0,12,459.44,154509.23,56.0,3
1,1,9,55,1,2,0,0,190431,19,0,50,1227.01,328156.51,56.0,3
1,1,8,4,1,3,0,2,160129,16,0,14,660.84,189045.87,56.0,3
1,1,8,4,1,3,0,2,50030,5,0,6,775.85,231930.65,56.0,2
1,1,8,4,1,3,0,2,100348,10,1,42,1757.51,490529.51,56.0,1
1,1,9,20,0,4,0,2,20064,2,0,8,715.54,212960.69,56.0,2
1,1,9,20,0,4,0,2,190058,19,0,8,974.77,287361.39,56.0,3
1,1,9,20,0,4,0,2,130319,13,0,35,1867.34,555241.82,56.0,1
1,1,9,20,0,4,0,2,70459,7,0,54,1940.69,556524.23,56.0,1
0,1,2,0,0,3,1,0,60004,6,0,1,1720.95,445409.0,47.0,0
0,1,2,0,0,3,1,0,110337,11,0,42,808.59,214864.23,47.0,0
0,1,2,0,0,3,1,0,170155,17,0,16,1693.0,592554.14,47.0,0
1,1,5,9,0,4,0,2,200039,20,0,3,1645.93,564487.75,56.0,1
1,1,5,9,0,4,0,2,80368,8,1,44,1862.29,528253.73,56.0,1
1,1,5,9,0,4,0,2,140124,14,0,13,442.74,126226.53,56.0,3
1,1,5,9,0,4,0,2,20456,2,0,54,924.4,268881.64,56.0,2
1,0,9,29,0,1,0,0,80379,8,0,45,1185.72,364629.72,56.0,2
1,0,9,29,0,1,0,0,140135,14,1,15,784.04,217519.47,56.0,3
1,0,9,29,0,1,0,0,20463,2,0,55,579.26,181212.71,56.0,2
1,0,9,29,0,1,0,0,200049,20,0,5,802.5,269776.61,56.0,3
1,1,9,55,1,1,1,2,110192,11,0,22,1755.05,561305.34,76.0,1
1,1,9,55,1,1,1,2,50308,5,0,41,630.83,166623.49,76.0,2
1,1,9,55,1,1,1,2,170005,17,0,1,530.28,161195.85,76.0,3
1,0,7,26,0,5,1,0,90469,9,0,57,1198.57,359371.65,56.0,1
1,0,7,26,0,5,1,0,150227,15,0,26,961.01,292321.2,56.0,3
1,0,7,26,0,5,1,0,40040,4,0,4,783.03,234324.7,56.0,2
1,1,9,43,0,4,0,2,80351,8,0,41,610.26,183933.28,74.0,2
1,1,9,43,0,4,0,2,20441,2,0,51,699.31,211222.37,74.0,2
1,1,9,43,0,4,0,2,140112,14,0,12,459.44,145907.47,74.0,3
1,1,9,43,0,4,0,2,200023,20,0,2,1669.84,539787.73,74.0,1
1,0,9,55,0,2,0,2,140018,14,0,4,1797.81,598972.24,56.0,1
1,0,9,55,0,2,0,2,190350,19,1,41,1657.19,520346.45,56.0,1
1,0,9,55,0,2,0,2,20341,2,0,41,654.93,174694.61,56.0,2
1,0,9,55,0,2,0,2,80240,8,0,30,1070.46,301339.52,56.0,2
1,1,2,0,1,3,1,2,100371,10,1,43,1093.67,379557.46,49.0,1
1,1,2,0,1,3,1,2,160154,16,0,19,1163.06,386163.72,49.0,3
1,1,2,0,1,3,1,2,50053,5,0,9,793.56,253517.9,49.0,2
1,1,9,20,1,5,1,0,80276,8,0,33,1809.87,514705.32,56.0,1
1,1,9,20,1,5,1,0,20372,2,0,44,580.26,188055.47,56.0,2
1,1,9,20,1,5,1,0,190377,19,0,43,1697.72,495491.79,56.0,1
1,1,9,20,1,5,1,0,140050,14,0,8,618.89,182738.17,56.0,3
1,0,8,4,0,3,1,0,90284,9,1,36,1582.79,507510.6,72.0,1
1,0,8,4,0,3,1,0,150043,15,1,6,938.57,313806.17,72.0,3
1,0,8,4,0,3,1,0,200448,20,0,50,493.06,163085.03,72.0,3
1,0,8,4,0,3,1,0,30376,3,1,46,1599.81,568142.17,72.0,1
1,0,9,46,0,4,0,2,60183,6,0,16,1687.92,499179.78,56.0,1
1,0,9,46,0,4,0,2,110537,11,0,62,1938.82,662938.18,56.0,1
1,0,9,46,0,4,0,2,170347,17,1,45,1574.3,511954.11,56.0,1
1,0,9,46,1,4,0,2,20292,2,0,34,800.26,246812.55,56.0,2
1,0,9,46,1,4,0,2,130569,13,0,67,524.97,158069.76,56.0,3
1,0,9,46,1,4,0,2,190299,19,0,35,1099.62,327921.89,56.0,3
1,0,9,46,1,4,0,2,80185,8,0,26,1625.38,474524.95,56.0,1
0,1,4,10,1,1,0,1,180174,18,0,23,1659.02,585205.19,56.0,0
0,1,4,10,1,1,0,1,60457,6,0,53,1170.96,330774.86,56.0,0
0,1,4,10,1,1,0,1,120253,12,0,27,871.52,256747.85,56.0,0
0,1,4,10,1,1,0,1,10010,1,0,2,715.67,215269.12,56.0,0
1,0,9,55,0,2,1,2,90135,9,0,21,1261.65,409255.12,42.0,1
1,0,9,55,0,2,1,2,200295,20,0,33,630.53,218348.87,42.0,3
1,0,9,55,0,2,1,2,30217,3,0,25,765.56,242747.0,42.0,2
1,0,9,55,0,2,1,2,140364,14,0,44,840.77,246954.87,42.0,3
0,1,9,46,0,2,0,2,120075,12,0,9,857.88,255383.06,56.0,0
0,1,9,46,0,2,0,2,170446,17,0,51,1375.52,374757.19,56.0,0
0,1,9,46,0,2,0,2,60284,6,0,31,1768.9,586091.18,56.0,0
1,1,9,55,1,2,1,2,40407,4,0,46,800.23,224651.58,56.0,2
1,1,9,55,1,2,1,2,160065,16,0,8,986.18,322278.9,56.0,3
1,1,9,55,1,2,1,2,100286,10,1,33,1010.7,372884.46,56.0,1
1,0,9,3,0,5,0,2,170311,17,0,39,1341.67,404921.22,68.0,1
1,0,9,3,0,5,0,2,110499,11,0,59,782.92,240569.01,68.0,3
1,0,9,3,0,5,0,2,60151,6,0,12,1678.17,516468.06,68.0,1
1,1,9,55,0,5,1,1,80406,8,0,47,543.08,161394.43,56.0,2
1,1,9,55,0,5,1,1,140158,14,1,16,915.37,304366.2,56.0,3
1,1,9,55,0,5,1,1,200072,20,1,8,1268.45,380297.96,56.0,3
1,1,9,55,0,5,1,1,20485,2,0,56,722.22,241503.0,56.0,2
0,0,9,55,0,4,1,0,20234,2,0,26,1577.79,496217.67,56.0,0
0,0,9,55,0,4,1,0,80119,8,0,14,685.93,213463.01,56.0,0
0,0,9,55,0,4,1,0,130508,13,0,59,1434.04,483778.35,56.0,0
0,0,9,55,0,4,1,0,190243,19,0,29,1657.84,467738.46,56.0,0
1,1,9,55,1,3,1,2,20070,2,0,8,715.54,219915.05,44.0,2
1,1,9,55,1,3,1,2,130325,13,0,37,1555.67,508804.43,44.0,1
1,1,9,55,1,3,1,2,70466,7,0,54,1940.69,507423.55,44.0,1
1,1,9,55,1,3,1,2,190063,19,0,10,747.71,239035.92,44.0,3
1,1,9,55,0,1,1,2,50203,5,0,27,1278.6,366303.84,56.0,2
1,1,9,55,0,1,1,2,110094,11,0,10,1519.64,462577.28,56.0,1
1,1,9,55,0,1,1,2,160320,16,0,38,431.83,159890.05,56.0,3
1,0,8,38,0,3,0,2,80322,8,0,37,890.65,291725.94,78.0,2
1,0,8,38,0,3,0,2,140084,14,0,11,1431.42,462169.28,78.0,1
1,0,8,38,0,3,0,2,190414,19,0,47,1126.37,357883.39,78.0,3
1,0,8,38,0,3,0,2,20410,2,0,47,708.32,169534.41,78.0,2
1,0,9,20,0,5,1,2,20386,2,0,46,697.74,181636.85,56.0,2
1,0,9,20,0,5,1,2,140064,14,0,8,618.89,160534.76,56.0,3
1,0,9,20,0,5,1,2,80289,8,0,33,1809.87,494313.18,56.0,1
1,0,9,20,0,5,1,2,190394,19,1,44,982.8,295245.81,56.0,3
1,1,9,1,1,4,0,2,160095,16,0,10,1608.56,386634.67,52.0,1
1,1,9,1,1,4,0,2,40436,4,1,51,802.11,281964.37,52.0,2
1,1,9,1,1,4,0,2,100312,10,0,37,1177.85,423654.2,52.0,1
1,0,9,18,0,2,0,0,30321,3,0,39,1598.95,490055.89,56.0,1
1,0,9,18,0,2,0,0,90227,9,0,33,973.52,266823.9,56.0,2
1,0,9,18,0,2,0,0,200396,20,0,45,1532.67,465402.48,56.0,1
1,0,9,18,0,2,0,0,140464,14,0,55,1415.9,397913.16,56.0,1
1,1,9,55,0,2,1,2,50404,5,1,47,1241.14,423673.58,56.0,2
1,1,9,55,0,2,1,2,110287,11,0,34,680.07,190843.28,56.0,3
1,1,9,55,0,2,1,2,170104,17,0,12,451.91,147264.94,56.0,3
1,0,8,47,0,1,0,2,140359,14,0,43,520.49,159253.52,56.0,3
1,0,8,47,0,1,0,2,30212,3,0,24,776.04,259304.05,56.0,2
1,0,8,47,0,1,0,2,90125,9,0,19,1866.15,537563.89,56.0,1
1,0,8,47,0,1,0,2,200289,20,1,32,1630.81,513272.97,56.0,1
1,0,6,27,0,5,0,1,200382,20,0,42,811.56,224917.93,50.0,3
1,0,6,27,0,5,0,1,90216,9,0,31,1052.27,310906.26,50.0,2
1,0,6,27,0,5,0,1,140449,14,0,53,1493.72,457748.53,50.0,1
1,0,6,27,0,5,0,1,30311,3,1,38,1173.4,341826.64,50.0,2
1,1,9,49,1,1,0,0,160339,16,1,41,1001.72,256680.04,56.0,3
1,1,9,49,1,1,0,0,110115,11,0,13,474.93,128668.21,56.0,3
1,1,9,49,1,1,0,0,50235,5,0,32,1051.39,295517.69,56.0,2
1,0,9,42,0,1,1,2,20046,2,0,5,933.95,240226.27,56.0,2
1,0,9,42,0,1,1,2,190036,19,1,7,973.6,279337.8,56.0,3
1,0,9,42,0,1,1,2,70438,7,0,51,648.27,214948.78,56.0,2
1,0,9,42,0,1,1,2,130295,13,0,33,1445.84,361953.92,56.0,1
1,1,6,16,0,5,0,1,170164,17,0,17,1827.25,495320.72,56.0,1
1,1,6,16,0,5,0,1,60009,6,0,1,1720.95,542533.89,56.0,1
1,1,6,16,0,5,0,1,110343,11,0,42,808.59,246266.66,56.0,3
1,0,2,45,0,5,0,0,90211,9,0,30,1250.17,357647.97,67.0,2
1,0,2,45,0,5,0,0,30306,3,0,37,659.12,185073.47,67.0,2
1,0,2,45,0,5,0,0,140442,14,1,52,571.74,188431.43,67.0,3
1,0,2,45,0,5,0,0,200375,20,0,40,428.03,110458.66,67.0,3
1,1,9,3,1,1,0,0,160376,16,0,43,1185.4,384995.65,56.0,3
1,1,9,3,1,1,0,0,50279,5,0,36,627.56,210288.87,56.0,2
1,1,9,3,1,1,0,0,110171,11,0,18,1562.55,463077.47,56.0,1
1,0,9,18,0,2,0,1,180049,18,1,6,840.25,235857.38,56.0,3
1,0,9,18,0,2,0,1,120128,12,0,15,1456.98,491474.73,56.0,1
1,0,9,18,0,2,0,1,60332,6,0,37,1721.96,492821.75,56.0,1
0,1,9,29,1,4,1,2,170389,17,0,48,1833.96,567989.3,56.0,0
0,1,9,29,1,4,1,2,120006,12,0,1,839.95,299829.82,56.0,0
0,1,9,29,1,4,1,2,60222,6,0,20,1897.17,676167.22,56.0,0
1,1,9,1,0,5,0,0,40339,4,0,40,780.74,232130.98,56.0,2
1,1,9,1,0,5,0,0,100229,10,0,28,1606.58,470763.27,56.0,1
1,1,9,1,0,5,0,0,160004,16,1,1,637.07,203005.54,56.0,3
1,1,9,49,0,5,0,0,110100,11,0,11,1581.88,508552.39,58.0,1
1,1,9,49,0,5,0,0,50211,5,0,27,1278.6,308068.85,58.0,2
1,1,9,49,0,5,0,0,160327,16,0,38,431.83,141982.12,58.0,3
1,0,9,20,0,3,0,2,150319,15,0,36,1424.81,469262.61,56.0,1
1,0,9,20,0,3,0,2,40124,4,1,14,1322.66,482940.68,56.0,2
1,0,9,20,0,3,0,2,100024,10,0,4,1765.37,584091.39,56.0,1
1,0,9,55,0,5,1,1,80456,8,0,54,1699.02,543500.27,56.0,1
1,0,9,55,0,5,1,1,140195,14,0,22,1148.66,332434.49,56.0,3
1,0,9,55,0,5,1,1,30034,3,0,4,719.96,235818.4,56.0,2
1,0,9,55,0,5,1,1,200120,20,0,16,645.44,208186.37,56.0,3
1,0,9,31,0,2,1,2,40307,4,1,37,800.13,215216.2,56.0,2
1,0,9,31,0,2,1,2,100200,10,0,26,1294.85,365163.25,56.0,1
1,0,9,31,0,2,1,2,150497,15,0,59,1286.47,392351.64,56.0,1
1,0,9,46,1,3,0,2,50321,5,0,42,791.2,284304.85,56.0,2
1,0,9,46,1,3,0,2,170015,17,0,1,530.28,161864.85,56.0,3
1,0,9,46,1,3,0,2,110203,11,0,24,1481.82,437974.4,56.0,1
1,1,9,55,0,1,0,0,70514,7,0,59,765.3,200421.6,85.0,2
1,1,9,55,0,1,0,0,130383,13,0,43,1875.83,597724.45,85.0,1
1,1,9,55,0,1,0,0,190114,19,0,16,1711.98,568399.09,85.0,1
1,1,9,55,0,1,0,0,20118,2,0,15,1603.33,510854.18,85.0,1
1,1,9,18,0,5,1,2,90359,9,0,42,605.78,197381.31,71.0,2
1,1,9,18,0,5,1,2,150113,15,0,16,1692.61,528465.5,71.0,1
1,1,9,18,0,5,1,2,30445,3,0,51,693.85,205147.4,71.0,2
1,1,5,8,0,1,1,0,30412,3,0,49,1174.48,362193.44,56.0,2
1,1,5,8,0,1,1,0,90325,9,0,39,1839.34,490058.21,56.0,1
1,1,5,8,0,1,1,0,200484,20,0,55,1804.87,519657.03,56.0,1
1,1,5,8,0,1,1,0,150076,15,0,11,1437.62,369075.29,56.0,1
1,0,9,55,0,5,0,2,50246,5,0,32,1051.39,308068.31,56.0,2
1,0,9,55,0,5,0,2,110122,11,0,13,474.93,148565.18,56.0,3
1,0,9,55,0,5,0,2,160345,16,0,41,1001.72,317660.44,56.0,3
1,0,9,31,1,1,0,0,50260,5,0,34,802.33,232731.8,40.0,2
1,0,9,31,1,1,0,0,160360,16,0,42,1496.62,414588.69,40.0,1
1,0,9,31,1,1,0,0,110140,11,0,14,524.68,175679.27,40.0,3
1,1,9,55,0,3,0,2,70107,7,0,14,714.65,199934.81,63.0,2
1,1,9,55,0,3,0,2,10132,1,0,16,612.76,199424.86,63.0,2
1,1,9,55,0,3,0,2,120369,12,0,38,1157.23,317102.87,63.0,3
1,1,9,55,0,3,0,2,180285,18,0,35,799.05,265499.47,63.0,3
1,1,9,55,0,4,1,2,110267,11,0,32,1285.87,404760.62,39.0,1
1,1,9,55,0,4,1,2,50386,5,1,46,1272.95,425609.69,39.0,2
1,1,9,55,0,4,1,2,170080,17,0,10,1059.07,363238.99,39.0,3
1,1,2,30,0,4,0,1,130229,13,0,27,885.68,229554.32,72.0,3
1,1,2,30,0,4,0,1,10403,1,0,46,1153.16,327615.65,72.0,2
1,1,2,30,0,4,0,1,70380,7,1,43,498.61,168842.21,72.0,2
1,1,2,30,0,4,0,1,180559,18,0,66,1631.24,483647.09,72.0,1
1,1,9,31,0,2,0,0,80111,8,0,14,685.93,227037.75,54.0,2
1,1,9,31,0,2,0,0,190236,19,1,28,1599.78,460945.04,54.0,1
1,1,9,31,0,2,0,0,20228,2,0,26,1577.79,426863.72,54.0,2
1,1,9,31,0,2,0,0,130500,13,0,58,1115.72,351636.29,54.0,3
1,0,9,18,1,5,1,0,170055,17,0,7,1300.91,448573.99,75.0,1
1,0,9,18,1,5,1,0,50362,5,0,44,806.03,221300.8,75.0,2
1,0,9,18,1,5,1,0,110243,11,0,29,993.51,308764.15,75.0,3
1,0,9,49,0,1,1,2,70252,7,0,28,694.55,209114.19,56.0,2
1,0,9,49,0,1,1,2,10272,1,0,30,753.29,249704.13,56.0,2
1,0,9,49,0,1,1,2,130097,13,0,11,1678.3,554107.09,56.0,1
1,0,9,49,0,1,1,2,180435,18,1,49,1457.92,445807.43,56.0,1
1,0,9,42,1,4,0,2,70132,7,0,16,1239.87,396878.27,82.0,2
1,0,9,42,1,4,0,2,120388,12,0,44,635.36,205547.69,82.0,3
1,0,9,42,1,4,0,2,180312,18,0,36,1089.77,316098.65,82.0,3
1,0,9,42,1,4,0,2,10161,1,1,20,1146.24,366393.76,82.0,2
0,1,9,18,1,4,0,0,100254,10,0,30,1559.4,406955.39,57.0,0
0,1,9,18,1,4,0,0,40361,4,0,43,1616.99,564033.78,57.0,0
0,1,9,18,1,4,0,0,160033,16,1,5,749.15,199582.69,57.0,0
1,1,9,46,1,3,0,0,60343,6,0,38,698.21,219187.03,56.0,2
1,1,9,46,1,3,0,0,120144,12,0,16,1523.02,572824.93,56.0,1
1,1,9,46,1,3,0,0,180068,18,0,8,1196.23,366299.04,56.0,3
1,0,2,30,0,2,0,2,70007,7,0,2,1478.43,444913.24,56.0,1
1,0,2,30,0,2,0,2,10039,1,0,5,753.87,189843.68,56.0,2
1,0,2,30,0,2,0,2,120275,12,0,30,622.2,202208.48,56.0,3
1,0,2,30,0,2,0,2,180194,18,0,25,911.94,271952.94,56.0,3
1,1,9,20,0,1,1,2,70334,7,0,39,1298.32,385882.05,47.0,2
1,1,9,20,0,1,1,2,180511,18,0,57,636.39,201438.23,47.0,3
1,1,9,20,0,1,1,2,130180,13,1,20,516.72,168771.25,47.0,3
1,1,9,20,0,1,1,2,10354,1,0,38,1355.85,403626.01,47.0,2
1,1,8,4,0,3,0,2,110042,11,0,5,1723.2,453922.16,30.0,1
1,1,8,4,0,3,0,2,50159,5,0,22,1059.78,306923.5,30.0,2
1,1,8,4,0,3,0,2,160269,16,0,33,881.17,240781.62,30.0,3
1,0,8,4,1,4,0,1,180348,18,1,40,990.46,258292.3,27.0,3
1,0,8,4,1,4,0,1,10187,1,0,23,1201.5,276708.33,27.0,2
1,0,8,4,1,4,0,1,70165,7,0,19,751.07,191303.17,27.0,2
1,0,8,4,1,4,0,1,130004,13,0,1,1899.92,459585.99,27.0,1
1,1,2,45,0,4,0,0,150026,15,0,3,748.99,177729.83,56.0,3
1,1,2,45,0,4,0,0,90270,9,0,35,1376.88,456333.23,56.0,1
1,1,2,45,0,4,0,0,200435,20,1,49,880.76,244772.31,56.0,3
1,1,2,45,0,4,0,0,30365,3,0,45,1598.85,478845.33,56.0,1
0,1,9,3,1,2,0,0,140010,14,0,2,922.7,288742.14,45.0,0
0,1,9,3,1,2,0,0,20334,2,0,41,654.93,213396.12,45.0,0
0,1,9,3,1,2,0,0,80228,8,0,30,1070.46,323302.12,45.0,0
0,1,9,3,1,2,0,0,190339,19,1,40,893.49,302160.55,45.0,0
1,0,9,18,0,2,0,2,190316,19,0,38,1106.86,352268.42,34.0,3
1,0,9,18,0,2,0,2,80206,8,0,28,1431.61,452279.2,34.0,1
1,0,9,18,0,2,0,2,20309,2,0,36,641.72,202812.08,34.0,2
1,0,9,18,0,2,0,2,130587,13,0,68,1590.69,445779.37,34.0,1
1,1,9,42,0,2,1,2,130043,13,0,3,979.64,310095.22,56.0,3
1,1,9,42,0,2,1,2,10221,1,0,25,1154.92,298524.77,56.0,2
1,1,9,42,0,2,1,2,70200,7,0,23,1222.69,406088.62,56.0,2
1,1,9,42,0,2,1,2,180385,18,0,43,937.7,322557.06,56.0,3
1,1,9,46,0,1,0,2,50292,5,1,38,1283.87,392711.04,65.0,2
1,1,9,46,0,1,0,2,160384,16,0,44,1695.03,503790.55,65.0,1
1,1,9,46,0,1,0,2,110181,11,0,19,1083.98,284027.76,65.0,3
1,0,9,55,0,2,0,0,70441,7,0,52,1281.14,405665.29,56.0,1
1,0,9,55,0,2,0,0,130300,13,0,33,1445.84,385937.66,56.0,1
1,0,9,55,0,2,0,0,190040,19,1,7,973.6,334981.2,56.0,3
1,0,9,55,0,2,0,0,20049,2,1,5,933.95,360598.52,56.0,2
1,1,9,3,0,3,0,2,120304,12,1,34,1817.64,545190.41,76.0,1
1,1,9,3,0,3,0,2,10077,1,0,10,1439.52,493851.26,76.0,2
1,1,9,3,0,3,0,2,70051,7,1,8,1561.28,528764.4,76.0,1
1,1,9,3,0,3,0,2,180228,18,1,29,578.36,183675.08,76.0,3
1,0,9,55,0,2,0,2,20231,2,0,26,1577.79,465488.76,56.0,2
1,0,9,55,0,2,0,2,190240,19,0,28,1599.78,465355.02,56.0,1
1,0,9,55,0,2,0,2,130504,13,0,59,1434.04,402812.7,56.0,1
1,0,9,55,0,2,0,2,80117,8,1,14,685.93,210058.02,56.0,2
1,0,9,55,1,2,0,0,100298,10,1,35,1675.74,579919.91,40.0,1
1,0,9,55,1,2,0,0,40417,4,0,49,739.7,208210.52,40.0,2
1,0,9,55,1,2,0,0,160078,16,0,9,1524.04,450533.33,40.0,1
0,1,9,55,0,2,1,0,80434,8,0,50,913.15,270241.73,40.0,0
0,1,9,55,0,2,1,0,140176,14,0,18,500.17,151900.65,40.0,0
0,1,9,55,0,2,1,0,200101,20,0,14,837.37,221887.98,40.0,0
0,1,9,55,0,2,1,0,30014,3,0,1,689.75,172763.55,40.0,0
1,1,9,55,0,5,0,0,40088,4,0,11,802.79,255309.07,37.0,2
1,1,9,55,0,5,0,0,90521,9,0,59,1697.13,540051.95,37.0,1
1,1,9,55,0,5,0,0,150282,15,0,34,1304.22,400330.93,37.0,1
1,0,9,43,1,1,0,2,160161,16,1,21,837.95,262430.93,56.0,3
1,0,9,43,1,1,0,2,100377,10,1,44,1224.71,354725.86,56.0,1
1,0,9,43,1,1,0,2,50061,5,0,9,793.56,246714.42,56.0,2
1,1,4,32,0,5,0,2,10117,1,0,14,1181.69,410180.27,45.0,2
1,1,4,32,0,5,0,2,70094,7,0,13,604.6,203878.93,45.0,2
1,1,4,32,0,5,0,2,120353,12,0,38,1157.23,343936.88,45.0,3
1,1,4,32,0,5,0,2,180269,18,0,31,945.46,252357.45,45.0,3
1,0,8,38,0,4,1,2,110522,11,0,62,1938.82,608153.01,56.0,1
1,0,8,38,0,4,1,2,170336,17,1,41,1422.93,462947.81,56.0,1
1,0,8,38,0,4,1,2,60173,6,0,15,1392.45,482685.96,56.0,1
1,0,9,1,1,4,0,1,50205,5,0,27,1278.6,393641.91,62.0,2
1,0,9,1,1,4,0,1,160322,16,1,38,431.83,123213.47,62.0,3
1,0,9,1,1,4,0,1,110096,11,0,10,1519.64,498329.2,62.0,1
1,1,9,55,1,2,0,2,120218,12,0,24,1306.75,411169.25,56.0,1
1,1,9,55,1,2,0,2,60425,6,0,51,1476.63,485832.54,56.0,1
1,1,9,55,1,2,0,2,180139,18,0,18,1127.95,360056.73,56.0,3
1,0,0,19,0,2,0,1,10131,1,0,16,612.76,213430.42,56.0,2
1,0,0,19,0,2,0,1,70106,7,0,14,714.65,207166.22,56.0,2
1,0,0,19,0,2,0,1,120368,12,0,38,1157.23,371637.67,56.0,3
1,0,0,19,0,2,0,1,180283,18,0,35,799.05,215198.92,56.0,3
1,0,9,55,0,1,0,1,20417,2,0,47,708.32,231277.63,56.0,2
1,0,9,55,0,1,0,1,140091,14,0,12,459.44,136551.67,56.0,3
1,0,9,55,0,1,0,1,80330,8,1,37,890.65,345383.67,56.0,2
1,0,9,55,0,1,0,1,190428,19,1,49,1004.26,306188.54,56.0,3
0,0,9,18,1,1,0,2,70238,7,0,26,717.0,173139.43,56.0,0
0,0,9,18,1,1,0,2,10260,1,0,29,757.2,243084.29,56.0,0
0,0,9,18,1,1,0,2,130086,13,0,11,1678.3,498317.73,56.0,0
0,0,9,18,1,1,0,2,180423,18,0,48,564.59,168474.31,56.0,0
1,1,5,24,0,5,0,0,20393,2,0,46,697.74,188000.19,56.0,2
1,1,5,24,0,5,0,0,190399,19,0,46,1926.19,577630.33,56.0,1
1,1,5,24,0,5,0,0,80295,8,0,34,1684.75,478604.33,56.0,1
1,1,5,24,0,5,0,0,140069,14,0,9,803.5,279354.07,56.0,3
1,0,4,32,0,5,0,2,100314,10,0,37,1177.85,342176.37,56.0,2
1,0,4,32,0,5,0,2,40440,4,1,51,802.11,272608.2,56.0,2
1,0,4,32,0,5,0,2,160097,16,1,11,1288.42,366009.11,56.0,3
1,0,9,55,0,1,0,0,120016,12,0,2,1285.87,402461.19,38.0,1
1,0,9,55,0,1,0,0,170398,17,0,48,1833.96,654336.12,38.0,1
1,0,9,55,0,1,0,0,60231,6,0,22,1656.54,493038.86,38.0,1
1,0,6,11,1,1,1,1,200274,20,1,31,1414.44,414731.61,79.0,1
1,0,6,11,1,1,1,1,90112,9,0,17,1481.32,399912.07,79.0,1
1,0,6,11,1,1,1,1,30198,3,0,21,1122.15,325454.57,79.0,2
1,0,6,11,1,1,1,1,140347,14,0,41,543.61,162818.91,79.0,3
1,1,9,55,0,3,0,1,20225,2,0,25,943.48,313123.78,68.0,2
1,1,9,55,0,3,0,1,80105,8,0,13,660.3,180436.9,68.0,2
1,1,9,55,0,3,0,1,130495,13,0,57,1717.49,486561.68,68.0,1
1,1,9,55,0,3,0,1,190231,19,0,27,1691.96,473832.01,68.0,1
1,1,9,3,0,2,0,0,80156,8,1,20,774.16,195608.73,56.0,2
1,1,9,3,0,2,0,0,190277,19,0,32,1048.61,312962.3,56.0,3
1,1,9,3,0,2,0,0,20267,2,0,32,925.63,249299.16,56.0,2
1,1,9,3,0,2,0,0,130546,13,0,63,1623.8,407382.75,56.0,1
1,1,6,33,0,1,1,2,140373,14,1,45,1388.61,458341.23,28.0,1
1,1,6,33,0,1,1,2,30229,3,0,26,923.9,294213.22,28.0,2
1,1,6,33,0,1,1,2,90144,9,0,22,1115.88,317072.98,28.0,2
1,1,6,33,0,1,1,2,200303,20,0,33,630.53,168406.6,28.0,3
1,0,9,55,1,1,1,2,120285,12,0,32,1906.38,496630.54,73.0,1
1,0,9,55,1,1,1,2,70019,7,0,4,1309.78,347849.83,73.0,2
1,0,9,55,1,1,1,2,10054,1,0,7,758.88,203777.68,73.0,2
1,0,9,55,1,1,1,2,180206,18,0,26,1147.71,277216.89,73.0,3
1,1,0,19,0,4,1,1,60028,6,0,3,605.21,185007.22,56.0,2
1,1,0,19,0,4,1,1,170181,17,0,20,792.27,277940.01,56.0,3
1,1,0,19,0,4,1,1,110361,11,0,43,810.65,278982.99,56.0,3
1,0,6,11,0,1,1,0,190108,19,0,15,538.06,175560.33,56.0,3
1,0,6,11,0,1,1,0,20113,2,0,14,1296.39,380390.29,56.0,2
1,0,6,11,0,1,1,0,70510,7,0,58,1629.83,437806.03,56.0,1
1,0,6,11,0,1,1,0,130377,13,0,42,1044.42,336118.31,56.0,3
1,0,9,3,1,3,0,0,200264,20,0,30,1703.94,507885.52,56.0,1
1,0,9,3,1,3,0,0,30188,3,0,20,802.97,238551.35,56.0,2
1,0,9,3,1,3,0,0,90103,9,0,16,924.6,279569.54,56.0,2
1,0,9,3,1,3,0,0,140338,14,0,40,532.44,158985.82,56.0,3
1,0,9,43,0,5,1,2,120403,12,0,47,1528.05,526514.11,31.0,1
1,0,9,43,0,5,1,2,10172,1,0,22,740.83,203562.37,31.0,2
1,0,9,43,0,5,1,2,70148,7,0,18,703.28,237741.19,31.0,2
1,0,9,43,0,5,1,2,180327,18,0,38,1219.8,356066.44,31.0,3
1,0,9,55,1,2,0,2,30203,3,0,21,1122.15,375891.04,56.0,2
1,0,9,55,1,2,0,2,200279,20,0,31,1414.44,400106.01,56.0,1
1,0,9,55,1,2,0,2,90115,9,0,17,1481.32,551780.87,56.0,1
1,0,9,55,1,2,0,2,140351,14,0,42,1350.7,385371.27,56.0,1
0,0,0,36,0,1,0,1,160104,16,0,11,1288.42,413006.8,32.0,0
0,0,0,36,0,1,0,1,50004,5,1,1,790.55,257071.38,32.0,0
0,0,0,36,0,1,0,1,100321,10,0,38,476.64,152349.87,32.0,0
1,1,4,10,1,4,1,1,200146,20,1,18,1868.01,639415.77,56.0,1
1,1,4,10,1,4,1,1,140223,14,0,24,1205.25,345686.53,56.0,3
1,1,4,10,1,4,1,1,30065,3,0,7,744.01,198828.9,56.0,2
1,1,4,10,1,4,1,1,80483,8,0,56,1874.7,535453.26,56.0,1
1,0,9,1,0,5,0,2,40027,4,0,3,1630.82,449305.8,56.0,1
1,0,9,1,0,5,0,2,150211,15,1,24,924.36,296231.36,56.0,3
1,0,9,1,0,5,0,2,90455,9,0,56,1516.4,460353.21,56.0,1
1,1,7,14,0,1,1,0,170220,17,0,26,929.59,306045.09,56.0,3
1,1,7,14,0,1,1,0,60068,6,0,6,951.22,286118.59,56.0,2
1,1,7,14,0,1,1,0,110415,11,0,49,1095.85,373735.42,56.0,1
1,0,9,1,0,3,1,2,200483,20,0,55,1804.87,553235.72,56.0,1
1,0,9,1,0,3,1,2,90321,9,0,38,1260.31,370756.27,56.0,1
1,0,9,1,0,3,1,2,30411,3,0,49,1174.48,351976.66,56.0,2
1,0,9,1,0,3,1,2,150075,15,1,11,1437.62,431869.41,56.0,1
1,1,2,35,0,4,1,2,110262,11,0,32,1285.87,337448.81,56.0,1
1,1,2,35,0,4,1,2,50383,5,1,46,1272.95,452275.63,56.0,1
1,1,2,35,0,4,1,2,170075,17,0,10,1059.07,364946.76,56.0,3
1,0,9,6,1,1,1,0,110277,11,0,34,680.07,160844.99,47.0,3
1,0,9,6,1,1,1,0,50396,5,0,47,1241.14,327053.12,47.0,2
1,0,9,6,1,1,1,0,170091,17,0,11,596.22,186406.84,47.0,3
1,0,2,15,0,4,0,0,80339,8,0,37,890.65,195943.0,29.0,2
1,0,2,15,0,4,0,0,20429,2,0,49,1617.9,535928.28,29.0,1
1,0,2,15,0,4,0,0,200006,20,0,1,1898.39,537290.74,29.0,1
1,0,2,15,0,4,0,0,140101,14,0,12,459.44,134739.12,29.0,3
1,0,9,18,0,5,0,1,90111,9,0,17,1481.32,446979.46,56.0,1
1,0,9,18,0,5,0,1,30196,3,0,21,1122.15,354543.67,56.0,2
1,0,9,18,0,5,0,1,140346,14,0,41,543.61,172783.03,56.0,3
1,0,9,18,0,5,0,1,200272,20,0,31,1414.44,394309.09,56.0,3
0,0,9,18,0,2,1,0,40424,4,0,49,739.7,177310.11,41.0,0
0,0,9,18,0,2,1,0,160084,16,0,9,1524.04,413001.32,41.0,0
0,0,9,18,0,2,1,0,100301,10,0,35,1675.74,543673.09,41.0,0
1,1,9,1,0,1,0,2,100206,10,0,26,1294.85,400543.99,53.0,1
1,1,9,1,0,1,0,2,150506,15,0,60,1033.2,324615.74,53.0,3
1,1,9,1,0,1,0,2,40315,4,0,38,800.08,242361.5,53.0,2
1,1,9,55,1,1,0,2,130386,13,0,43,1875.83,607539.65,56.0,1
1,1,9,55,1,1,0,2,190117,19,0,16,1711.98,546186.98,56.0,1
1,1,9,55,1,1,0,2,70519,7,0,60,1219.54,332945.53,56.0,2
1,1,9,55,1,1,0,2,20123,2,0,15,1603.33,484411.77,56.0,2
1,1,6,16,1,3,0,2,200373,20,0,40,428.03,118965.05,56.0,3
1,1,6,16,1,3,0,2,140438,14,0,51,1346.3,369050.25,56.0,1
1,1,6,16,1,3,0,2,30304,3,0,36,733.45,219584.35,56.0,2
1,1,6,16,1,3,0,2,90209,9,0,30,1250.17,404942.23,56.0,1
1,1,9,55,0,1,0,0,160198,16,1,25,853.37,252105.14,56.0,3
1,1,9,55,0,1,0,0,50096,5,0,11,1058.56,353207.2,56.0,2
1,1,9,55,0,1,0,0,100410,10,0,48,1421.82,450915.03,56.0,1
1,1,9,18,0,3,0,2,30494,3,0,58,1588.14,470318.22,47.0,1
1,1,9,18,0,3,0,2,150167,15,0,21,1271.25,436379.26,47.0,1
1,1,9,18,0,3,0,2,90407,9,0,52,1126.02,341208.08,47.0,2
1,0,9,1,0,2,0,0,100040,10,0,5,1741.96,591831.53,71.0,1
1,0,9,1,0,2,0,0,150339,15,0,39,1713.42,576585.04,71.0,1
1,0,9,1,0,2,0,0,40136,4,0,16,1128.21,361816.43,71.0,2
1,0,9,3,0,2,1,0,150493,15,0,58,1750.89,489550.72,56.0,1
1,0,9,3,0,2,1,0,100195,10,0,26,1294.85,326351.74,56.0,1
1,0,9,3,0,2,1,0,40301,4,0,35,777.82,204368.26,56.0,2
1,1,9,29,0,4,0,0,20492,2,0,57,789.52,275548.06,56.0,2
1,1,9,29,0,4,0,0,140163,14,0,17,686.6,206078.02,56.0,3
1,1,9,29,0,4,0,0,80413,8,0,47,543.08,174551.95,56.0,2
1,1,9,29,0,4,0,0,200076,20,0,10,1714.22,377128.4,56.0,1
1,1,9,43,0,1,1,2,130436,13,0,48,1728.84,454474.49,29.0,1
1,1,9,43,0,1,1,2,20165,2,1,19,795.52,254773.64,29.0,2
1,1,9,43,0,1,1,2,80049,8,0,5,887.23,284075.06,29.0,2
1,1,9,43,0,1,1,2,190166,19,0,21,477.75,135540.98,29.0,3
0,1,9,18,0,3,0,0,90511,9,0,58,838.34,191641.45,34.0,0
0,1,9,18,0,3,0,0,150271,15,1,31,1901.65,575463.2,34.0,0
0,1,9,18,0,3,0,0,40078,4,0,10,1614.62,468158.0,34.0,0
1,1,5,23,0,1,1,2,70382,7,1,43,498.61,177534.71,56.0,2
1,1,5,23,0,1,1,2,130231,13,0,27,885.68,288464.28,56.0,3
1,1,5,23,0,1,1,2,180564,18,0,66,1631.24,494656.28,56.0,1
1,1,5,23,0,1,1,2,10406,1,1,47,771.08,238409.16,56.0,2
1,0,0,50,1,3,0,2,100403,10,0,47,1047.27,299414.37,59.0,2
1,0,0,50,1,3,0,2,160187,16,0,23,594.14,175786.75,59.0,3
1,0,0,50,1,3,0,2,50090,5,0,11,1058.56,334529.95,59.0,2
1,1,2,35,0,1,0,2,200397,20,0,45,1532.67,462288.76,56.0,1
1,1,2,35,0,1,0,2,30322,3,0,39,1598.95,446265.37,56.0,2
1,1,2,35,0,1,0,2,140465,14,0,55,1415.9,425020.07,56.0,1
1,1,2,35,0,1,0,2,90228,9,0,33,973.52,373575.86,56.0,2
1,0,9,31,0,2,0,0,10179,1,1,22,740.83,232423.05,56.0,2
1,0,9,31,0,2,0,0,180341,18,0,39,662.88,175812.42,56.0,3
1,0,9,31,0,2,0,0,70155,7,0,19,751.07,207641.48,56.0,2
1,0,9,31,0,2,0,0,120409,12,1,47,1528.05,608146.84,56.0,1
1,1,9,55,0,4,1,2,90229,9,1,33,973.52,272266.08,56.0,2
1,1,9,55,0,4,1,2,30324,3,0,40,678.71,188578.82,56.0,2
1,1,9,55,0,4,1,2,140466,14,0,55,1415.9,427830.22,56.0,1
1,1,9,55,0,4,1,2,200398,20,0,45,1532.67,430163.14,56.0,1
1,0,9,55,0,3,0,2,140229,14,0,25,586.85,208143.52,55.0,3
1,0,9,55,0,3,0,2,80494,8,0,57,1949.35,640625.73,55.0,1
1,0,9,55,0,3,0,2,30079,3,0,7,744.01,204992.11,55.0,2
1,0,9,55,0,3,0,2,200154,20,0,18,1868.01,513250.83,55.0,1
1,0,9,42,0,1,0,2,110197,11,0,23,1098.83,304533.78,56.0,3
1,0,9,42,0,1,0,2,170008,17,0,1,530.28,146707.13,56.0,3
1,0,9,42,0,1,0,2,50311,5,0,41,630.83,174843.11,56.0,2
1,0,9,3,0,2,1,2,60430,6,0,51,1476.63,529520.87,38.0,1
1,0,9,3,0,2,1,2,180143,18,0,19,1268.1,332640.41,38.0,3
1,0,9,3,0,2,1,2,120222,12,0,24,1306.75,334327.68,38.0,1
1,1,9,55,0,5,0,0,200192,20,0,21,954.87,229170.82,56.0,3
1,1,9,55,0,5,0,0,140267,14,0,29,1618.34,501471.56,56.0,1
1,1,9,55,0,5,0,0,90033,9,0,7,697.68,209895.78,56.0,2
1,1,9,55,0,5,0,0,30122,3,0,11,1283.1,348727.22,56.0,2
1,0,6,33,0,5,0,0,50145,5,0,19,819.72,254253.54,30.0,2
1,0,6,33,0,5,0,0,110030,11,0,3,1479.84,398527.61,30.0,1
1,0,6,33,0,5,0,0,160257,16,0,30,1024.75,318694.09,30.0,3
0,1,9,42,0,5,0,2,120108,12,0,13,1394.03,435919.77,58.0,0
0,1,9,42,0,5,0,2,60312,6,0,34,1353.81,367911.8,58.0,0
0,1,9,42,0,5,0,2,180023,18,0,3,524.48,180093.56,58.0,0
1,1,9,46,0,5,0,0,150191,15,0,23,1279.23,352169.27,56.0,1
1,1,9,46,0,5,0,0,90433,9,0,55,1182.51,295744.88,56.0,2
1,1,9,46,0,5,0,0,40009,4,1,1,1615.98,501520.52,56.0,1
1,1,9,55,0,4,0,0,40357,4,0,43,1616.99,502283.18,29.0,1
1,1,9,55,0,4,0,0,100249,10,1,30,1559.4,468935.42,29.0,1
1,1,9,55,0,4,0,0,160027,16,0,4,1561.55,517834.79,29.0,1
1,1,2,45,0,1,0,0,180399,18,1,45,1627.52,487865.86,62.0,1
1,1,2,45,0,1,0,0,130062,13,0,6,1240.96,273011.2,62.0,3
1,1,2,45,0,1,0,0,70213,7,0,24,852.99,229590.0,62.0,2
1,1,2,45,0,1,0,0,10238,1,1,27,725.12,219709.14,62.0,2
1,1,9,31,1,4,0,0,50247,5,0,32,1051.39,340611.95,68.0,2
1,1,9,31,1,4,0,0,110125,11,0,14,524.68,143800.0,68.0,3
1,1,9,31,1,4,0,0,160346,16,0,41,1001.72,262731.42,68.0,3
1,0,9,55,1,3,1,1,170321,17,0,39,1341.67,421709.56,67.0,1
1,0,9,55,1,3,1,1,60160,6,0,13,581.47,200926.35,67.0,2
1,0,9,55,1,3,1,1,110507,11,0,60,1295.04,365083.08,67.0,1
1,1,9,3,1,2,1,0,20016,2,0,2,788.72,251478.61,56.0,2
1,1,9,3,1,2,1,0,130267,13,0,31,627.57,179742.54,56.0,3
1,1,9,3,1,2,1,0,190007,19,1,3,1468.68,462830.35,56.0,1
1,1,9,3,1,2,1,0,70412,7,0,48,533.35,136888.93,56.0,2
1,1,9,1,1,4,1,2,180055,18,0,6,840.25,237460.8,56.0,3
1,1,9,1,1,4,1,2,60338,6,0,37,1721.96,576990.75,56.0,1
1,1,9,1,1,4,1,2,120135,12,1,16,1523.02,531861.15,56.0,1
1,0,9,46,0,5,0,2,30436,3,0,50,713.67,217307.23,56.0,2
1,0,9,46,0,5,0,2,150103,15,0,15,522.71,181197.22,56.0,3
1,0,9,46,0,5,0,2,90346,9,0,40,1090.32,274917.87,56.0,2
1,0,9,55,0,4,1,2,40092,4,1,12,789.38,253171.59,54.0,2
1,0,9,55,0,4,1,2,90525,9,0,59,1697.13,478022.04,54.0,1
1,0,9,55,0,4,1,2,150289,15,0,35,745.49,212067.21,54.0,3
0,1,9,49,0,4,1,0,80147,8,1,18,1328.53,413926.08,56.0,0
0,1,9,49,0,4,1,0,20257,2,0,29,1107.33,370056.74,56.0,0
0,1,9,49,0,4,1,0,130537,13,0,61,1333.63,372328.2,56.0,0
0,1,9,49,0,4,1,0,190270,19,0,31,1089.64,294188.66,56.0,0
1,1,9,18,0,5,1,0,10281,1,1,30,753.29,210189.54,76.0,2
1,1,9,18,0,5,1,0,70261,7,0,29,441.65,131583.82,76.0,2
1,1,9,18,0,5,1,0,180442,18,0,49,1457.92,431287.44,76.0,1
1,1,9,18,0,5,1,0,130106,13,0,13,585.77,195626.05,76.0,3
1,0,1,48,0,4,0,0,60088,6,0,7,1075.42,315829.36,50.0,2
1,0,1,48,0,4,0,0,170237,17,0,27,677.24,214837.5,50.0,3
1,0,1,48,0,4,0,0,110432,11,1,51,1318.98,454364.35,50.0,1
1,1,9,6,0,5,0,1,80252,8,0,31,1253.18,304765.28,31.0,2
1,1,9,6,0,5,0,1,20348,2,0,42,786.45,232997.81,31.0,2
1,1,9,6,0,5,0,1,140025,14,0,5,424.34,104911.93,31.0,3
1,1,9,6,0,5,0,1,190355,19,0,41,1657.19,503445.63,31.0,1
1,1,9,46,0,1,0,2,30088,3,0,9,1125.84,314372.82,32.0,2
1,1,9,46,0,1,0,2,200162,20,0,18,1868.01,577425.07,32.0,1
1,1,9,46,0,1,0,2,140237,14,1,27,1866.49,608264.77,32.0,1
1,1,9,46,0,1,0,2,80501,8,0,58,1448.59,501367.77,32.0,1
0,0,9,55,1,5,1,2,120210,12,1,23,1094.46,411845.93,59.0,0
0,0,9,55,1,5,1,2,60415,6,0,50,1579.99,433524.31,59.0,0
0,0,9,55,1,5,1,2,180133,18,0,17,1195.81,360530.43,59.0,0
1,1,9,3,0,3,1,0,200301,20,0,33,630.53,194243.69,56.0,3
1,1,9,3,0,3,1,0,90141,9,0,22,1115.88,358332.02,56.0,2
1,1,9,3,0,3,1,0,140371,14,0,45,1388.61,430285.43,56.0,1
1,1,9,3,0,3,1,0,30226,3,1,26,923.9,304707.65,56.0,2
1,0,9,42,1,4,0,2,90038,9,0,7,697.68,223777.94,70.0,2
1,0,9,42,1,4,0,2,30127,3,0,11,1283.1,378831.08,70.0,2
1,0,9,42,1,4,0,2,140271,14,0,30,1746.48,588343.01,70.0,1
1,0,9,42,1,4,0,2,200197,20,0,24,1188.07,388613.06,70.0,3
1,0,2,35,0,5,0,0,140261,14,0,29,1618.34,478344.13,33.0,1
1,0,2,35,0,5,0,0,200185,20,0,19,759.72,226302.61,33.0,3
1,0,2,35,0,5,0,0,90027,9,1,6,1821.59,498028.07,33.0,1
1,0,2,35,0,5,0,0,30116,3,0,10,784.09,237485.87,33.0,2
1,1,9,55,0,4,1,2,180115,18,0,15,1728.6,539864.09,78.0,1
1,1,9,55,0,4,1,2,60393,6,1,46,1870.54,553675.21,78.0,1
1,1,9,55,0,4,1,2,120188,12,0,21,1408.9,451859.26,78.0,1
1,1,8,25,0,3,0,2,90043,9,1,8,1315.55,411125.74,56.0,1
1,1,8,25,0,3,0,2,200203,20,0,24,1188.07,359309.12,56.0,3
1,1,8,25,0,3,0,2,140277,14,0,32,1120.81,367127.0,56.0,3
1,1,8,25,0,3,0,2,30132,3,0,12,657.47,179742.66,56.0,2
1,1,9,55,0,4,0,2,100374,10,0,43,1093.67,307958.64,56.0,2
1,1,9,55,0,4,0,2,50057,5,0,9,793.56,222487.81,56.0,2
1,1,9,55,0,4,0,2,160158,16,0,20,1096.33,315840.76,56.0,3
1,1,8,38,0,1,1,0,140372,14,1,45,1388.61,343689.96,63.0,1
1,1,8,38,0,1,1,0,200302,20,0,33,630.53,171040.21,63.0,3
1,1,8,38,0,1,1,0,90143,9,1,22,1115.88,344251.82,63.0,2
1,1,8,38,0,1,1,0,30228,3,0,26,923.9,290397.87,63.0,2
1,1,9,20,1,1,0,2,150042,15,0,6,938.57,278827.02,56.0,3
1,1,9,20,1,1,0,2,200447,20,0,50,493.06,160247.33,56.0,3
1,1,9,20,1,1,0,2,30375,3,0,46,1599.81,524650.21,56.0,1
1,1,9,20,1,1,0,2,90283,9,0,36,1582.79,479074.37,56.0,1
1,1,1,48,1,5,0,2,140015,14,0,4,1797.81,515152.93,56.0,1
1,1,1,48,1,5,0,2,80236,8,0,30,1070.46,294652.79,56.0,2
1,1,1,48,1,5,0,2,20338,2,1,41,654.93,216265.08,56.0,2
1,1,1,48,1,5,0,2,190345,19,0,40,893.49,290012.16,56.0,3
1,1,9,55,0,5,1,2,120352,12,0,38,1157.23,409994.99,56.0,1
1,1,9,55,0,5,1,2,10116,1,0,14,1181.69,400855.51,56.0,2
1,1,9,55,0,5,1,2,180268,18,0,31,945.46,300055.48,56.0,3
1,1,9,55,0,5,1,2,70093,7,0,13,604.6,190112.97,56.0,2
1,1,9,42,0,3,0,0,80372,8,0,45,1185.72,333845.19,56.0,2
1,1,9,42,0,3,0,0,20460,2,0,54,924.4,282193.58,56.0,2
1,1,9,42,0,3,0,0,200045,20,1,5,802.5,259576.23,56.0,3
1,1,9,42,0,3,0,0,140131,14,0,14,1628.68,505173.86,56.0,1
1,1,9,42,1,5,0,0,110294,11,0,36,1752.38,566711.76,56.0,1
1,1,9,42,1,5,0,0,50411,5,0,47,1241.14,433580.68,56.0,2
1,1,9,42,1,5,0,0,170112,17,0,13,916.9,253453.37,56.0,3
1,0,9,55,0,3,0,2,80254,8,0,31,1253.18,405445.85,76.0,1
1,0,9,55,0,3,0,2,20350,2,0,42,786.45,285608.1,76.0,2
1,0,9,55,0,3,0,2,140027,14,1,5,424.34,102745.33,76.0,3
1,0,9,55,0,3,0,2,190357,19,0,42,1137.59,340542.6,76.0,3
1,0,9,42,0,3,1,2,40149,4,1,18,1294.91,411474.59,56.0,2
1,0,9,42,0,3,1,2,150352,15,1,42,1298.37,471352.97,56.0,1
1,0,9,42,0,3,1,2,100051,10,0,5,1741.96,383231.2,56.0,1
1,1,9,20,0,2,0,2,60240,6,1,23,1243.4,492557.23,41.0,1
1,1,9,20,0,2,0,2,170404,17,0,48,1833.96,549422.32,41.0,1
1,1,9,20,0,2,0,2,120021,12,0,2,1285.87,343389.83,41.0,1
1,0,9,31,1,3,1,2,120020,12,0,2,1285.87,400405.25,56.0,1
1,0,9,31,1,3,1,2,60239,6,0,23,1243.4,359341.4,56.0,2
1,0,9,31,1,3,1,2,170403,17,0,48,1833.96,498128.56,56.0,1
1,0,9,55,1,4,0,0,10287,1,0,30,753.29,221063.07,33.0,2
1,0,9,55,1,4,0,0,180449,18,0,50,854.74,255654.13,33.0,3
1,0,9,55,1,4,0,0,70267,7,1,30,1237.23,348872.01,33.0,2
1,0,9,55,1,4,0,0,130113,13,0,14,777.75,218454.43,33.0,3
1,0,9,18,0,1,1,2,20384,2,0,46,697.74,191398.42,56.0,2
1,0,9,18,0,1,1,2,80286,8,0,33,1809.87,568415.25,56.0,1
1,0,9,18,0,1,1,2,190391,19,0,44,982.8,234480.31,56.0,3
1,0,9,18,0,1,1,2,140060,14,0,8,618.89,157537.5,56.0,3
1,1,9,1,0,4,1,2,80440,8,1,52,559.73,168349.69,56.0,2
1,1,9,1,0,4,1,2,200107,20,0,14,837.37,252186.35,56.0,3
1,1,9,1,0,4,1,2,30017,3,0,1,689.75,196425.12,56.0,2
1,1,9,1,0,4,1,2,140179,14,1,19,1554.83,484864.24,56.0,1
1,1,9,46,0,5,1,2,110256,11,0,30,642.72,220468.16,56.0,3
1,1,9,46,0,5,1,2,50376,5,0,46,1272.95,371545.46,56.0,2
1,1,9,46,0,5,1,2,170069,17,0,9,1505.53,431674.94,56.0,1
1,1,9,29,0,4,1,1,170067,17,0,9,1505.53,455786.14,56.0,1
1,1,9,29,0,4,1,1,110254,11,0,30,642.72,202392.01,56.0,3
1,1,9,29,0,4,1,1,50374,5,0,45,608.89,180409.23,56.0,2
1,0,9,7,0,1,1,0,50359,5,0,44,806.03,252835.34,56.0,2
1,0,9,7,0,1,1,0,110240,11,0,29,993.51,295715.19,56.0,3
1,0,9,7,0,1,1,0,170052,17,0,7,1300.91,364977.97,56.0,3
